0 0 2.73e-07 7.3e-08 
1 1 4.604e-06 2.58e-07 
2 2 1.123e-05 2.8e-07 
3 2 1.115e-05 1.34e-07 
4 2 7.433e-06 8.4e-08 
5 2 7.072e-06 1.58e-07 
6 3 1.4131e-05 1.97e-07 
7 3 1.5917e-05 1.09e-07 
8 3 1.2783e-05 6.3e-08 
9 3 1.161e-05 3.15e-07 
10 4 2.3646e-05 3.33e-07 
11 3 1.5177e-05 1.91e-07 
12 3 1.2977e-05 1.7e-07 
13 3 1.6253e-05 1.35e-07 
14 4 1.6955e-05 1.41e-07 
15 4 2.0141e-05 3.35e-07 
16 3 1.4836e-05 4.4e-07 
17 3 1.0663e-05 2.39e-07 
18 4 1.2492e-05 3.35e-07 
19 4 2.0938e-05 1.06e-07 
20 3 1.0704e-05 9.2e-08 
21 3 8.833e-06 1.8e-07 
22 4 1.3348e-05 7e-08 
23 4 1.5647e-05 2.55e-07 
24 3 1.1538e-05 1.66e-07 
25 3 9.698e-06 5.4e-08 
26 4 1.1615e-05 1.34e-07 
27 4 1.5856e-05 5.3e-08 
28 3 9.255e-06 6.8e-08 
29 3 8.058e-06 1.9e-07 
30 4 1.4115e-05 5.9e-08 
31 4 1.497e-05 1.36e-07 
32 3 8.815e-06 1.97e-07 
33 3 1.0118e-05 2.04e-07 
34 4 1.2362e-05 1.01e-07 
35 4 1.6709e-05 2.58e-07 
36 3 1.0182e-05 1.87e-07 
37 3 9.012e-06 2.15e-07 
38 4 1.4373e-05 2.11e-07 
39 4 1.3948e-05 6.4e-08 
40 3 8.471e-06 2.23e-07 
41 3 1.0741e-05 1.98e-07 
42 4 1.3187e-05 1.24e-07 
43 4 1.5056e-05 9.3e-08 
44 3 1.3238e-05 7.6e-08 
45 3 8.938e-06 5.9e-08 
46 4 1.415e-05 2.64e-07 
47 4 1.628e-05 2.09e-07 
48 3 9.853e-06 6.6e-08 
49 3 7.974e-06 1.84e-07 
50 4 1.368e-05 2.13e-07 
51 4 1.5177e-05 5.2e-08 
52 3 8.47e-06 1.1e-07 
53 3 7.794e-06 8.3e-08 
54 4 1.112e-05 7.2e-08 
55 4 1.2952e-05 6.6e-08 
56 3 8.315e-06 6.2e-08 
57 3 1.248e-05 5.4e-08 
58 4 1.0959e-05 2.2e-07 
59 4 1.8728e-05 1.77e-07 
60 3 1.113e-05 5.6e-08 
61 3 8.477e-06 3.15e-07 
62 4 2.536e-05 4.43e-07 
63 4 2.6302e-05 1.78e-07 
64 4 1.7734e-05 7e-08 
65 3 8.977e-06 7.4e-08 
66 4 1.2352e-05 2.79e-07 
67 4 1.6927e-05 2.03e-07 
68 4 1.8332e-05 6.6e-08 
69 3 8.959e-06 2.42e-07 
70 4 1.8866e-05 8.1e-07 
71 4 4.2522e-05 7.7e-08 
72 3 1.2818e-05 2.23e-07 
73 3 1.044e-05 2.48e-07 
74 4 1.463e-05 2.3e-07 
75 3 1.0493e-05 5.8e-08 
76 4 1.5301e-05 2.12e-07 
77 3 1.0115e-05 1.27e-07 
78 4 1.4098e-05 8.3e-08 
79 3 9.257e-06 5.8e-08 
80 4 1.6365e-05 5e-08 
81 3 8.517e-06 8.7e-08 
82 4 1.1771e-05 1.11e-07 
83 4 1.636e-05 5.2e-08 
84 4 1.6859e-05 2.91e-07 
85 3 1.247e-05 2.11e-07 
86 4 1.3759e-05 5.3e-08 
87 4 1.6296e-05 1.67e-07 
88 4 3.608e-05 7.83e-07 
89 3 3.1986e-05 1.46e-07 
90 4 1.7625e-05 4.72e-07 
91 4 3.784e-05 2.86e-07 
92 4 3.8052e-05 2.07e-07 
93 3 2.3647e-05 2.16e-07 
94 4 3.657e-05 7.94e-07 
95 4 4.5688e-05 3.92e-07 
96 4 3.7915e-05 2.32e-07 
97 3 2.3942e-05 2.44e-07 
98 4 3.5052e-05 2.23e-07 
99 4 4.2397e-05 1.41e-07 
100 4 3.6016e-05 1.74e-07 
101 3 2.3122e-05 2.36e-07 
102 4 3.5468e-05 5.93e-07 
103 4 3.2703e-05 2.06e-07 
104 4 1.5551e-05 5.3e-08 
105 3 8.271e-06 2.46e-07 
106 4 1.3313e-05 9.8e-08 
107 4 1.557e-05 6e-08 
108 3 9.711e-06 2.63e-07 
109 3 1.0845e-05 8.8e-08 
110 4 1.7491e-05 5.59e-07 
111 4 3.4717e-05 2.7e-07 
112 3 1.4495e-05 1.2e-07 
113 3 1.1534e-05 1.84e-07 
114 4 1.5498e-05 1.9e-07 
115 4 1.8397e-05 2.22e-07 
116 4 2.2283e-05 2.33e-07 
117 3 1.1078e-05 2.11e-07 
118 4 1.4988e-05 4.49e-07 
119 4 3.6883e-05 1.15e-07 
120 4 1.5237e-05 6.3e-08 
121 4 1.7028e-05 6e-08 
122 4 1.1801e-05 5.1e-08 
123 4 1.4422e-05 5.8e-08 
124 4 1.4638e-05 8.3e-08 
125 4 1.7026e-05 6.6e-08 
126 4 1.0701e-05 4.23e-07 
127 4 1.8177e-05 5e-08 
128 4 1.4084e-05 4.7e-08 
129 4 1.7239e-05 1.49e-07 
130 5 2.0135e-05 1.77e-07 
131 4 3.0174e-05 1.94e-07 
132 4 2.0484e-05 5.9e-08 
133 4 1.7481e-05 2.82e-07 
134 5 2.0426e-05 1.95e-07 
135 4 1.6031e-05 2.44e-07 
136 4 1.8617e-05 1.78e-07 
137 4 1.6481e-05 1.65e-07 
138 5 1.978e-05 1.08e-07 
139 4 1.6209e-05 2.02e-07 
140 3 1.0444e-05 6.9e-08 
141 4 1.5435e-05 1.55e-07 
142 5 2.0718e-05 9.2e-08 
143 4 1.6018e-05 5.8e-08 
144 3 9.577e-06 7.6e-08 
145 4 1.6703e-05 5.43e-07 
146 5 2.3375e-05 2.23e-07 
147 4 1.7501e-05 1.68e-07 
148 4 1.5019e-05 6.4e-08 
149 4 1.7562e-05 5.1e-08 
150 5 1.8217e-05 6.9e-08 
151 4 1.6017e-05 2.31e-07 
152 4 1.8537e-05 2.49e-07 
153 4 1.738e-05 9.2e-08 
154 5 1.9831e-05 1.79e-07 
155 4 1.6194e-05 7.8e-08 
156 4 1.6579e-05 5.2e-08 
157 4 1.5495e-05 5.1e-08 
158 5 1.7321e-05 7e-08 
159 4 1.4616e-05 2.74e-07 
160 4 2.0411e-05 2.28e-07 
161 4 1.7823e-05 6.5e-08 
162 5 1.7577e-05 4.24e-07 
163 4 1.9149e-05 6.2e-08 
164 4 1.6142e-05 7.4e-08 
165 4 1.5414e-05 2.83e-07 
166 5 1.9257e-05 1.08e-07 
167 4 1.7253e-05 4.9e-08 
168 4 1.5357e-05 1.81e-07 
169 3 9.494e-06 6.9e-08 
170 5 1.6388e-05 1.44e-07 
171 4 1.6734e-05 2.18e-07 
172 4 1.6838e-05 5.2e-08 
173 3 8.16e-06 6.7e-08 
174 5 1.7683e-05 7.3e-08 
175 4 1.6469e-05 1.37e-07 
176 4 1.5824e-05 6.5e-08 
177 3 7.795e-06 7.8e-08 
178 5 1.7584e-05 1.4e-07 
179 4 1.7414e-05 5e-08 
180 4 1.4477e-05 2.42e-07 
181 4 1.904e-05 1.61e-07 
182 5 1.953e-05 2.62e-07 
183 4 1.8218e-05 1.99e-07 
184 4 1.915e-05 1.98e-07 
185 4 1.7614e-05 1.69e-07 
186 5 1.7767e-05 1.16e-07 
187 4 1.4115e-05 2.4e-07 
188 4 1.6368e-05 1.76e-07 
189 4 1.743e-05 1.75e-07 
190 5 1.9879e-05 2.68e-07 
191 4 1.5391e-05 5e-08 
192 4 1.5521e-05 1.9e-07 
193 4 1.6976e-05 1.68e-07 
194 5 1.7599e-05 1.09e-07 
195 4 1.6158e-05 5.9e-08 
196 4 1.5095e-05 2.46e-07 
197 4 1.9822e-05 1.75e-07 
198 5 1.8593e-05 1.98e-07 
199 4 3.2974e-05 1.93e-07 
200 4 1.8621e-05 1.64e-07 
201 4 1.7015e-05 7.6e-08 
202 5 1.7437e-05 9.1e-08 
203 4 1.4859e-05 2.18e-07 
204 4 1.8244e-05 1.17e-07 
205 4 1.8672e-05 2.24e-07 
206 5 2.0185e-05 1.09e-07 
207 4 1.5195e-05 2.33e-07 
208 4 1.9996e-05 2.28e-07 
209 4 1.8697e-05 1.91e-07 
210 5 2.0689e-05 2.55e-07 
211 4 2.1354e-05 6.2e-08 
212 4 1.7958e-05 5.4e-08 
213 4 1.8187e-05 1.69e-07 
214 5 1.855e-05 8.2e-08 
215 5 2.5181e-05 9.4e-08 
216 4 1.4769e-05 2.44e-07 
217 4 1.6936e-05 6e-08 
218 5 1.737e-05 2.55e-07 
219 4 1.6683e-05 6.6e-08 
220 4 1.6114e-05 2.19e-07 
221 4 2.1933e-05 3.47e-07 
222 5 2.0894e-05 2.26e-07 
223 4 1.6621e-05 1.64e-07 
224 4 1.6377e-05 4.64e-07 
225 4 2.0248e-05 9.4e-08 
226 5 1.7721e-05 2.81e-07 
227 4 2.037e-05 6.5e-08 
228 4 1.5661e-05 7.1e-08 
229 4 1.5081e-05 1.73e-07 
230 5 1.8165e-05 8.7e-08 
231 5 2.489e-05 2.65e-07 
232 4 1.9851e-05 2.42e-07 
233 4 1.6958e-05 1.88e-07 
234 5 1.7963e-05 2.56e-07 
235 4 1.6292e-05 7.3e-08 
236 4 1.6118e-05 1.83e-07 
237 4 1.6254e-05 2.95e-07 
238 5 1.9325e-05 2.36e-07 
239 4 1.6384e-05 2.15e-07 
240 4 1.7107e-05 6.6e-08 
241 3 8.196e-06 2.49e-07 
242 5 1.8877e-05 2.77e-07 
243 4 1.9972e-05 1.76e-07 
244 4 1.6856e-05 1.72e-07 
245 3 9.115e-06 9.7e-08 
246 5 1.8082e-05 7.7e-08 
247 5 2.7784e-05 4.02e-07 
248 4 1.8651e-05 9.7e-08 
249 4 1.629e-05 6.6e-08 
250 5 2.1769e-05 2.25e-07 
251 4 1.5756e-05 5.3e-08 
252 4 1.5955e-05 2.15e-07 
253 4 1.9089e-05 4.9e-08 
254 5 1.8877e-05 1.2e-07 
255 4 1.4613e-05 1.69e-07 
256 4 1.7379e-05 5.1e-08 
257 4 1.7282e-05 6.5e-08 
258 5 1.8256e-05 3.1e-07 
259 5 4.1021e-05 6.51e-07 
260 4 3.3991e-05 5.3e-08 
261 4 1.8264e-05 2.76e-07 
262 5 2.3884e-05 2.97e-07 
263 5 2.4813e-05 8.6e-08 
264 4 1.5879e-05 2.5e-07 
265 4 1.8217e-05 1.16e-07 
266 5 1.8255e-05 2.79e-07 
267 4 1.7277e-05 6.5e-08 
268 4 1.5168e-05 1.99e-07 
269 4 1.9023e-05 1.62e-07 
270 5 1.9339e-05 1.13e-07 
271 4 1.5106e-05 2.07e-07 
272 4 2.5226e-05 3.73e-07 
273 4 3.1367e-05 2.25e-07 
274 5 5.8826e-05 1.534e-06 
275 5 8.0325e-05 3.23e-07 
276 4 2.1089e-05 1.21e-07 
277 4 1.9368e-05 8.9e-08 
278 5 2.6665e-05 1.06e-07 
279 5 3.386e-05 2.08e-06 
280 4 8.3375e-05 1.161e-06 
281 5 7.7151e-05 6.69e-07 
282 5 3.4239e-05 6.1e-07 
283 4 3.1156e-05 3.55e-07 
284 4 3.0135e-05 5.41e-07 
285 4 4.9511e-05 2.85e-07 
286 5 0.000157348 4.14e-07 
287 4 2.9336e-05 2.89e-07 
288 4 3.0684e-05 7.2e-08 
289 4 2.3941e-05 7.9e-08 
290 5 3.2585e-05 1.37e-07 
291 5 3.3215e-05 7.95e-07 
292 4 2.5132e-05 2.01e-07 
293 5 2.9585e-05 4.65e-07 
294 5 2.7881e-05 1.08e-07 
295 5 3.0829e-05 1.44e-07 
296 4 2.0414e-05 3.85e-07 
297 4 4.1743e-05 1.01e-07 
298 5 2.6446e-05 1.61e-07 
299 4 2.1606e-05 6.4e-08 
300 4 1.916e-05 7.9e-08 
301 4 3.522e-05 8.7e-08 
302 5 2.3049e-05 1.5e-07 
303 4 1.9804e-05 1.49e-07 
304 4 3.163e-05 1.5e-07 
305 4 2.9227e-05 7.82e-07 
306 5 3.2501e-05 8.7e-08 
307 5 2.7614e-05 7.8e-08 
308 4 1.8677e-05 6.7e-08 
309 4 2.0456e-05 3.46e-07 
310 6 3.145e-05 3.52e-07 
311 5 2.7378e-05 3.45e-07 
312 4 1.8446e-05 3.45e-07 
313 4 2.0635e-05 2.73e-07 
314 5 2.6204e-05 1.99e-07 
315 4 2.0907e-05 1.19e-07 
316 4 2.1665e-05 3.4e-07 
317 4 2.3987e-05 4.89e-07 
318 5 2.4821e-05 3.59e-07 
319 4 2.2606e-05 7.32e-07 
320 4 1.9868e-05 3.34e-07 
321 4 2.1417e-05 1.85e-07 
322 5 2.902e-05 2.58e-07 
323 5 4.1035e-05 9.5e-08 
324 4 1.7587e-05 4.41e-07 
325 4 2.1298e-05 2.06e-07 
326 5 2.4395e-05 2.64e-07 
327 5 2.9132e-05 2.15e-07 
328 4 1.688e-05 1.3e-07 
329 4 1.7591e-05 1.86e-07 
330 5 2.0209e-05 9.1e-08 
331 4 1.5103e-05 7.2e-08 
332 4 1.589e-05 6.6e-08 
333 4 1.6611e-05 4.9e-08 
334 5 1.6301e-05 1.01e-07 
335 4 1.5364e-05 6.6e-08 
336 4 1.5438e-05 1.26e-07 
337 4 1.6886e-05 2.53e-07 
338 5 2.358e-05 1.82e-07 
339 5 3.8283e-05 7.01e-07 
340 4 3.0251e-05 1.3e-07 
341 4 2.6857e-05 2.9e-07 
342 5 2.2002e-05 2.55e-07 
343 5 2.5255e-05 9e-08 
344 4 1.5837e-05 4e-07 
345 4 1.9185e-05 2.48e-07 
346 6 2.6426e-05 1.2e-07 
347 4 1.54e-05 4.59e-07 
348 4 1.8151e-05 5.6e-08 
349 4 1.7659e-05 2.08e-07 
350 5 1.7786e-05 9.8e-08 
351 4 1.5723e-05 2.84e-07 
352 4 1.7958e-05 5e-08 
353 4 1.5971e-05 6.8e-08 
354 5 1.7634e-05 4.45e-07 
355 5 2.5663e-05 1.64e-07 
356 4 1.7639e-05 2.05e-07 
357 4 1.7808e-05 8.4e-08 
358 3 9.074e-06 8e-08 
359 5 2.494e-05 1.04e-07 
360 4 1.877e-05 5.6e-08 
361 4 1.5351e-05 3.26e-07 
362 4 1.57e-05 1.86e-07 
363 4 1.6255e-05 1.59e-07 
364 4 1.8151e-05 5.2e-08 
365 4 1.6122e-05 6.6e-08 
366 4 1.3604e-05 8.2e-08 
367 5 2.4331e-05 9.5e-08 
368 4 1.5364e-05 4.9e-08 
369 4 1.4905e-05 8.3e-08 
370 4 1.6345e-05 7.8e-08 
371 5 4.1617e-05 1.28e-07 
372 4 1.8483e-05 7.9e-08 
373 4 1.6428e-05 6.6e-08 
374 4 1.1823e-05 5.8e-08 
375 5 2.4308e-05 6.7e-08 
376 4 1.4735e-05 5.3e-08 
377 4 1.4467e-05 6.7e-08 
378 4 1.1322e-05 5.2e-08 
379 4 1.4652e-05 7.6e-08 
380 4 1.6336e-05 5.9e-08 
381 4 1.5593e-05 5.8e-08 
382 4 1.5675e-05 4.69e-07 
383 5 3.121e-05 8e-08 
384 4 1.7957e-05 7.9e-08 
385 4 2.2266e-05 6.4e-08 
386 4 1.7109e-05 7.7e-08 
387 5 2.2528e-05 8.4e-08 
388 4 2.2927e-05 3e-07 
389 4 2.2921e-05 2.04e-07 
390 4 1.4902e-05 1.97e-07 
391 5 2.4955e-05 2.11e-07 
392 4 1.7914e-05 1.03e-07 
393 4 1.7885e-05 8.7e-08 
394 4 1.2301e-05 2.22e-07 
395 4 1.7281e-05 2.16e-07 
396 4 1.8957e-05 1.59e-07 
397 4 1.8905e-05 2.42e-07 
398 4 1.2173e-05 9.9e-08 
399 5 2.093e-05 1.57e-07 
400 4 1.523e-05 2.97e-07 
401 4 1.8274e-05 5.3e-08 
402 4 1.0745e-05 7e-08 
403 5 2.3311e-05 1.96e-07 
404 4 1.5439e-05 1.22e-07 
405 4 2.0738e-05 5.1e-08 
406 4 1.1825e-05 6.7e-08 
407 5 2.2825e-05 2.89e-07 
408 4 1.7867e-05 1.72e-07 
409 4 1.6265e-05 1.62e-07 
410 4 1.2087e-05 2e-07 
411 5 2.3234e-05 2.18e-07 
412 4 1.5291e-05 7.8e-08 
413 5 2.5622e-05 2.69e-07 
414 4 1.4665e-05 1.72e-07 
415 5 2.4411e-05 8.3e-08 
416 4 1.6025e-05 2.49e-07 
417 4 1.7652e-05 2.29e-07 
418 4 1.3001e-05 1.02e-07 
419 5 2.6359e-05 2.38e-07 
420 4 1.8626e-05 8e-08 
421 4 1.6432e-05 2.9e-07 
422 4 1.4876e-05 6.5e-08 
423 5 2.3536e-05 3.59e-07 
424 4 1.8614e-05 2.03e-07 
425 5 2.7072e-05 9.3e-08 
426 4 1.3605e-05 8.6e-08 
427 5 2.3634e-05 1.17e-07 
428 4 1.7945e-05 2.39e-07 
429 4 1.9174e-05 5.7e-08 
430 4 1.2617e-05 2.48e-07 
431 5 2.5249e-05 8.4e-08 
432 4 1.5051e-05 2.48e-07 
433 4 1.8062e-05 1.72e-07 
434 5 1.7977e-05 2.7e-07 
435 5 2.5513e-05 2.65e-07 
436 4 1.8272e-05 1.83e-07 
437 4 1.616e-05 1.85e-07 
438 5 1.9264e-05 2.13e-07 
439 5 2.4728e-05 2.01e-07 
440 4 1.85e-05 6.5e-08 
441 4 1.5712e-05 2.61e-07 
442 5 1.9376e-05 9.9e-08 
443 5 2.2694e-05 8.2e-08 
444 4 1.5634e-05 5.2e-08 
445 4 1.5723e-05 1.04e-07 
446 5 1.624e-05 3.59e-07 
447 5 2.4169e-05 2.59e-07 
448 4 1.6432e-05 1.93e-07 
449 4 1.6728e-05 1.98e-07 
450 5 2.1253e-05 2.92e-07 
451 5 2.5236e-05 2.25e-07 
452 4 1.5628e-05 2.23e-07 
453 4 1.8656e-05 1.83e-07 
454 5 1.8517e-05 1.85e-07 
455 5 2.4633e-05 1.3e-07 
456 4 1.5765e-05 2.43e-07 
457 4 1.9138e-05 2.92e-07 
458 5 2.0859e-05 2.36e-07 
459 5 2.2661e-05 1.01e-07 
460 4 1.6246e-05 1.31e-07 
461 4 1.7505e-05 2.41e-07 
462 5 2.1238e-05 2.23e-07 
463 5 2.167e-05 6.8e-08 
464 4 1.6125e-05 6.5e-08 
465 4 1.5427e-05 5.2e-08 
466 5 1.8863e-05 8.5e-08 
467 5 2.4435e-05 8.3e-08 
468 4 1.771e-05 6.3e-08 
469 4 1.6102e-05 6.2e-08 
470 5 3.2952e-05 7.7e-08 
471 5 2.4928e-05 9.9e-08 
472 4 1.5469e-05 8.8e-08 
473 4 3.4472e-05 5.97e-07 
474 5 2.4503e-05 8.7e-08 
475 5 2.2428e-05 4.79e-07 
476 4 1.8384e-05 1.91e-07 
477 4 1.754e-05 5e-08 
478 5 1.6544e-05 3.36e-07 
479 5 2.3633e-05 3.88e-07 
480 4 1.834e-05 8.1e-08 
481 4 1.6154e-05 2.3e-07 
482 5 2.0008e-05 2.41e-07 
483 5 2.5345e-05 2.25e-07 
484 4 1.6035e-05 2.08e-07 
485 4 1.6182e-05 1.19e-07 
486 5 1.6584e-05 8.5e-08 
487 5 2.5248e-05 2.57e-07 
488 4 1.6616e-05 2.16e-07 
489 4 1.7908e-05 1.66e-07 
490 5 1.9199e-05 2.13e-07 
491 5 2.2238e-05 1.43e-07 
492 4 1.7728e-05 1.74e-07 
493 4 1.7347e-05 1.71e-07 
494 5 1.7992e-05 2.55e-07 
495 5 2.4733e-05 2.1e-07 
496 4 1.6466e-05 6.2e-08 
497 4 1.5324e-05 5.2e-08 
498 5 1.8433e-05 3.59e-07 
499 5 2.8061e-05 3.51e-07 
500 5 2.5432e-05 3.47e-07 
501 4 1.6285e-05 8.2e-08 
502 5 1.7697e-05 7.4e-08 
503 5 2.382e-05 3.88e-07 
504 4 1.6667e-05 2.62e-07 
505 4 1.5725e-05 4.9e-08 
506 5 1.8363e-05 2.68e-07 
507 5 2.219e-05 2.53e-07 
508 4 1.5593e-05 6.1e-08 
509 4 1.4933e-05 7.6e-08 
510 5 1.6814e-05 2.47e-07 
511 5 2.424e-05 3.61e-07 
512 4 1.8125e-05 2.53e-07 
513 4 1.7142e-05 7.4e-08 
514 5 1.68e-05 2.55e-07 
515 5 2.4026e-05 4.1e-07 
516 4 1.9811e-05 6.8e-08 
517 4 1.7482e-05 2.59e-07 
518 5 1.8364e-05 2.51e-07 
519 5 2.5268e-05 4.15e-07 
520 4 1.6757e-05 1.94e-07 
521 4 2.0628e-05 1.62e-07 
522 5 1.892e-05 2.18e-07 
523 5 2.1256e-05 1.92e-07 
524 4 1.635e-05 2.08e-07 
525 4 1.7934e-05 2.01e-07 
526 5 1.7891e-05 9.6e-08 
527 5 2.2313e-05 2.46e-07 
528 4 1.5851e-05 8.5e-08 
529 4 1.6327e-05 6.1e-08 
530 5 1.8401e-05 3.23e-07 
531 5 2.4042e-05 8.2e-08 
532 4 1.5825e-05 6e-08 
533 4 1.7017e-05 8.6e-08 
534 5 1.7002e-05 6e-08 
535 5 2.2965e-05 6.6e-08 
536 4 1.6383e-05 4.8e-08 
537 4 1.7169e-05 8.7e-08 
538 5 1.7892e-05 7.7e-08 
539 5 2.263e-05 9.8e-08 
540 4 1.746e-05 7.8e-08 
541 4 1.564e-05 3.08e-07 
542 5 1.9897e-05 1.496e-06 
543 5 3.3988e-05 1.05e-07 
544 4 1.6443e-05 1.1e-07 
545 5 2.2473e-05 3.18e-07 
546 5 2.2029e-05 2.19e-07 
547 5 2.7658e-05 2.97e-07 
548 4 1.6279e-05 7.4e-08 
549 4 1.4908e-05 2.17e-07 
550 5 1.7638e-05 9.9e-08 
551 5 2.3942e-05 5.6e-08 
552 4 1.4925e-05 6.2e-08 
553 4 1.5454e-05 3.17e-07 
554 5 2.011e-05 1.89e-07 
555 5 2.3141e-05 2.14e-07 
556 4 1.6879e-05 6.4e-08 
557 5 2.0339e-05 7.7e-08 
558 5 0.000121593 9.92e-07 
559 5 2.9589e-05 2.64e-07 
560 4 1.7077e-05 1.85e-07 
561 4 1.76e-05 1.78e-07 
562 5 1.8122e-05 6.7e-08 
563 5 2.5707e-05 2.27e-07 
564 4 1.6831e-05 2.3e-07 
565 4 1.5491e-05 1.88e-07 
566 5 1.819e-05 7.4e-08 
567 5 2.5095e-05 3.13e-07 
568 4 1.4157e-05 2.63e-07 
569 4 3.757e-05 1.46e-07 
570 5 2.0756e-05 4.32e-07 
571 5 2.516e-05 3.26e-07 
572 4 1.8141e-05 3.57e-07 
573 4 1.7875e-05 2.2e-07 
574 5 1.8905e-05 2.97e-07 
575 5 2.4255e-05 2.68e-07 
576 5 2.297e-05 9.7e-08 
577 4 1.8836e-05 1.92e-07 
578 5 1.9905e-05 2.58e-07 
579 5 2.6303e-05 5.01e-07 
580 4 1.8352e-05 1.82e-07 
581 4 1.6427e-05 7.7e-08 
582 5 1.7041e-05 3.2e-07 
583 5 2.617e-05 4.16e-07 
584 4 1.6217e-05 4.12e-07 
585 4 1.9933e-05 8.6e-08 
586 5 1.7743e-05 1.06e-07 
587 5 2.1018e-05 1.789e-06 
588 4 2.1985e-05 2.06e-07 
589 4 1.8439e-05 7.1e-08 
590 5 1.8561e-05 1.31e-07 
591 5 2.3695e-05 1.57e-07 
592 4 1.6759e-05 6e-08 
593 4 1.5998e-05 7.3e-08 
594 5 1.6717e-05 7.8e-08 
595 5 2.4437e-05 8.3e-08 
596 4 1.4929e-05 3.13e-07 
597 4 1.6692e-05 6.1e-08 
598 5 1.6853e-05 1.22e-07 
599 5 2.3861e-05 1.19e-07 
600 4 1.5926e-05 2.52e-07 
601 4 2.0719e-05 1.85e-07 
602 5 1.9123e-05 2.2e-07 
603 5 2.4445e-05 2.39e-07 
604 4 1.5207e-05 1.83e-07 
605 4 1.6258e-05 9.6e-08 
606 5 1.7797e-05 2.07e-07 
607 5 2.2579e-05 2.95e-07 
608 4 1.9472e-05 8.5e-08 
609 4 1.6942e-05 2.4e-07 
610 5 1.8961e-05 3.44e-07 
611 5 2.5029e-05 1.92e-07 
612 4 1.7142e-05 1.99e-07 
613 4 1.6785e-05 7.8e-08 
614 5 1.8619e-05 1.17e-07 
615 5 2.449e-05 5.9e-08 
616 4 1.6926e-05 7.9e-08 
617 4 1.5668e-05 8.5e-08 
618 5 1.8786e-05 1.62e-07 
619 5 2.0192e-05 9.4e-08 
620 4 1.6392e-05 6.2e-08 
621 4 1.6127e-05 8.6e-08 
622 5 1.6302e-05 8.51e-07 
623 5 2.4058e-05 3.08e-07 
624 4 1.622e-05 2.19e-07 
625 4 1.5905e-05 1.97e-07 
626 5 1.7441e-05 9.1e-08 
627 5 2.3512e-05 5.9e-08 
628 4 1.4652e-05 2.52e-07 
629 4 1.7187e-05 1.01e-07 
630 5 1.6508e-05 2.9e-07 
631 6 3.2203e-05 1.4e-07 
632 4 1.6101e-05 2.76e-07 
633 4 1.7673e-05 6.5e-08 
634 5 1.6848e-05 9.6e-08 
635 5 2.1339e-05 1.22e-07 
636 4 1.5269e-05 8.4e-08 
637 4 1.4106e-05 9.3e-08 
638 5 1.6219e-05 9.2e-08 
639 6 2.7976e-05 1.49e-07 
640 4 1.4716e-05 9.1e-08 
641 4 3.1892e-05 7.9e-08 
642 5 1.7822e-05 3.67e-07 
643 5 2.3845e-05 1.79e-07 
644 4 1.3731e-05 2.63e-07 
645 4 1.783e-05 1.24e-07 
646 5 1.738e-05 6.9e-08 
647 5 2.2837e-05 6.4e-08 
648 4 1.5295e-05 7.3e-08 
649 4 1.7543e-05 7.7e-08 
650 5 1.7262e-05 9.9e-08 
651 5 2.3188e-05 8.2e-08 
652 5 2.1698e-05 1.05e-07 
653 4 1.7481e-05 1.11e-07 
654 5 1.6988e-05 3.69e-07 
655 5 2.2477e-05 1.46e-07 
656 4 1.4957e-05 2.16e-07 
657 4 1.9176e-05 8.6e-08 
658 5 1.6748e-05 1.3e-07 
659 5 2.1767e-05 2.98e-07 
660 4 1.6501e-05 8.5e-08 
661 4 1.7632e-05 2.24e-07 
662 5 1.9169e-05 8.9e-08 
663 5 2.2874e-05 6.1e-08 
664 4 1.6208e-05 6e-08 
665 4 1.7148e-05 6.2e-08 
666 5 1.7463e-05 4.47e-07 
667 5 2.4308e-05 2.44e-07 
668 4 1.8466e-05 2.12e-07 
669 4 1.6969e-05 5.2e-08 
670 5 1.6403e-05 1.11e-07 
671 5 0.000184345 4.49e-07 
672 4 2.1677e-05 1.84e-07 
673 4 1.8178e-05 7.4e-08 
674 5 2.2069e-05 2.98e-07 
675 5 2.401e-05 2.67e-07 
676 4 1.8491e-05 6.7e-08 
677 5 2.6543e-05 4.02e-07 
678 5 1.9626e-05 2.28e-07 
679 5 2.4845e-05 1.68e-07 
680 4 1.6025e-05 5.7e-08 
681 4 1.7972e-05 2e-07 
682 5 1.8782e-05 1.09e-07 
683 5 1.9653e-05 1.04e-07 
684 4 1.5463e-05 2.13e-07 
685 4 1.7318e-05 2.23e-07 
686 5 1.834e-05 9.4e-08 
687 5 1.9373e-05 6.8e-08 
688 4 1.5454e-05 2.61e-07 
689 5 2.3486e-05 2.18e-07 
690 5 1.9184e-05 2.14e-07 
691 5 2.3844e-05 2.65e-07 
692 4 1.6573e-05 2.71e-07 
693 4 1.7734e-05 2.09e-07 
694 5 3.4056e-05 2.34e-07 
695 3 1.0068e-05 1.02e-07 
696 4 1.6538e-05 4.9e-08 
697 4 1.452e-05 2.33e-07 
698 5 1.9768e-05 9.3e-08 
699 5 2.2856e-05 1.02e-07 
700 4 1.5526e-05 2.35e-07 
701 4 1.5669e-05 2.79e-07 
702 5 1.9028e-05 2.13e-07 
703 5 2.0708e-05 2.03e-07 
704 4 1.6969e-05 5.1e-08 
705 4 2.8948e-05 6e-08 
706 5 1.7388e-05 1.01e-07 
707 5 2.1567e-05 3.95e-07 
708 4 1.8106e-05 1.03e-07 
709 4 2.5299e-05 2.74e-07 
710 5 2.287e-05 1.29e-07 
711 5 2.1962e-05 2.63e-07 
712 4 1.8103e-05 2.4e-07 
713 4 1.6173e-05 5.2e-08 
714 5 1.6238e-05 7.6e-08 
715 4 1.6123e-05 2.6e-07 
716 4 1.7822e-05 2.23e-07 
717 4 1.8093e-05 1.71e-07 
718 5 2.2057e-05 2.02e-07 
719 5 2.3264e-05 2.41e-07 
720 4 1.5194e-05 1.63e-07 
721 4 1.569e-05 5.8e-08 
722 5 1.8875e-05 4.16e-07 
723 5 2.1452e-05 2.81e-07 
724 4 1.5974e-05 1.74e-07 
725 4 1.7465e-05 5.1e-08 
726 5 4.8023e-05 3.31e-07 
727 5 2.3265e-05 2.97e-07 
728 5 2.2722e-05 1.08e-07 
729 4 1.503e-05 2.37e-07 
730 5 1.8964e-05 3.34e-07 
731 4 1.7389e-05 6e-08 
732 4 1.3847e-05 1.89e-07 
733 4 1.4664e-05 2.69e-07 
734 5 2.2292e-05 2.46e-07 
735 4 1.4622e-05 7.1e-08 
736 4 1.4078e-05 8.1e-08 
737 4 1.511e-05 5.9e-08 
738 5 1.6337e-05 3e-07 
739 5 2.4834e-05 3.05e-07 
740 4 1.9303e-05 1.64e-07 
741 4 1.5169e-05 1.44e-07 
742 5 2.0294e-05 2.61e-07 
743 5 2.1504e-05 9.5e-08 
744 4 1.6885e-05 7.3e-08 
745 4 1.4654e-05 6.9e-08 
746 5 1.9038e-05 3.98e-07 
747 5 2.3347e-05 2.1e-07 
748 4 1.4987e-05 2.4e-07 
749 4 1.8762e-05 1.88e-07 
750 5 2.0666e-05 2.25e-07 
751 5 2.2193e-05 1.08e-07 
752 4 1.3925e-05 7.4e-08 
753 4 1.5274e-05 5.2e-08 
754 5 1.7177e-05 3.56e-07 
755 4 1.6414e-05 2.1e-07 
756 4 1.7397e-05 1.19e-07 
757 4 1.5344e-05 5e-08 
758 5 1.8963e-05 6.7e-08 
759 5 2.2873e-05 1.03e-07 
760 4 1.5382e-05 1.03e-07 
761 4 1.7701e-05 3.07e-07 
762 5 1.8668e-05 2.38e-07 
763 5 2.1151e-05 5.8e-08 
764 4 1.5113e-05 4.6e-08 
765 4 1.4929e-05 2.33e-07 
766 5 2.1229e-05 1.11e-07 
767 5 2.1071e-05 6.34e-07 
768 4 2.2314e-05 9.3e-08 
769 4 1.5027e-05 9.5e-08 
770 5 1.7294e-05 1.22e-07 
771 5 2.2967e-05 1.89e-07 
772 4 1.7198e-05 7.4e-08 
773 4 1.4959e-05 7.6e-08 
774 5 1.8892e-05 7.1e-08 
775 4 1.3765e-05 2.19e-07 
776 4 1.8775e-05 1.77e-07 
777 4 1.74e-05 1.87e-07 
778 5 1.9677e-05 2.41e-07 
779 5 2.4086e-05 2.81e-07 
780 4 1.7255e-05 2.82e-07 
781 4 1.9281e-05 1.89e-07 
782 5 1.9029e-05 2.41e-07 
783 5 2.0716e-05 6.3e-08 
784 4 1.4781e-05 1.31e-07 
785 4 1.715e-05 2.54e-07 
786 5 2.0575e-05 2.85e-07 
787 5 2.594e-05 2.39e-07 
788 4 1.7143e-05 2.52e-07 
789 4 1.9741e-05 1.96e-07 
790 5 2.0582e-05 1.26e-07 
791 5 2.2258e-05 1.19e-07 
792 4 1.4924e-05 1.05e-07 
793 4 1.8691e-05 2.63e-07 
794 5 2.0793e-05 3.22e-07 
795 4 1.6935e-05 4.9e-08 
796 4 1.5307e-05 1.92e-07 
797 4 1.8526e-05 3.37e-07 
798 5 2.3219e-05 3.38e-07 
799 5 2.8148e-05 2.98e-07 
800 4 1.8514e-05 3.31e-07 
801 4 1.9647e-05 8.6e-08 
802 5 1.6746e-05 7.7e-08 
803 5 2.0923e-05 2.46e-07 
804 5 2.2712e-05 3.95e-07 
805 4 1.8757e-05 2.21e-07 
806 5 1.9951e-05 1.82e-07 
807 5 2.2245e-05 2.22e-07 
808 4 1.5174e-05 2.31e-07 
809 5 2.4669e-05 1.2e-07 
810 5 1.6995e-05 2.91e-07 
811 5 2.4582e-05 7.2e-08 
812 4 1.3834e-05 2.53e-07 
813 4 1.6917e-05 1.02e-07 
814 5 1.758e-05 2.72e-07 
815 4 1.6857e-05 3.5e-07 
816 4 1.8275e-05 6.7e-08 
817 4 1.565e-05 1.89e-07 
818 5 2.0828e-05 2.23e-07 
819 5 2.3733e-05 4.59e-07 
820 4 1.9685e-05 2.71e-07 
821 5 2.2462e-05 2.7e-07 
822 5 1.9771e-05 2.17e-07 
823 5 2.2451e-05 6.6e-08 
824 4 1.3858e-05 7.9e-08 
825 4 1.5988e-05 6.4e-08 
826 5 1.6601e-05 1.05e-07 
827 5 1.9795e-05 1.08e-07 
828 4 1.5239e-05 6.2e-08 
829 4 1.4399e-05 5.8e-08 
830 5 1.7622e-05 5.8e-08 
831 5 2.223e-05 7e-08 
832 4 1.4972e-05 7.8e-08 
833 4 1.3679e-05 2.88e-07 
834 5 1.9424e-05 1.38e-07 
835 4 1.6e-05 7.5e-08 
836 4 1.6177e-05 2.65e-07 
837 4 1.7074e-05 2.23e-07 
838 5 1.8936e-05 8.2e-08 
839 5 2.126e-05 8.2e-08 
840 4 1.6062e-05 7.5e-08 
841 4 1.5088e-05 6.7e-08 
842 5 1.7648e-05 9.1e-08 
843 5 2.1916e-05 6.6e-08 
844 4 1.5668e-05 2.66e-07 
845 4 1.8092e-05 6.2e-08 
846 5 1.8615e-05 5.8e-08 
847 5 1.9019e-05 1.13e-07 
848 4 2.0151e-05 1.57e-07 
849 4 1.9202e-05 1.71e-07 
850 5 1.8687e-05 8.5e-08 
851 5 2.0947e-05 5.9e-08 
852 4 1.5275e-05 1.02e-07 
853 4 1.6555e-05 1.62e-07 
854 6 2.5996e-05 9.7e-08 
855 4 1.4019e-05 5.3e-08 
856 5 1.9979e-05 2.83e-07 
857 4 1.8361e-05 5.61e-07 
858 5 4.3946e-05 1.9e-07 
859 5 2.4264e-05 2.98e-07 
860 4 1.549e-05 4.8e-08 
861 4 1.513e-05 7e-08 
862 5 1.6649e-05 9.3e-08 
863 5 2.0106e-05 7.4e-08 
864 4 1.4623e-05 8.5e-08 
865 4 1.4654e-05 3.95e-07 
866 5 2.4832e-05 3.75e-07 
867 5 2.5422e-05 6.8e-08 
868 4 1.5169e-05 3.33e-07 
869 4 1.8578e-05 1.77e-07 
870 5 1.9838e-05 2.3e-07 
871 5 2.3203e-05 2.49e-07 
872 4 1.6058e-05 5.7e-08 
873 4 1.6185e-05 1.3e-07 
874 5 1.8731e-05 8.8e-08 
875 4 1.4467e-05 1.2612e-05 
876 4 1.915e-05 1.86e-07 
877 4 1.7537e-05 1.61e-07 
878 5 1.7651e-05 1.11e-07 
879 5 3.6247e-05 3.99e-07 
880 5 2.4208e-05 7.8e-08 
881 4 1.6215e-05 2.78e-07 
882 5 2.1109e-05 2.3e-07 
883 5 2.1129e-05 2.19e-07 
884 4 1.5384e-05 1.72e-07 
885 4 1.6431e-05 5.1e-08 
886 5 1.6539e-05 7e-08 
887 5 1.951e-05 7.7e-08 
888 4 1.8184e-05 1.89e-07 
889 4 1.5563e-05 1.35e-07 
890 5 1.783e-05 9.9e-08 
891 5 2.4683e-05 8.2e-08 
892 4 1.6614e-05 2e-07 
893 4 1.7154e-05 1.59e-07 
894 5 1.794e-05 2.03e-07 
895 4 1.5222e-05 5.3e-08 
896 5 2.3e-05 9.7e-08 
897 4 1.9754e-05 3.12e-07 
898 5 2.7668e-05 3.24e-07 
899 5 3.2239e-05 2.66e-07 
900 4 1.8429e-05 2.21e-07 
901 4 1.6397e-05 8.6e-08 
902 5 1.8425e-05 1.03e-07 
903 5 3.1968e-05 6.8e-08 
904 4 1.5028e-05 3.15e-07 
905 4 1.672e-05 5.1e-08 
906 5 1.626e-05 6.1e-07 
907 5 3.9234e-05 9.1e-08 
908 4 1.4313e-05 6.6e-08 
909 4 1.544e-05 7e-08 
910 5 1.6566e-05 8.4e-08 
911 5 3.4522e-05 3.17e-07 
912 4 1.7117e-05 6.2e-08 
913 4 1.6743e-05 1.38e-07 
914 5 1.6784e-05 3.2e-07 
915 4 1.556e-05 6.1e-08 
916 4 1.5411e-05 2.07e-07 
917 4 1.885e-05 2.32e-07 
918 5 1.7273e-05 2.1e-07 
919 5 2.4842e-05 1.48e-07 
920 4 1.5874e-05 2.26e-07 
921 4 1.7238e-05 7.4e-08 
922 5 1.7597e-05 1.11e-07 
923 5 2.0295e-05 2.56e-07 
924 4 1.7544e-05 1.83e-07 
925 4 1.8094e-05 2.03e-07 
926 6 2.4031e-05 5.52e-07 
927 5 2.2206e-05 2.36e-07 
928 4 1.7842e-05 2.09e-07 
929 4 1.7245e-05 1.71e-07 
930 5 1.8912e-05 6.1e-08 
931 5 2.1549e-05 3.03e-07 
932 5 2.1723e-05 2.07e-07 
933 4 1.7015e-05 1.96e-07 
934 4 1.2617e-05 6.2e-08 
935 4 1.3358e-05 1.92e-07 
936 4 1.5156e-05 1.62e-07 
937 4 1.6143e-05 5e-08 
938 5 1.6518e-05 7.5e-08 
939 6 2.6555e-05 9.8e-08 
940 4 1.4776e-05 7.8e-08 
941 5 2.3761e-05 3.58e-07 
942 4 1.4669e-05 6.4e-08 
943 5 2.0587e-05 9.2e-08 
944 4 1.4731e-05 5.42e-07 
945 4 2.7444e-05 1.42e-07 
946 5 2.7129e-05 4.61e-07 
947 5 3.2986e-05 7.6e-08 
948 4 1.6638e-05 2.66e-07 
949 4 1.7787e-05 7.5e-08 
950 5 1.7338e-05 2.77e-07 
951 5 2.604e-05 3.68e-07 
952 4 2.6408e-05 4.28e-07 
953 5 2.2238e-05 9.4e-08 
954 5 1.7468e-05 2.02e-07 
955 4 1.4997e-05 7.9e-08 
956 5 2.0116e-05 8.4e-08 
957 4 1.5413e-05 7.4e-08 
958 5 1.7756e-05 2.52e-07 
959 5 2.5157e-05 2.34e-07 
960 4 1.5594e-05 9.1e-08 
961 4 1.4085e-05 5.8e-08 
962 5 1.7398e-05 8.3e-08 
963 5 1.9688e-05 8.6e-08 
964 4 1.4463e-05 3.06e-07 
965 4 1.6434e-05 1.84e-07 
966 5 1.8239e-05 2.31e-07 
967 6 2.8269e-05 2.11e-07 
968 4 1.7032e-05 6.8e-08 
969 4 1.5585e-05 7.6e-08 
970 5 1.6554e-05 3.36e-07 
971 5 2.4958e-05 1.53e-07 
972 5 2.2199e-05 6e-08 
973 4 1.5402e-05 8.2e-08 
974 5 1.7666e-05 6.6e-08 
975 4 1.4144e-05 8.4e-08 
976 4 1.5124e-05 5.9e-08 
977 4 1.4427e-05 5.8e-08 
978 5 1.611e-05 1.04e-07 
979 5 2.0824e-05 7.2e-08 
980 4 1.4081e-05 7.6e-08 
981 4 1.5255e-05 6.3e-08 
982 5 1.5804e-05 6.6e-08 
983 5 2.1189e-05 5.7e-08 
984 4 1.5349e-05 7.6e-08 
985 4 1.4902e-05 2.58e-07 
986 5 1.9194e-05 5.7e-08 
987 5 2.027e-05 2.18e-07 
988 4 1.6516e-05 1e-07 
989 4 1.7561e-05 8.6e-08 
990 5 1.9465e-05 2.45e-07 
991 5 2.5005e-05 2.11e-07 
992 4 1.7413e-05 7.6e-08 
993 4 1.5644e-05 6.3e-08 
994 5 1.8946e-05 9.9e-08 
995 4 1.4436e-05 8.7e-08 
996 4 1.5073e-05 5.6e-08 
997 4 1.5051e-05 2.1e-07 
998 5 1.7809e-05 2.69e-07 
999 5 2.5945e-05 1.69e-07 
1000 4 1.6224e-05 7.9e-08 
1001 4 1.6317e-05 1.7e-07 
1002 5 1.8545e-05 6.7e-08 
1003 5 1.9489e-05 6.6e-08 
1004 4 1.5082e-05 1.78e-07 
1005 4 1.6721e-05 5.1e-08 
1006 5 2.1068e-05 2.16e-07 
1007 5 2.2752e-05 2.02e-07 
1008 5 2.2604e-05 3.83e-07 
1009 4 1.6961e-05 1.91e-07 
1010 5 2.0423e-05 2.53e-07 
1011 5 2.3623e-05 3.25e-07 
1012 4 1.7121e-05 7.6e-08 
1013 4 1.6476e-05 7.4e-08 
1014 5 1.9153e-05 6.9e-08 
1015 4 1.359e-05 6.3e-08 
1016 4 1.5467e-05 5.1e-08 
1017 4 1.3496e-05 6.2e-08 
1018 5 1.7239e-05 6.7e-08 
1019 5 2.1545e-05 1.17e-07 
1020 4 1.6994e-05 7.1e-08 
1021 4 1.4394e-05 9.4e-08 
1022 5 1.7864e-05 1.03e-07 
1023 5 1.9821e-05 1.15e-07 
1024 4 1.5016e-05 2.62e-07 
1025 4 1.7478e-05 1.93e-07 
1026 5 1.8353e-05 6.6e-08 
1027 5 2.2324e-05 6.3e-07 
1028 4 1.7947e-05 2.58e-07 
1029 4 1.651e-05 1.76e-07 
1030 5 2.1292e-05 9.6e-08 
1031 5 2.213e-05 7e-08 
1032 5 2.2937e-05 3.37e-07 
1033 4 1.7138e-05 2.24e-07 
1034 5 1.981e-05 2.02e-07 
1035 4 1.4511e-05 1.81e-07 
1036 4 1.5748e-05 6.2e-08 
1037 4 1.431e-05 6.5e-08 
1038 5 1.7056e-05 1.1e-07 
1039 5 2.1047e-05 8.5e-08 
1040 4 1.2974e-05 7.8e-08 
1041 4 1.4762e-05 4.9e-08 
1042 5 6.6311e-05 4.86e-07 
1043 5 4.7629e-05 1.86e-07 
1044 4 1.8253e-05 2.38e-07 
1045 4 2.1686e-05 1.77e-07 
1046 5 2.2374e-05 2.01e-07 
1047 5 2.3607e-05 2.16e-07 
1048 5 2.5094e-05 6.33e-07 
1049 4 2.7188e-05 1.65e-07 
1050 5 2.4986e-05 1.09e-07 
1051 5 2.4508e-05 8.62e-07 
1052 4 2.3229e-05 3.17e-07 
1053 4 1.993e-05 1.87e-07 
1054 5 2.0577e-05 9.7e-08 
1055 4 1.4998e-05 2.38e-07 
1056 4 1.6998e-05 6.2e-08 
1057 4 1.6089e-05 6.2e-08 
1058 5 2.108e-05 5.29e-07 
1059 5 2.556e-05 2.12e-07 
1060 4 1.6689e-05 1.97e-07 
1061 4 1.703e-05 1.71e-07 
1062 5 2.0674e-05 1.88e-07 
1063 5 2.4508e-05 1.02e-07 
1064 4 1.7098e-05 2.51e-07 
1065 4 1.7869e-05 5.4e-08 
1066 5 1.9058e-05 2.56e-07 
1067 5 2.3905e-05 2.29e-07 
1068 4 1.8135e-05 1.89e-07 
1069 4 1.7354e-05 2.82e-07 
1070 5 1.9547e-05 1.87e-07 
1071 5 2.6147e-05 2.54e-07 
1072 4 1.9563e-05 2.07e-07 
1073 5 2.4643e-05 3.82e-07 
1074 5 2.5234e-05 2.16e-07 
1075 4 1.6357e-05 7.5e-08 
1076 4 1.5762e-05 2.81e-07 
1077 4 1.6357e-05 9.3e-08 
1078 5 1.9255e-05 8.2e-08 
1079 5 2.4131e-05 5.9e-08 
1080 4 1.4562e-05 3.59e-07 
1081 4 1.8066e-05 1.5e-07 
1082 5 2.1142e-05 7.8e-08 
1083 5 2.0733e-05 5.7e-08 
1084 5 2.2195e-05 5.4e-08 
1085 5 2.1355e-05 7.6e-08 
1086 5 2.1966e-05 3.96e-07 
1087 5 2.3557e-05 6.2e-08 
1088 4 1.8633e-05 2.47e-07 
1089 4 1.7956e-05 1.55e-07 
1090 5 1.8203e-05 5.6e-08 
1091 5 2.2185e-05 7e-08 
1092 4 1.5955e-05 3.79e-07 
1093 4 1.7767e-05 1.71e-07 
1094 5 2.0347e-05 2.03e-07 
1095 4 1.4875e-05 1.79e-07 
1096 4 1.5327e-05 7.4e-08 
1097 4 1.6602e-05 1.73e-07 
1098 5 1.8793e-05 7.5e-08 
1099 5 2.3687e-05 4.84e-07 
1100 4 2.785e-05 7.6e-08 
1101 4 1.8346e-05 3.78e-07 
1102 5 1.9988e-05 6.8e-08 
1103 5 2.1536e-05 5.7e-08 
1104 4 1.5262e-05 4.9e-08 
1105 4 1.5935e-05 6.4e-08 
1106 5 1.6014e-05 5.6e-08 
1107 5 1.9526e-05 5.6e-08 
1108 5 2.0516e-05 2.42e-07 
1109 4 1.4937e-05 6.3e-08 
1110 6 2.4661e-05 1.11e-07 
1111 5 2.1959e-05 8.5e-08 
1112 4 1.5006e-05 6.2e-08 
1113 4 1.4894e-05 7.9e-08 
1114 5 1.6884e-05 6.1e-08 
1115 4 1.334e-05 5.8e-08 
1116 4 1.4217e-05 4.9e-08 
1117 4 1.4708e-05 6.2e-08 
1118 5 1.7027e-05 8.3e-08 
1119 5 2.2081e-05 1.42e-07 
1120 4 1.5649e-05 7.2e-08 
1121 4 1.7567e-05 5e-08 
1122 5 1.7356e-05 8.3e-08 
1123 5 2.1109e-05 9.1e-08 
1124 5 2.2544e-05 7.3e-08 
1125 4 1.4466e-05 5.4e-08 
1126 5 1.7248e-05 2.18e-07 
1127 5 2.2609e-05 1.23e-07 
1128 4 1.3733e-05 8.7e-08 
1129 4 1.5449e-05 2.8e-07 
1130 5 2.1136e-05 3.48e-07 
1131 5 2.2415e-05 6.6e-08 
1132 4 1.4702e-05 7.7e-08 
1133 4 1.4984e-05 9.2e-08 
1134 5 1.6862e-05 5.8e-08 
1135 4 1.2139e-05 1.28e-07 
1136 4 1.6196e-05 6.1e-08 
1137 4 2.0452e-05 1.49e-07 
1138 5 1.817e-05 2.2e-07 
1139 5 3.2534e-05 2.14e-07 
1140 4 1.637e-05 2.67e-07 
1141 4 1.6668e-05 4.67e-07 
1142 5 2.6783e-05 2e-07 
1143 5 2.3899e-05 1.01e-07 
1144 4 1.6961e-05 7.4e-08 
1145 4 1.6004e-05 4.14e-07 
1146 5 2.8297e-05 1.02e-07 
1147 5 2.3999e-05 9.3e-08 
1148 4 1.8074e-05 7.3e-08 
1149 4 1.7458e-05 4.7e-08 
1150 5 1.9821e-05 6.8e-08 
1151 5 2.2774e-05 3.17e-07 
1152 4 2.0169e-05 6.3e-08 
1153 4 1.5291e-05 4.7e-08 
1154 5 1.9811e-05 2.9e-07 
1155 4 1.707e-05 2.34e-07 
1156 4 1.8587e-05 1.71e-07 
1157 4 1.8089e-05 1.3e-07 
1158 5 1.934e-05 7.9e-08 
1159 5 2.4728e-05 8e-08 
1160 5 2.198e-05 8.4e-08 
1161 4 1.5941e-05 7.5e-08 
1162 5 1.7403e-05 8.5e-08 
1163 5 2.389e-05 8.2e-08 
1164 4 1.7067e-05 7.7e-08 
1165 4 1.4448e-05 1.18e-07 
1166 5 1.826e-05 1.25e-07 
1167 5 2.1038e-05 8.4e-08 
1168 4 1.47e-05 7.6e-08 
1169 4 1.5715e-05 5.4e-08 
1170 5 1.8109e-05 4.75e-07 
1171 5 2.6096e-05 3.94e-07 
1172 4 2.1181e-05 2.26e-07 
1173 4 1.715e-05 1.22e-07 
1174 5 1.7244e-05 7e-08 
1175 4 1.4205e-05 1.05e-07 
1176 4 1.5209e-05 2.47e-07 
1177 4 2.2179e-05 2.15e-07 
1178 5 1.9684e-05 8.4e-08 
1179 5 2.4834e-05 3.24e-07 
1180 4 1.5924e-05 1.96e-07 
1181 4 1.8091e-05 7.2e-08 
1182 6 2.5398e-05 2.72e-07 
1183 5 2.6328e-05 3.21e-07 
1184 5 2.3782e-05 2.6e-07 
1185 4 1.9565e-05 1.93e-07 
1186 5 2.1452e-05 4.36e-07 
1187 5 2.3255e-05 8.1e-08 
1188 4 1.6255e-05 2e-07 
1189 4 1.9578e-05 8.3e-08 
1190 4 1.3735e-05 6.3e-08 
1191 5 2.1858e-05 7.1e-08 
1192 4 1.4717e-05 4.8e-08 
1193 4 1.6714e-05 6.5e-08 
1194 5 1.8779e-05 4.47e-07 
1195 4 1.783e-05 5.8e-08 
1196 4 1.7303e-05 6e-08 
1197 4 1.6653e-05 3.02e-07 
1198 5 2.1215e-05 3.25e-07 
1199 5 2.441e-05 2.99e-07 
1200 5 2.274e-05 1.8e-07 
1201 4 1.7062e-05 3.14e-07 
1202 5 2.1041e-05 8.6e-08 
1203 5 2.1699e-05 2.62e-07 
1204 4 1.7318e-05 2.96e-07 
1205 5 2.4125e-05 1.88e-07 
1206 5 1.9175e-05 2.07e-07 
1207 5 2.381e-05 7.3e-08 
1208 4 1.4668e-05 7.9e-08 
1209 4 1.5419e-05 9.3e-08 
1210 5 1.7999e-05 2.86e-07 
1211 5 2.711e-05 2.34e-07 
1212 4 1.5848e-05 1.99e-07 
1213 4 1.6129e-05 7.8e-08 
1214 5 1.7884e-05 6.1e-08 
1215 4 1.475e-05 2.38e-07 
1216 4 1.6763e-05 1.83e-07 
1217 5 2.2196e-05 1.23e-07 
1218 5 1.8244e-05 3.09e-07 
1219 5 2.6654e-05 9.9e-08 
1220 4 1.6943e-05 6.8e-08 
1221 4 1.4619e-05 6.2e-08 
1222 5 1.7789e-05 3.31e-07 
1223 5 2.2786e-05 1.59e-07 
1224 4 1.6592e-05 1.22e-07 
1225 4 1.7089e-05 2.09e-07 
1226 5 2.0508e-05 2.17e-07 
1227 5 2.1156e-05 2.26e-07 
1228 4 1.6619e-05 1.7e-07 
1229 4 1.5568e-05 6.4e-08 
1230 5 1.7024e-05 6.7e-08 
1231 5 3.7173e-05 2.81e-07 
1232 4 1.7039e-05 7.5e-08 
1233 4 1.5397e-05 7.9e-08 
1234 5 2.6988e-05 2.47e-07 
1235 4 0.000155431 1.87e-07 
1236 5 2.538e-05 8.5e-08 
1237 4 1.6317e-05 7.9e-08 
1238 5 1.8276e-05 1.31e-07 
1239 5 2.4005e-05 3.04e-07 
1240 4 1.7422e-05 1.02e-07 
1241 4 1.5315e-05 8.4e-08 
1242 5 1.891e-05 2.73e-07 
1243 5 2.2833e-05 1.99e-07 
1244 4 1.6586e-05 8.3e-08 
1245 4 1.8719e-05 1.9e-07 
1246 5 2.3024e-05 2.68e-07 
1247 5 2.4188e-05 1.58e-07 
1248 4 1.5714e-05 3.41e-07 
1249 4 2.0394e-05 1.92e-07 
1250 5 2.1927e-05 7.5e-08 
1251 5 2.4216e-05 5.8e-08 
1252 4 1.4486e-05 1.78e-07 
1253 4 1.7828e-05 6.3e-08 
1254 5 2.0223e-05 4.68e-07 
1255 4 1.7343e-05 1.58e-07 
1256 4 1.6231e-05 1.81e-07 
1257 4 1.6457e-05 1.63e-07 
1258 5 2.2472e-05 2.31e-07 
1259 6 3.0948e-05 1.07e-07 
1260 5 2.0606e-05 8.9e-08 
1261 4 1.5499e-05 4.9e-08 
1262 5 3.5423e-05 1.59e-07 
1263 5 2.1808e-05 6.05e-07 
1264 4 1.8074e-05 5.1e-08 
1265 4 1.5927e-05 7.4e-08 
1266 5 1.8266e-05 6e-08 
1267 5 2.1326e-05 1.08e-07 
1268 4 1.4364e-05 6.7e-08 
1269 4 1.6395e-05 1.582e-06 
1270 5 2.5287e-05 1.486e-06 
1271 5 2.7136e-05 1e-07 
1272 4 1.6719e-05 7.4e-08 
1273 4 1.5166e-05 5.6e-08 
1274 5 1.8183e-05 1.01e-07 
1275 4 1.3343e-05 6.3e-08 
1276 5 3.6803e-05 6.21e-07 
1277 4 2.0336e-05 4.9e-08 
1278 5 2.094e-05 7.1e-08 
1279 5 2.5241e-05 6.6e-08 
1280 4 1.5132e-05 3.55e-07 
1281 4 1.7766e-05 1.83e-07 
1282 5 2.0191e-05 9.8e-08 
1283 5 2.5109e-05 2.17e-07 
1284 4 1.8759e-05 2.74e-07 
1285 4 2.0375e-05 2.26e-07 
1286 5 2.4211e-05 2.67e-07 
1287 5 2.601e-05 2.52e-07 
1288 5 2.3084e-05 7e-08 
1289 4 1.5508e-05 6.2e-08 
1290 5 2.1897e-05 8.8e-08 
1291 5 2.6514e-05 6.15e-07 
1292 4 1.9407e-05 7.1e-08 
1293 4 1.5262e-05 6.2e-08 
1294 5 2.3524e-05 3.59e-07 
1295 4 1.8123e-05 5.9e-08 
1296 4 1.6367e-05 5.2e-08 
1297 4 1.5021e-05 4.5e-08 
1298 5 2.0389e-05 5.34e-07 
1299 5 2.7536e-05 9.1e-08 
1300 4 1.7444e-05 5.3e-08 
1301 4 1.4914e-05 3.36e-07 
1302 5 2.4101e-05 9.3e-08 
1303 5 2.2528e-05 7.1e-08 
1304 4 1.8369e-05 7.5e-08 
1305 4 1.7715e-05 5.1e-08 
1306 5 2.1666e-05 4.53e-07 
1307 6 3.5509e-05 5.37e-07 
1308 4 2.0758e-05 8.8e-08 
1309 4 1.869e-05 6e-08 
1310 5 1.9321e-05 3.31e-07 
1311 5 2.481e-05 9.6e-08 
1312 5 2.1542e-05 6.9e-08 
1313 4 2.9983e-05 3.19e-07 
1314 5 2.01e-05 2.18e-07 
1315 4 1.5353e-05 9.7e-08 
1316 4 1.5354e-05 1.54e-07 
1317 4 1.8206e-05 5.4e-08 
1318 5 1.7973e-05 2.43e-07 
1319 5 2.4065e-05 6.8e-08 
1320 4 1.5384e-05 6.2e-08 
1321 4 1.9594e-05 3.18e-07 
1322 5 2.2377e-05 3.81e-07 
1323 5 2.7175e-05 1.83e-07 
1324 4 1.6709e-05 2.52e-07 
1325 4 2.6928e-05 1.5e-07 
1326 5 3.3198e-05 3.26e-07 
1327 5 3.5073e-05 1.95e-07 
1328 4 1.6151e-05 5.3e-08 
1329 4 1.6634e-05 2.43e-07 
1330 5 2.2805e-05 6.12e-07 
1331 5 2.5785e-05 7.5e-08 
1332 4 3.3272e-05 6.37e-07 
1333 4 3.1041e-05 2.93e-07 
1334 5 3.1572e-05 2.86e-07 
1335 4 1.7261e-05 2.2e-07 
1336 5 2.3509e-05 9.1e-08 
1337 5 3.7732e-05 2.15e-07 
1338 5 2.2689e-05 1.07e-07 
1339 5 2.7029e-05 9.7e-08 
1340 4 1.5844e-05 6.44e-07 
1341 4 5.1829e-05 1.92e-07 
1342 5 2.3024e-05 8.8e-08 
1343 5 2.287e-05 9.6e-08 
1344 4 1.5975e-05 2.98e-07 
1345 4 1.8625e-05 5.9e-08 
1346 5 1.9133e-05 6.3e-08 
1347 5 2.3397e-05 2.62e-07 
1348 4 2.0596e-05 2.38e-07 
1349 5 2.3727e-05 3.17e-07 
1350 5 2.2042e-05 2.3e-07 
1351 5 2.5831e-05 7.2e-08 
1352 5 2.5892e-05 3.07e-07 
1353 4 1.742e-05 8.7e-08 
1354 5 1.9172e-05 6.8e-08 
1355 4 1.4811e-05 2.37e-07 
1356 4 1.9013e-05 2.22e-07 
1357 4 1.6778e-05 7.5e-08 
1358 5 2.3807e-05 1.91e-07 
1359 5 2.5673e-05 1.03e-07 
1360 4 2.6464e-05 2.65e-07 
1361 4 2.5071e-05 4.69e-07 
1362 5 3.6375e-05 2.99e-07 
1363 5 2.3042e-05 2.59e-07 
1364 5 2.1933e-05 4.45e-07 
1365 4 1.9599e-05 2.17e-07 
1366 5 2.1377e-05 2.15e-07 
1367 5 2.2423e-05 1.89e-07 
1368 4 1.8486e-05 2.62e-07 
1369 4 1.6952e-05 9.9e-08 
1370 5 2.0674e-05 3.31e-07 
1371 5 2.5611e-05 2.09e-07 
1372 4 1.7254e-05 6.1e-08 
1373 4 1.5352e-05 7.7e-08 
1374 6 2.4449e-05 1.01e-07 
1375 4 1.4164e-05 7.3e-08 
1376 4 1.5039e-05 3.73e-07 
1377 4 1.784e-05 3.08e-07 
1378 5 2.0022e-05 2.19e-07 
1379 5 3.9573e-05 2.41e-07 
1380 4 2.0787e-05 1.355e-06 
1381 4 1.6212e-05 8.7e-08 
1382 5 1.8118e-05 1.08e-07 
1383 5 2.5745e-05 2.68e-07 
1384 4 1.9407e-05 6.1e-08 
1385 4 1.673e-05 5.9e-08 
1386 5 1.828e-05 6.8e-08 
1387 5 2.2497e-05 5.42e-07 
1388 5 2.4098e-05 5.56e-07 
1389 4 1.7256e-05 3.08e-07 
1390 5 2.6579e-05 9.1e-08 
1391 5 3.035e-05 7.2e-08 
1392 4 1.5509e-05 3.07e-07 
1393 4 1.73e-05 7.9e-08 
1394 5 1.8201e-05 7.1e-08 
1395 4 1.529e-05 2.8e-07 
1396 4 1.7408e-05 7.8e-08 
1397 4 1.5351e-05 8.3e-08 
1398 5 1.7983e-05 7.7e-08 
1399 5 2.6162e-05 7.9e-08 
1400 4 1.3206e-05 9.1e-08 
1401 4 1.4466e-05 6.1e-08 
1402 5 1.6149e-05 7.3e-08 
1403 5 2.1234e-05 3.46e-07 
1404 4 1.7094e-05 2.89e-07 
1405 4 1.7895e-05 9.1e-08 
1406 5 1.9558e-05 7e-08 
1407 5 2.2217e-05 2.5e-07 
1408 4 1.9274e-05 2e-07 
1409 4 1.703e-05 1.64e-07 
1410 5 1.8626e-05 8.6e-08 
1411 5 2.3351e-05 1.31e-07 
1412 5 2.1052e-05 2.31e-07 
1413 4 1.6571e-05 1.85e-07 
1414 5 1.849e-05 9.8e-08 
1415 4 1.4421e-05 1.82e-07 
1416 4 1.593e-05 7.4e-08 
1417 4 1.4648e-05 1.96e-07 
1418 5 1.8029e-05 2.08e-07 
1419 5 5.0525e-05 6.21e-07 
1420 4 3.3656e-05 4.05e-07 
1421 4 1.8642e-05 4.08e-07 
1422 5 4.1097e-05 3.97e-07 
1423 5 3.4243e-05 9.7e-08 
1424 4 2.7122e-05 1.04e-07 
1425 4 2.5197e-05 3.34e-07 
1426 5 2.8085e-05 1.36e-07 
1427 5 2.7894e-05 1.35e-07 
1428 5 4.6306e-05 4.96e-07 
1429 4 2.2618e-05 8.7e-08 
1430 5 1.9484e-05 6.5e-08 
1431 5 2.3498e-05 2.56e-07 
1432 4 1.7462e-05 2.71e-07 
1433 4 1.6797e-05 5.7e-08 
1434 5 1.9812e-05 5e-08 
1435 4 2.6496e-05 9.8e-08 
1436 4 1.728e-05 2.38e-07 
1437 4 1.8835e-05 1.01e-07 
1438 5 1.8579e-05 2.03e-07 
1439 5 2.791e-05 1.36e-07 
1440 5 2.1013e-05 6.6e-08 
1441 4 1.748e-05 6.1e-08 
1442 5 2.122e-05 1.71e-07 
1443 5 2.2259e-05 5.8e-08 
1444 4 1.669e-05 4.69e-07 
1445 4 1.9696e-05 7.8e-08 
1446 6 2.535e-05 5.91e-07 
1447 5 2.408e-05 5.7e-08 
1448 4 1.6974e-05 8.4e-08 
1449 4 3.4175e-05 9.5e-08 
1450 5 1.8534e-05 1.82e-07 
1451 5 2.3555e-05 6e-08 
1452 4 1.6241e-05 3.81e-07 
1453 4 1.9601e-05 2.87e-07 
1454 5 3.614e-05 4.17e-07 
1455 4 1.6435e-05 3.14e-07 
1456 4 1.7462e-05 1.71e-07 
1457 4 1.7351e-05 7.7e-08 
1458 5 1.8382e-05 2.9e-07 
1459 5 2.834e-05 1.76e-07 
1460 4 1.6811e-05 8.2e-08 
1461 4 1.6427e-05 6.2e-08 
1462 5 1.8682e-05 6.9e-08 
1463 5 2.0623e-05 3.64e-07 
1464 5 2.3149e-05 6.1e-08 
1465 4 1.6264e-05 1.03e-07 
1466 5 1.7981e-05 6.7e-08 
1467 5 2.2628e-05 3.4e-07 
1468 4 1.7996e-05 2.01e-07 
1469 5 2.4051e-05 5.6e-08 
1470 5 1.7668e-05 2.17e-07 
1471 5 2.7043e-05 2.34e-07 
1472 4 1.7734e-05 2.12e-07 
1473 4 1.6807e-05 1.78e-07 
1474 5 1.9051e-05 2.43e-07 
1475 4 1.5559e-05 3.52e-07 
1476 4 1.6701e-05 5.8e-08 
1477 4 1.6133e-05 7.9e-08 
1478 5 1.7989e-05 2.44e-07 
1479 5 2.6647e-05 8.3e-08 
1480 4 1.6023e-05 1.4e-07 
1481 5 2.3297e-05 2.24e-07 
1482 5 2.0663e-05 6.2e-08 
1483 5 2.1696e-05 9.2e-08 
1484 4 1.6159e-05 1.03e-07 
1485 4 1.8363e-05 8e-08 
1486 5 1.8764e-05 5.6e-08 
1487 5 2.0352e-05 1.22e-07 
1488 5 2.1123e-05 3.2e-07 
1489 4 1.676e-05 8.6e-08 
1490 5 1.8168e-05 5.7e-08 
1491 5 2.3602e-05 3.57e-07 
1492 4 1.6801e-05 7.7e-08 
1493 4 1.511e-05 2.03e-07 
1494 5 2.1687e-05 2.06e-07 
1495 4 1.5176e-05 2.57e-07 
1496 4 1.6864e-05 1.64e-07 
1497 4 1.6648e-05 5.1e-08 
1498 5 1.7945e-05 8.6e-08 
1499 5 2.5608e-05 2.92e-07 
1500 4 1.9521e-05 2.04e-07 
1501 4 1.5925e-05 1.62e-07 
1502 5 2.1393e-05 1.99e-07 
1503 5 2.3315e-05 2.41e-07 
1504 5 2.5179e-05 2.14e-07 
1505 4 1.5734e-05 1.49e-07 
1506 5 1.9994e-05 5.7e-08 
1507 5 2.214e-05 2.45e-07 
1508 4 1.7778e-05 2.09e-07 
1509 4 1.6258e-05 5.7e-08 
1510 5 1.8375e-05 2.58e-07 
1511 5 2.5177e-05 5.7e-08 
1512 4 1.5023e-05 7.1e-08 
1513 4 1.5275e-05 9.3e-08 
1514 5 1.791e-05 6.2e-08 
1515 4 1.3888e-05 3.01e-07 
1516 5 2.2313e-05 1.17e-07 
1517 4 1.7611e-05 7.5e-08 
1518 5 2.107e-05 3.2e-07 
1519 5 2.7751e-05 5.6e-08 
1520 4 1.5827e-05 1e-07 
1521 4 1.9313e-05 7.3e-08 
1522 5 1.8299e-05 2.59e-07 
1523 5 2.165e-05 6.7e-08 
1524 4 1.6229e-05 1.99e-07 
1525 4 1.5931e-05 1.58e-07 
1526 5 2.0613e-05 1.5e-07 
1527 5 2.1245e-05 1.01e-07 
1528 4 1.6333e-05 7.5e-08 
1529 4 1.5749e-05 6.6e-08 
1530 5 1.7583e-05 3.53e-07 
1531 5 3.663e-05 3.25e-07 
1532 4 1.8027e-05 9e-08 
1533 4 2.7529e-05 1.09e-07 
1534 5 2.031e-05 5.8e-08 
1535 4 1.4847e-05 6.6e-08 
1536 4 1.5328e-05 5.9e-08 
1537 4 1.4841e-05 2.36e-07 
1538 5 2.3531e-05 1.59e-07 
1539 5 2.6118e-05 2.33e-07 
1540 5 2.1241e-05 8.6e-08 
1541 4 1.5204e-05 6e-08 
1542 5 1.9885e-05 7.2e-08 
1543 5 2.2155e-05 1.33e-07 
1544 4 1.4715e-05 2.48e-07 
1545 4 1.7428e-05 1.58e-07 
1546 5 1.8073e-05 8.3e-08 
1547 5 2.3865e-05 3.24e-07 
1548 4 1.6479e-05 7.2e-08 
1549 4 1.4393e-05 5.9e-08 
1550 5 1.9341e-05 6.7e-08 
1551 5 2.3287e-05 6.1e-08 
1552 4 1.4355e-05 4.05e-07 
1553 4 1.9198e-05 5.1e-08 
1554 5 1.7281e-05 7.2e-08 
1555 4 1.4336e-05 2.78e-07 
1556 4 1.5954e-05 9e-08 
1557 4 1.3942e-05 9.2e-08 
1558 5 1.9071e-05 4.49e-07 
1559 5 2.7122e-05 1.48e-07 
1560 4 1.84e-05 1.86e-07 
1561 4 1.5624e-05 6.1e-08 
1562 5 1.7243e-05 2.08e-07 
1563 5 2.3913e-05 2.03e-07 
1564 5 2.2793e-05 1.65e-07 
1565 4 1.5594e-05 2.13e-07 
1566 5 2.0916e-05 2.06e-07 
1567 5 2.4175e-05 2.19e-07 
1568 4 1.5184e-05 1.8e-07 
1569 4 1.5998e-05 4.7e-08 
1570 5 1.8248e-05 8.3e-08 
1571 5 2.1998e-05 3.86e-07 
1572 4 1.6805e-05 4.7e-08 
1573 4 1.7583e-05 5.2e-08 
1574 5 1.9002e-05 3.39e-07 
1575 4 1.6207e-05 1.88e-07 
1576 4 1.9967e-05 1.83e-07 
1577 4 1.8837e-05 1.61e-07 
1578 5 1.9359e-05 9.3e-08 
1579 6 3.1579e-05 3.51e-07 
1580 5 2.3386e-05 6.8e-08 
1581 4 1.6402e-05 6.4e-08 
1582 5 1.7519e-05 6.9e-08 
1583 5 2.1232e-05 3.09e-07 
1584 4 1.6537e-05 1.87e-07 
1585 4 1.7287e-05 6.4e-08 
1586 5 1.8688e-05 3.53e-07 
1587 5 2.3194e-05 2.63e-07 
1588 4 1.7489e-05 1.68e-07 
1589 4 1.8411e-05 9e-08 
1590 5 1.7802e-05 6e-08 
1591 5 3.859e-05 2.7e-07 
1592 5 2.45e-05 2.04e-07 
1593 4 1.7154e-05 7.1e-08 
1594 5 1.7662e-05 7.7e-08 
1595 4 1.4624e-05 5.4e-08 
1596 4 1.5631e-05 6.2e-08 
1597 4 1.5137e-05 8.1e-08 
1598 5 1.6925e-05 3.4e-07 
1599 5 2.7393e-05 9.6e-08 
1600 4 1.5944e-05 8e-08 
1601 5 2.4005e-05 9.4e-08 
1602 5 1.8151e-05 3.77e-07 
1603 5 2.3231e-05 6.8e-08 
1604 4 1.629e-05 2.19e-07 
1605 4 1.74e-05 5.2e-08 
1606 5 1.8541e-05 7.9e-08 
1607 5 2.3173e-05 2.07e-07 
1608 4 1.8418e-05 1.73e-07 
1609 4 1.6879e-05 1.43e-07 
1610 5 1.7715e-05 2.48e-07 
1611 5 2.6327e-05 7e-08 
1612 4 1.594e-05 7.3e-08 
1613 5 2.4326e-05 2.37e-07 
1614 5 2.041e-05 6.3e-08 
1615 5 1.892e-05 8e-08 
1616 5 2.1377e-05 5.8e-08 
1617 4 1.5621e-05 6.4e-08 
1618 5 1.6175e-05 3.59e-07 
1619 5 2.6497e-05 1.02e-07 
1620 4 1.6604e-05 6.6e-08 
1621 4 1.56e-05 7.5e-08 
1622 5 1.8489e-05 6.6e-08 
1623 5 2.08e-05 4.1e-07 
1624 4 1.8559e-05 9.4e-08 
1625 4 1.6537e-05 8.1e-08 
1626 5 1.8599e-05 2.87e-07 
1627 5 2.2333e-05 7.6e-08 
1628 4 1.4605e-05 2.35e-07 
1629 4 1.8318e-05 2.33e-07 
1630 5 3.082e-05 2.17e-07 
1631 5 2.7054e-05 8.3e-08 
1632 4 1.4515e-05 2.48e-07 
1633 4 1.8091e-05 6.9e-08 
1634 5 1.7941e-05 6.7e-08 
1635 5 3.3567e-05 2.43e-07 
1636 4 1.832e-05 2.09e-07 
1637 4 1.625e-05 5.3e-08 
1638 6 2.3434e-05 1.19e-07 
1639 5 2.3943e-05 5.8e-08 
1640 5 2.1834e-05 6e-08 
1641 4 1.4276e-05 3.06e-07 
1642 5 2.0669e-05 2.98e-07 
1643 5 2.3151e-05 2.15e-07 
1644 4 1.6942e-05 2.03e-07 
1645 4 1.7177e-05 1.82e-07 
1646 5 1.9261e-05 5.7e-08 
1647 6 2.8787e-05 3.07e-07 
1648 4 1.6677e-05 7.1e-08 
1649 4 1.6697e-05 6.1e-08 
1650 5 1.8699e-05 2.4e-07 
1651 5 5.4763e-05 7.9e-08 
1652 4 1.7407e-05 2.21e-07 
1653 4 1.7348e-05 1.83e-07 
1654 5 1.8171e-05 8.7e-08 
1655 5 2.0233e-05 5.4e-08 
1656 5 2.2836e-05 5.8e-08 
1657 4 1.4457e-05 2.4e-07 
1658 5 1.9197e-05 5.9e-08 
1659 5 3.61e-05 8.8e-08 
1660 4 1.5321e-05 2.3e-07 
1661 4 1.8393e-05 1.92e-07 
1662 5 1.965e-05 8.9e-08 
1663 5 2.2013e-05 1.66e-07 
1664 4 1.5958e-05 1.77e-07 
1665 4 1.6116e-05 7.7e-08 
1666 5 1.7248e-05 5.1e-08 
1667 5 2.2638e-05 5.7e-08 
1668 5 1.933e-05 2.55e-07 
1669 4 1.7073e-05 1.8e-07 
1670 5 1.8152e-05 2.96e-07 
1671 5 2.7787e-05 5.7e-08 
1672 4 1.5962e-05 7.8e-08 
1673 4 1.5096e-05 7.2e-08 
1674 5 1.798e-05 6.6e-08 
1675 5 4.3473e-05 2.85e-07 
1676 4 2.0064e-05 7.9e-08 
1677 4 1.4821e-05 8e-08 
1678 5 1.7334e-05 5.8e-08 
1679 5 2.685e-05 2.07e-07 
1680 4 1.9387e-05 2.44e-07 
1681 4 1.8028e-05 1.64e-07 
1682 5 2.0062e-05 2.06e-07 
1683 5 2.4049e-05 1.64e-07 
1684 4 1.7448e-05 8.7e-08 
1685 4 1.5527e-05 9.4e-08 
1686 5 1.924e-05 6.9e-08 
1687 5 2.2646e-05 7.3e-08 
1688 5 2.1513e-05 7.1e-08 
1689 4 1.4836e-05 9.2e-08 
1690 5 1.7691e-05 8.4e-08 
1691 5 2.5492e-05 6.9e-08 
1692 5 2.1434e-05 5.9e-08 
1693 4 1.4145e-05 7.5e-08 
1694 5 1.8237e-05 5.6e-08 
1695 5 2.4374e-05 5.9e-08 
1696 5 2.2053e-05 9.2e-08 
1697 4 1.5249e-05 7.5e-08 
1698 5 1.8461e-05 5.27e-07 
1699 5 3.066e-05 1.93e-07 
1700 4 1.6386e-05 7.8e-08 
1701 4 1.6231e-05 1.96e-07 
1702 5 2.4346e-05 2.82e-07 
1703 5 2.5091e-05 2.19e-07 
1704 4 1.7755e-05 1.57e-07 
1705 4 2.1123e-05 1.96e-07 
1706 5 1.9049e-05 2.08e-07 
1707 5 2.3884e-05 5.8e-08 
1708 4 1.4543e-05 5.7e-08 
1709 4 1.8741e-05 6.5e-08 
1710 6 2.6168e-05 1.07e-07 
1711 5 2.7987e-05 6.57e-07 
1712 4 2.2705e-05 8.9e-08 
1713 4 2.1041e-05 2.2e-07 
1714 5 2.0682e-05 5.9e-08 
1715 5 1.9432e-05 5.4e-08 
1716 5 2.1973e-05 1.58e-07 
1717 4 1.7677e-05 4.26e-07 
1718 5 2.0751e-05 8.2e-08 
1719 5 3.7179e-05 5.37e-07 
1720 4 1.8698e-05 7.5e-08 
1721 4 3.0073e-05 2.15e-07 
1722 5 2.0659e-05 7.6e-08 
1723 5 2.319e-05 5.9e-08 
1724 4 1.6036e-05 6.6e-08 
1725 4 1.8766e-05 5.9e-08 
1726 5 1.9101e-05 3.22e-07 
1727 5 2.6232e-05 7.9e-08 
1728 4 1.7236e-05 6.3e-08 
1729 4 1.6562e-05 2.57e-07 
1730 5 2.5509e-05 8.2e-08 
1731 5 2.5457e-05 1.45e-07 
1732 5 2.6176e-05 2.39e-07 
1733 5 2.7083e-05 5.5e-08 
1734 5 2.135e-05 5.8e-08 
1735 5 2.1121e-05 5.3e-08 
1736 4 1.512e-05 7.3e-08 
1737 4 1.5676e-05 2.57e-07 
1738 5 2.3384e-05 3.83e-07 
1739 5 2.8232e-05 2.11e-07 
1740 4 1.5851e-05 2e-07 
1741 4 1.8044e-05 7.6e-08 
1742 5 2.0388e-05 2.07e-07 
1743 5 2.5118e-05 3.02e-07 
1744 5 2.3314e-05 3.7e-07 
1745 5 2.7055e-05 1.98e-07 
1746 5 2.1044e-05 1.98e-07 
1747 5 3.8558e-05 2.03e-07 
1748 4 1.8242e-05 1.98e-07 
1749 4 1.7344e-05 6.1e-08 
1750 5 2.1662e-05 2.38e-07 
1751 5 3.2764e-05 1.054e-06 
1752 4 2.7512e-05 4.17e-07 
1753 4 2.1629e-05 6.1e-08 
1754 5 2.2515e-05 7.3e-08 
1755 5 2.2913e-05 2.72e-07 
1756 4 2.1406e-05 2.39e-07 
1757 4 1.7093e-05 2.1e-07 
1758 5 2.246e-05 3.79e-07 
1759 5 2.7677e-05 2.22e-07 
1760 4 1.7809e-05 5.9e-08 
1761 4 3.3364e-05 3.36e-07 
1762 5 2.5491e-05 7.9e-08 
1763 5 2.3076e-05 3.59e-07 
1764 5 2.5866e-05 3.55e-07 
1765 4 2.0888e-05 1.63e-07 
1766 5 2.3942e-05 2.54e-07 
1767 5 2.4038e-05 2.12e-07 
1768 5 2.4719e-05 8.9e-08 
1769 4 1.5349e-05 6.2e-08 
1770 5 1.9314e-05 2.74e-07 
1771 5 3.0984e-05 2.01e-07 
1772 5 2.3996e-05 2.92e-07 
1773 4 1.8755e-05 7.5e-08 
1774 5 2.1086e-05 1.78e-07 
1775 5 2.0571e-05 4.7e-07 
1776 4 1.9013e-05 9.3e-08 
1777 4 1.5324e-05 1.91e-07 
1778 6 2.7226e-05 1.39e-07 
1779 5 2.5273e-05 2.24e-07 
1780 4 1.877e-05 2.18e-07 
1781 4 1.8518e-05 1.83e-07 
1782 5 2.047e-05 1.02e-07 
1783 5 2.3753e-05 7.9e-08 
1784 4 1.6996e-05 2.35e-07 
1785 4 2.0238e-05 1.46e-07 
1786 5 2.0473e-05 1.1e-07 
1787 5 2.1895e-05 6.8e-08 
1788 4 1.5266e-05 2.48e-07 
1789 4 1.8451e-05 8.7e-08 
1790 5 1.9148e-05 2.28e-07 
1791 5 2.3395e-05 8.4e-08 
1792 5 2.0964e-05 7.9e-08 
1793 4 1.5494e-05 1.64e-07 
1794 5 2.0186e-05 5.8e-08 
1795 5 1.8282e-05 6.7e-08 
1796 4 1.6723e-05 3.29e-07 
1797 4 1.8636e-05 2.04e-07 
1798 5 1.9964e-05 1.92e-07 
1799 5 2.4572e-05 3.09e-07 
1800 4 1.6272e-05 6e-08 
1801 4 1.5792e-05 2.26e-07 
1802 5 1.9714e-05 9.5e-08 
1803 5 2.268e-05 6.2e-08 
1804 4 1.8772e-05 8.5e-08 
1805 4 1.6092e-05 5.62e-07 
1806 5 2.5127e-05 2.48e-07 
1807 5 2.6662e-05 2.2e-07 
1808 5 2.8297e-05 2.47e-07 
1809 4 1.8604e-05 1.73e-07 
1810 5 1.9109e-05 3.42e-07 
1811 5 2.5054e-05 6.8e-08 
1812 4 1.7486e-05 2.1e-07 
1813 4 1.6511e-05 8.5e-08 
1814 5 1.8448e-05 8e-08 
1815 5 2.6968e-05 2.29e-07 
1816 4 1.9083e-05 2.75e-07 
1817 4 2.073e-05 2.43e-07 
1818 5 2.5814e-05 2.19e-07 
1819 5 2.3546e-05 2.04e-07 
1820 5 2.2428e-05 6.9e-08 
1821 4 1.4553e-05 8.1e-08 
1822 5 1.8389e-05 2.42e-07 
1823 5 2.1902e-05 5.5e-08 
1824 4 1.5692e-05 1.374e-06 
1825 4 1.6299e-05 1.81e-07 
1826 5 1.8841e-05 1.96e-07 
1827 5 2.1459e-05 2.21e-07 
1828 4 1.7601e-05 7.4e-08 
1829 4 1.4111e-05 7.7e-08 
1830 5 1.7732e-05 6.7e-08 
1831 5 2.2055e-05 5.6e-08 
1832 5 2.1808e-05 5.7e-08 
1833 4 1.3702e-05 3.09e-07 
1834 5 2.0656e-05 1.96e-07 
1835 5 1.9437e-05 5.7e-08 
1836 4 1.5563e-05 1.88e-07 
1837 4 1.9467e-05 7.7e-08 
1838 5 1.812e-05 7.5e-08 
1839 5 2.2203e-05 3.13e-07 
1840 5 2.2808e-05 2.02e-07 
1841 4 1.9306e-05 6.3e-08 
1842 5 1.6318e-05 7.1e-08 
1843 5 2.0666e-05 5.8e-08 
1844 5 2.3219e-05 2.48e-07 
1845 4 1.9587e-05 8.7e-08 
1846 5 1.7838e-05 2.39e-07 
1847 5 2.3038e-05 9.1e-08 
1848 5 1.9682e-05 8.2e-08 
1849 4 1.6529e-05 9.3e-08 
1850 5 1.9281e-05 2.24e-07 
1851 5 2.5399e-05 2.39e-07 
1852 4 1.5904e-05 1.64e-07 
1853 4 1.7363e-05 1.87e-07 
1854 5 1.8675e-05 1.74e-07 
1855 5 2.0537e-05 2.02e-07 
1856 5 2.2269e-05 2.08e-07 
1857 4 1.7754e-05 2.27e-07 
1858 5 1.8592e-05 2.2e-07 
1859 5 2.5661e-05 2.97e-07 
1860 4 1.5311e-05 8.4e-08 
1861 4 1.5638e-05 2.09e-07 
1862 5 1.9155e-05 1.14e-07 
1863 5 2.0124e-05 2.58e-07 
1864 4 1.7354e-05 2.07e-07 
1865 5 2.5987e-05 2.25e-07 
1866 5 1.8351e-05 2e-07 
1867 5 1.9758e-05 1.64e-07 
1868 5 2.3346e-05 3.54e-07 
1869 4 1.7626e-05 1.96e-07 
1870 5 1.9265e-05 7.4e-08 
1871 5 2.4819e-05 3.73e-07 
1872 5 4.2593e-05 1.78e-07 
1873 4 2.9968e-05 4.48e-07 
1874 5 4.1527e-05 2.69e-07 
1875 5 2.1793e-05 1.96e-07 
1876 4 1.5878e-05 7.5e-08 
1877 5 2.2162e-05 5.5e-08 
1878 5 1.9033e-05 2.02e-07 
1879 5 2.3172e-05 6.2e-08 
1880 4 1.6037e-05 7.9e-08 
1881 4 1.5368e-05 2.15e-07 
1882 5 2.031e-05 2.26e-07 
1883 5 2.0551e-05 2.1e-07 
1884 5 2.5162e-05 2.06e-07 
1885 4 1.5536e-05 1.98e-07 
1886 5 1.8631e-05 5.9e-08 
1887 5 2.2467e-05 1.28e-07 
1888 4 1.6452e-05 9e-08 
1889 4 1.5033e-05 6.3e-08 
1890 5 1.7013e-05 2.17e-07 
1891 5 2.3846e-05 2.23e-07 
1892 4 1.7224e-05 1.69e-07 
1893 4 1.8123e-05 1.95e-07 
1894 5 1.8632e-05 7e-08 
1895 5 1.8279e-05 2.2e-07 
1896 5 2.272e-05 2.63e-07 
1897 4 1.6691e-05 2.12e-07 
1898 5 1.7364e-05 5.9e-08 
1899 6 2.6906e-05 1.01e-07 
1900 4 1.5463e-05 5.6e-08 
1901 4 1.521e-05 6.1e-08 
1902 6 2.2084e-05 1.03e-07 
1903 5 1.8013e-05 5.6e-08 
1904 4 1.561e-05 5.7e-08 
1905 4 1.428e-05 1.03e-07 
1906 5 2.0218e-05 9.75e-07 
1907 5 3.29e-05 2.58e-07 
1908 5 3.2852e-05 2.61e-07 
1909 4 2.1775e-05 4.99e-07 
1910 5 4.2688e-05 4.76e-07 
1911 5 4.5025e-05 3.75e-07 
1912 5 2.5626e-05 2.94e-07 
1913 4 1.769e-05 2.262e-06 
1914 5 6.7538e-05 9.08e-07 
1915 5 5.7913e-05 6.59e-07 
1916 4 4.5529e-05 3.88e-07 
1917 4 3.4913e-05 3.88e-07 
1918 5 3.1424e-05 5.12e-07 
1919 5 4.287e-05 3.22e-07 
1920 5 2.9895e-05 6.57e-07 
1921 4 5.4529e-05 7.24e-07 
1922 5 5.5657e-05 7.5e-08 
1923 5 2.521e-05 1.01e-07 
1924 5 2.7949e-05 4.44e-07 
1925 4 2.4433e-05 2.16e-07 
1926 5 3.0733e-05 3.05e-07 
1927 5 4.7751e-05 1.23e-07 
1928 4 2.0348e-05 1.86e-07 
1929 4 2.0902e-05 9.2e-08 
1930 5 2.808e-05 1.2e-07 
1931 5 2.9969e-05 9.47e-07 
1932 5 3.9647e-05 4.27e-07 
1933 4 2.5368e-05 2.96e-07 
1934 5 3.3981e-05 2.93e-07 
1935 5 3.1287e-05 3.24e-07 
1936 4 2.3863e-05 3.77e-07 
1937 4 2.5873e-05 1.26e-07 
1938 5 3.1154e-05 1.022e-06 
1939 5 8.0552e-05 8.12e-07 
1940 4 5.2329e-05 4.58e-07 
1941 4 5.3305e-05 3.97e-07 
1942 5 4.6901e-05 1.38e-07 
1943 5 3.4343e-05 1e-07 
1944 5 3.0633e-05 9.65e-07 
1945 4 3.0362e-05 2.41e-07 
1946 5 2.8429e-05 3.64e-07 
1947 5 3.6968e-05 2.5e-07 
1948 5 3.3783e-05 1.23e-07 
1949 4 2.3233e-05 1.19e-07 
1950 5 3.3494e-05 7.67e-07 
1951 5 4.2421e-05 3.56e-07 
1952 4 2.4802e-05 1.09e-07 
1953 4 2.5274e-05 2.01e-07 
1954 5 3.0167e-05 1.32e-07 
1955 5 3.1723e-05 1.3e-07 
1956 4 2.7012e-05 6.84e-07 
1957 4 2.8906e-05 1.78e-07 
1958 5 3.123e-05 1.56e-07 
1959 5 4.0701e-05 8.57e-07 
1960 5 7.8018e-05 3.72e-07 
1961 4 2.5306e-05 1.4e-07 
1962 5 3.0294e-05 5.42e-07 
1963 5 3.7021e-05 1.77e-07 
1964 4 2.6701e-05 3.73e-07 
1965 4 3.114e-05 3.54e-07 
1966 5 3.6128e-05 1.54e-07 
1967 5 3.8304e-05 6.22e-07 
1968 4 4.176e-05 2.37e-07 
1969 4 3.8858e-05 1.091e-06 
1970 5 6.7056e-05 2.14e-07 
1971 5 7.0682e-05 4.86e-07 
1972 5 4.6431e-05 5.65e-07 
1973 4 3.5183e-05 4.54e-07 
1974 6 4.8e-05 1.043e-06 
1975 5 7.2396e-05 3.93e-07 
1976 4 3.2687e-05 2.07e-07 
1977 4 3.8703e-05 4.46e-07 
1978 5 3.9445e-05 1.4e-07 
1979 5 4.5336e-05 1.67e-07 
1980 4 3.9103e-05 6.85e-07 
1981 4 4.0296e-05 1.95e-07 
1982 5 3.8588e-05 2.09e-07 
1983 5 4.9862e-05 8.02e-07 
1984 5 5.6265e-05 5.42e-07 
1985 4 4.0606e-05 5.59e-07 
1986 5 4.5405e-05 1.81e-07 
1987 6 6.6245e-05 2.9e-07 
1988 5 4.9552e-05 2.28e-07 
1989 4 5.2795e-05 3.44e-07 
1990 5 5.5759e-05 1.138e-06 
1991 5 8.6629e-05 5.1e-07 
1992 4 3.9864e-05 2.19e-07 
1993 4 3.7182e-05 4.8e-07 
1994 5 4.695e-05 6.47e-07 
1995 5 4.8261e-05 4.91e-07 
1996 5 4.9569e-05 5.32e-07 
1997 5 7.5965e-05 1.53e-07 
1998 5 3.8741e-05 1.43e-07 
1999 5 4.821e-05 1.42e-07 
2000 5 3.8193e-05 2.35e-07 
2001 4 4.3951e-05 2.99e-07 
2002 5 6.2782e-05 6.69e-07 
2003 5 6.2602e-05 1.99e-07 
2004 4 4.7619e-05 6.28e-07 
2005 4 7.9052e-05 5.31e-07 
2006 5 3.8384e-05 4.54e-07 
2007 5 4.1823e-05 5.11e-07 
2008 5 3.8901e-05 4.42e-07 
2009 5 3.9104e-05 1.97e-07 
2010 5 4.6547e-05 1.6e-07 
2011 5 4.0104e-05 1.227e-06 
2012 4 3.9807e-05 4.73e-07 
2013 4 3.5395e-05 1.37e-07 
2014 5 0.000371634 1.151e-06 
2015 5 4.9604e-05 4.16e-07 
2016 4 3.1063e-05 1.5e-07 
2017 4 2.6764e-05 1.21e-07 
2018 5 3.9579e-05 8.2e-08 
2019 5 2.6945e-05 5.55e-07 
2020 5 3.2719e-05 2.81e-07 
2021 4 2.0733e-05 2.77e-07 
2022 5 3.0139e-05 2.69e-07 
2023 5 3.258e-05 9.9e-08 
2024 5 2.5433e-05 5.7e-08 
2025 4 1.6922e-05 2.76e-07 
2026 5 2.1326e-05 9.2e-08 
2027 5 2.2352e-05 2.51e-07 
2028 4 1.734e-05 7.7e-08 
2029 4 2.8178e-05 2.02e-07 
2030 5 3.5961e-05 1.51e-07 
2031 5 3.0316e-05 3.55e-07 
2032 4 2.9626e-05 2.85e-07 
2033 4 2.1369e-05 1.03e-07 
2034 5 2.3635e-05 3.01e-07 
2035 5 2.848e-05 4.44e-07 
2036 5 3.5967e-05 1.04e-07 
2037 4 2.0529e-05 1.22e-07 
2038 5 2.4127e-05 3.75e-07 
2039 5 3.401e-05 3.85e-07 
2040 4 1.7269e-05 7.9e-08 
2041 4 1.539e-05 9.5e-08 
2042 5 1.9674e-05 2.44e-07 
2043 5 2.6115e-05 2.2e-07 
2044 4 1.6911e-05 3.64e-07 
2045 4 2.8479e-05 3.4e-07 
2046 5 3.6911e-05 7.88e-07 
2047 5 5.2054e-05 4.12e-07 
2048 5 3.0121e-05 3e-07 
2049 4 2.227e-05 1.34e-07 
2050 5 2.7188e-05 1.79e-07 
2051 5 2.7974e-05 2.59e-07 
2052 4 1.9224e-05 9.2e-08 
2053 4 1.5258e-05 1.42e-07 
2054 5 2.0533e-05 8.7e-08 
2055 5 3.5064e-05 9.1e-08 
2056 4 1.6434e-05 9e-08 
2057 4 1.4605e-05 9.4e-08 
2058 5 1.6468e-05 8.5e-08 
2059 5 2.813e-05 1.82e-07 
2060 5 2.427e-05 2.14e-07 
2061 4 1.6296e-05 7.6e-08 
2062 5 2.0756e-05 2.69e-07 
2063 5 2.21e-05 3.99e-07 
2064 5 3.673e-05 4.63e-07 
2065 4 3.1474e-05 1.07e-07 
2066 6 2.4893e-05 1.65e-07 
2067 5 2.3201e-05 2.91e-07 
2068 4 2.1159e-05 2.15e-07 
2069 4 1.9385e-05 1.68e-07 
2070 5 2.1137e-05 2.26e-07 
2071 5 2.3443e-05 7.3e-08 
2072 5 2.1098e-05 5.6e-08 
2073 4 1.4242e-05 6e-08 
2074 5 1.7346e-05 7.5e-08 
2075 5 1.8215e-05 7.5e-08 
2076 5 1.9328e-05 3.3e-07 
2077 4 1.8628e-05 1.97e-07 
2078 5 2.2333e-05 6.4e-08 
2079 5 2.3852e-05 2.74e-07 
2080 4 1.6324e-05 7.4e-08 
2081 4 1.7506e-05 1.66e-07 
2082 5 1.994e-05 7.4e-08 
2083 5 2.0084e-05 7e-08 
2084 5 2.142e-05 7.5e-08 
2085 4 1.8875e-05 4.64e-07 
2086 5 2.8228e-05 1.069e-06 
2087 5 5.4638e-05 8.96e-07 
2088 4 2.5507e-05 1.78e-07 
2089 4 1.9692e-05 1.85e-07 
2090 5 2.4688e-05 2.47e-07 
2091 5 3.2478e-05 2.93e-07 
2092 4 2.5872e-05 2.88e-07 
2093 4 2.181e-05 9.2e-08 
2094 5 2.6316e-05 1.05e-07 
2095 5 2.4683e-05 1.17e-07 
2096 5 2.826e-05 8.6e-08 
2097 4 1.9437e-05 1.06e-07 
2098 5 2.4507e-05 6.25e-07 
2099 5 3.5296e-05 2.38e-07 
2100 5 2.8478e-05 1.27e-07 
2101 4 2.4737e-05 9.4e-08 
2102 5 2.8888e-05 8.1e-08 
2103 5 2.9947e-05 4.73e-07 
2104 4 3.7478e-05 3.53e-07 
2105 4 3.4875e-05 2.96e-07 
2106 5 2.9172e-05 1.0654e-05 
2107 5 3.3128e-05 5.39e-07 
2108 5 3.7524e-05 4.15e-07 
2109 4 3.1092e-05 4.19e-07 
2110 5 3.4406e-05 1.08e-07 
2111 5 3.5398e-05 1.53e-07 
2112 5 3.4298e-05 1.33e-07 
2113 4 2.8022e-05 5.86e-07 
2114 5 5.7876e-05 3.89e-07 
2115 5 3.417e-05 2.01e-07 
2116 4 2.593e-05 3.71e-07 
2117 4 4.6046e-05 4.16e-07 
2118 5 3.5061e-05 4.46e-07 
2119 5 4.4799e-05 8.12e-07 
2120 4 7.0721e-05 1.79e-07 
2121 4 2.247e-05 1.54e-07 
2122 5 2.5111e-05 3.38e-07 
2123 5 3.2001e-05 1.06e-07 
2124 5 2.5675e-05 1.05e-07 
2125 4 2.4855e-05 2.46e-07 
2126 5 2.8704e-05 9.7e-08 
2127 5 2.6714e-05 8.5e-08 
2128 4 2.1641e-05 1.64e-07 
2129 5 3.5751e-05 1.74e-07 
2130 5 2.7542e-05 1.35e-07 
2131 5 3.5316e-05 1.01e-07 
2132 4 2.3575e-05 1.3e-07 
2133 4 2.2216e-05 1.04e-07 
2134 5 2.5566e-05 9e-08 
2135 5 2.6254e-05 6.35e-07 
2136 5 3.6632e-05 9.5e-08 
2137 4 2.2919e-05 3.66e-07 
2138 5 2.8461e-05 1.42e-07 
2139 5 3.2373e-05 4.12e-07 
2140 5 3.4801e-05 1.45e-07 
2141 5 2.9056e-05 2.95e-07 
2142 5 2.815e-05 2.75e-07 
2143 5 2.9049e-05 9.6e-08 
2144 5 2.8943e-05 4.27e-07 
2145 4 3.1093e-05 3.03e-07 
2146 5 3.3379e-05 2.559e-06 
2147 5 4.405e-05 3.73e-07 
2148 5 3.5401e-05 3.89e-07 
2149 4 2.6419e-05 1.66e-07 
2150 5 3.3641e-05 4.15e-07 
2151 5 3.7022e-05 1.63e-07 
2152 5 3.1307e-05 9.02e-07 
2153 4 4.8863e-05 3.65e-07 
2154 5 5.5621e-05 5.37e-07 
2155 5 4.0272e-05 1.62e-07 
2156 4 2.9588e-05 1.7e-07 
2157 4 2.4876e-05 3.16e-07 
2158 5 3.6213e-05 4.02e-07 
2159 5 3.8988e-05 3.4e-07 
2160 5 3.5945e-05 6.36e-07 
2161 4 4.8047e-05 1.223e-06 
2162 5 6.3851e-05 3.42e-07 
2163 5 3.3627e-05 2.98e-07 
2164 4 2.3378e-05 2.65e-07 
2165 4 2.1657e-05 9e-08 
2166 6 3.4054e-05 5.08e-07 
2167 5 3.3373e-05 3.81e-07 
2168 4 2.3173e-05 2.93e-07 
2169 4 2.1132e-05 2.45e-07 
2170 5 2.6015e-05 3.81e-07 
2171 5 3.529e-05 7.4e-08 
2172 5 2.4746e-05 7.9e-08 
2173 4 1.8601e-05 9.7e-08 
2174 5 2.3997e-05 3.86e-07 
2175 5 2.5516e-05 2.5e-07 
2176 5 2.6086e-05 2.97e-07 
2177 4 2.0359e-05 2.83e-07 
2178 5 2.6701e-05 3.15e-07 
2179 5 3.5134e-05 4.43e-07 
2180 4 2.3027e-05 3.94e-07 
2181 4 2.5963e-05 3.72e-07 
2182 5 4.8246e-05 8.56e-07 
2183 5 7.6806e-05 7.23e-07 
2184 5 5.8621e-05 6.65e-07 
2185 4 4.3322e-05 9.2e-08 
2186 5 1.9735e-05 7e-08 
2187 5 2.3551e-05 3.52e-07 
2188 5 2.7238e-05 2.62e-07 
2189 4 1.8798e-05 7.8e-08 
2190 5 1.9466e-05 2.19e-07 
2191 5 2.8579e-05 9.5e-08 
2192 4 1.6389e-05 2.01e-07 
2193 4 1.774e-05 1.79e-07 
2194 5 2.0548e-05 1.09e-07 
2195 5 2.2375e-05 1.15e-07 
2196 5 2.3154e-05 7.2e-08 
2197 4 1.7273e-05 7.9e-08 
2198 5 3.144e-05 1.13e-07 
2199 5 2.9341e-05 1.01e-07 
2200 5 2.3116e-05 8.63e-07 
2201 4 4.4378e-05 6.57e-07 
2202 5 2.9809e-05 2.57e-07 
2203 5 2.4011e-05 2.52e-07 
2204 5 2.9996e-05 8.3e-08 
2205 4 1.4853e-05 5.7e-08 
2206 5 3.524e-05 1.07e-07 
2207 5 2.4089e-05 4.66e-07 
2208 4 2.6765e-05 1.4e-07 
2209 4 2.0934e-05 3.29e-07 
2210 6 3.5264e-05 4.48e-07 
2211 5 3.4293e-05 1.27e-07 
2212 5 3.2786e-05 1.93e-07 
2213 4 2.2558e-05 2.7e-07 
2214 5 2.6421e-05 4.16e-07 
2215 5 2.8526e-05 2.94e-07 
2216 5 3.8198e-05 3.03e-07 
2217 4 2.2173e-05 3.07e-07 
2218 5 2.7637e-05 3.24e-07 
2219 6 4.1579e-05 4.88e-07 
2220 4 2.5986e-05 3.53e-07 
2221 4 2.2572e-05 2.86e-07 
2222 5 2.8458e-05 3.45e-07 
2223 5 3.1996e-05 3.85e-07 
2224 5 3.2827e-05 2.43e-07 
2225 4 1.6947e-05 2.18e-07 
2226 5 2.111e-05 2.14e-07 
2227 5 2.9316e-05 3.54e-07 
2228 5 3.4629e-05 1.48e-07 
2229 4 2.6054e-05 7.7e-08 
2230 5 1.7951e-05 2.07e-07 
2231 5 2.5524e-05 5.45e-07 
2232 4 2.3286e-05 2.11e-07 
2233 4 3.6453e-05 2.62e-07 
2234 5 2.3202e-05 2.83e-07 
2235 5 2.5535e-05 2.69e-07 
2236 5 2.7096e-05 2.14e-07 
2237 4 1.9502e-05 6.4e-08 
2238 6 2.5121e-05 2.58e-07 
2239 5 2.6661e-05 2.1e-07 
2240 5 2.2295e-05 1.97e-07 
2241 4 2.0423e-05 9.9e-08 
2242 5 2.1153e-05 1.02e-07 
2243 5 2.6282e-05 7.3e-08 
2244 4 1.855e-05 2.74e-07 
2245 4 2.2259e-05 9.7e-08 
2246 5 2.1799e-05 1.42e-07 
2247 5 2.7157e-05 2.63e-07 
2248 5 2.4356e-05 2.44e-07 
2249 4 1.9568e-05 1.08e-07 
2250 5 5.527e-05 8e-08 
2251 5 2.6478e-05 6.5e-08 
2252 5 2.16e-05 1.94e-07 
2253 4 1.8172e-05 4.11e-07 
2254 5 2.8411e-05 2.74e-07 
2255 5 2.5796e-05 1.65e-07 
2256 4 1.691e-05 1e-07 
2257 4 1.7736e-05 8.2e-08 
2258 5 1.8337e-05 7.1e-08 
2259 5 2.2327e-05 8.9e-08 
2260 5 2.1197e-05 5.8e-08 
2261 5 2.1645e-05 3.41e-07 
2262 5 1.8948e-05 5.6e-08 
2263 5 2.1188e-05 2.77e-07 
2264 5 2.6789e-05 7.3e-08 
2265 4 1.5806e-05 7.8e-08 
2266 5 1.6314e-05 1.22e-07 
2267 5 3.1669e-05 9e-08 
2268 4 1.9528e-05 5.76e-07 
2269 4 2.6206e-05 9.3e-08 
2270 5 2.6673e-05 2.38e-07 
2271 5 2.4936e-05 2.05e-07 
2272 5 2.0403e-05 1.85e-07 
2273 5 2.4146e-05 8.2e-08 
2274 5 1.6268e-05 1.88e-07 
2275 5 1.8882e-05 1.38e-07 
2276 5 2.0804e-05 2.26e-07 
2277 4 1.709e-05 1.91e-07 
2278 5 1.6951e-05 7.5e-08 
2279 5 2.3434e-05 5.9e-08 
2280 5 2.2855e-05 6.1e-08 
2281 4 1.4183e-05 9e-08 
2282 5 1.6214e-05 7.1e-08 
2283 5 2.0079e-05 8.9e-08 
2284 4 1.6094e-05 6.2e-08 
2285 4 1.3727e-05 1.61e-07 
2286 5 1.6691e-05 2.75e-07 
2287 5 2.3158e-05 2.13e-07 
2288 5 2.5041e-05 2.12e-07 
2289 4 1.7502e-05 1.82e-07 
2290 5 1.8232e-05 7.4e-08 
2291 5 2.4428e-05 7.4e-08 
2292 5 2.1951e-05 7.6e-08 
2293 4 1.6115e-05 6e-08 
2294 5 3.0207e-05 2.73e-07 
2295 5 2.2113e-05 7.9e-08 
2296 4 1.5679e-05 6.3e-08 
2297 4 1.516e-05 7.7e-08 
2298 5 1.6783e-05 3.07e-07 
2299 5 2.5312e-05 5.7e-08 
2300 5 1.9443e-05 2.07e-07 
2301 4 1.7858e-05 2.77e-07 
2302 5 2.4398e-05 1.06e-07 
2303 5 2.5189e-05 2.84e-07 
2304 5 3.1635e-05 6.1e-08 
2305 4 1.5526e-05 6.1e-08 
2306 5 1.8467e-05 6.9e-08 
2307 5 2.0027e-05 9e-08 
2308 4 1.4331e-05 9e-08 
2309 4 1.5816e-05 6.7e-08 
2310 5 1.8884e-05 3.1e-07 
2311 5 2.4904e-05 3.25e-07 
2312 5 2.1947e-05 2.06e-07 
2313 4 1.6829e-05 8.2e-08 
2314 5 1.7474e-05 7.6e-08 
2315 5 1.8192e-05 7.2e-08 
2316 5 2.5173e-05 1.31e-07 
2317 4 1.7167e-05 8.9e-08 
2318 5 2.0192e-05 3.36e-07 
2319 5 3.1855e-05 1.08e-07 
2320 4 1.8626e-05 9.6e-08 
2321 4 1.811e-05 2.38e-07 
2322 5 2.2335e-05 2.97e-07 
2323 5 2.505e-05 7.6e-08 
2324 5 2.2012e-05 2.91e-07 
2325 4 1.7355e-05 1.27e-07 
2326 5 2.1653e-05 8.2e-08 
2327 6 3.1846e-05 1.23e-07 
2328 5 2.3243e-05 6.7e-08 
2329 4 1.7358e-05 7.7e-08 
2330 5 1.8163e-05 1.02e-07 
2331 5 2.6292e-05 6.4e-08 
2332 4 1.6003e-05 9e-08 
2333 4 1.7331e-05 7.8e-08 
2334 5 2.1951e-05 8.6e-08 
2335 5 2.0622e-05 6.9e-08 
2336 5 2.3717e-05 6.3e-08 
2337 4 1.6021e-05 7e-08 
2338 5 1.8802e-05 7.2e-08 
2339 5 2.7626e-05 8.2e-08 
2340 5 2.4136e-05 6.5e-08 
2341 4 1.5665e-05 7.6e-08 
2342 5 1.9734e-05 6.3e-08 
2343 5 2.1427e-05 9.3e-08 
2344 4 1.6352e-05 9.1e-08 
2345 4 1.525e-05 8.1e-08 
2346 5 1.733e-05 8.3e-08 
2347 5 2.2994e-05 6.2e-08 
2348 5 2.1486e-05 7.5e-08 
2349 4 1.5737e-05 6.5e-08 
2350 5 1.8533e-05 6.5e-08 
2351 5 2.5189e-05 6.2e-08 
2352 5 2.1862e-05 6.4e-08 
2353 4 1.5761e-05 6.9e-08 
2354 6 2.2894e-05 1.01e-07 
2355 5 1.8996e-05 1.74e-07 
2356 5 2.2127e-05 9.9e-08 
2357 4 1.8724e-05 2.99e-07 
2358 6 3.2468e-05 2.55e-07 
2359 5 2.7482e-05 6.3e-08 
2360 4 1.7315e-05 6.4e-08 
2361 4 1.5697e-05 5.8e-08 
2362 5 1.7873e-05 1.18e-07 
2363 5 2.1476e-05 9.4e-08 
2364 5 2.1867e-05 7e-08 
2365 4 1.8339e-05 7.8e-08 
2366 5 1.8654e-05 7.1e-08 
2367 5 2.1166e-05 6e-08 
2368 5 2.197e-05 6e-08 
2369 4 1.7385e-05 6.3e-08 
2370 5 1.8052e-05 6e-08 
2371 5 2.1543e-05 5.7e-08 
2372 4 1.6384e-05 5.9e-08 
2373 4 1.8822e-05 4.99e-07 
2374 5 2.4605e-05 6.7e-08 
2375 5 2.0645e-05 6.9e-08 
2376 5 2.5143e-05 7.4e-08 
2377 4 1.7544e-05 6.2e-08 
2378 5 1.6261e-05 5.03e-07 
2379 5 2.8928e-05 1.02e-07 
2380 5 2.8426e-05 7.1e-08 
2381 4 1.6797e-05 9.3e-08 
2382 5 1.7854e-05 3.49e-07 
2383 5 2.5212e-05 2.94e-07 
2384 5 2.3395e-05 1.96e-07 
2385 4 1.7396e-05 1.72e-07 
2386 5 1.8751e-05 9.5e-08 
2387 5 2.0736e-05 7.4e-08 
2388 5 2.051e-05 1.471e-06 
2389 4 1.8439e-05 1.74e-07 
2390 5 1.8203e-05 2.03e-07 
2391 5 2.3916e-05 1.86e-07 
2392 5 2.3159e-05 9.2e-08 
2393 5 2.2978e-05 9.6e-08 
2394 5 1.9684e-05 1.89e-07 
2395 5 2.1386e-05 5.7e-08 
2396 5 2.1762e-05 1e-07 
2397 4 1.7526e-05 7.8e-08 
2398 5 4.7532e-05 4.73e-07 
2399 5 2.9629e-05 1.92e-07 
2400 5 2.2289e-05 5.8e-08 
2401 4 1.6419e-05 9.3e-08 
2402 5 1.8268e-05 2.45e-07 
2403 5 2.6096e-05 7.85e-07 
2404 5 3.2782e-05 7.9e-08 
2405 5 2.2143e-05 5e-08 
2406 5 2.066e-05 2.47e-07 
2407 5 2.6049e-05 1.29e-07 
2408 4 1.5388e-05 8e-08 
2409 4 1.7437e-05 4.34e-07 
2410 5 2.2365e-05 2.61e-07 
2411 5 2.9322e-05 2.09e-07 
2412 5 2.4587e-05 3.22e-07 
2413 4 1.6519e-05 2.35e-07 
2414 5 2.4544e-05 2.43e-07 
2415 5 2.4752e-05 1.64e-07 
2416 5 2.6714e-05 1.89e-07 
2417 4 1.8997e-05 3.27e-07 
2418 5 1.9953e-05 1.66e-07 
2419 5 2.686e-05 9.2e-08 
2420 4 1.5963e-05 6.1e-08 
2421 4 1.7167e-05 6.9e-08 
2422 5 2.0652e-05 7.7e-08 
2423 5 2.3005e-05 5.07e-07 
2424 5 2.6713e-05 6.1e-08 
2425 4 1.7166e-05 3.67e-07 
2426 5 2.2968e-05 2.3e-07 
2427 5 2.694e-05 5.16e-07 
2428 5 3.0895e-05 1.12e-07 
2429 4 2.0023e-05 2.47e-07 
2430 6 3.1588e-05 3.05e-07 
2431 5 3.1939e-05 9.2e-08 
2432 5 2.7524e-05 8.5e-08 
2433 4 2.0283e-05 7.9e-08 
2434 5 2.3359e-05 1.01e-07 
2435 5 2.4306e-05 7.8e-08 
2436 4 1.9959e-05 1.02e-07 
2437 4 1.9688e-05 1.054e-06 
2438 5 3.2888e-05 1.2e-07 
2439 6 4.1424e-05 1.51e-07 
2440 5 2.8325e-05 1.06e-07 
2441 4 2.1988e-05 1.14e-07 
2442 5 2.6626e-05 1.051e-06 
2443 5 3.8382e-05 2.93e-07 
2444 5 2.8962e-05 3.03e-07 
2445 4 2.3001e-05 3.33e-07 
2446 5 2.9882e-05 9.3e-08 
2447 5 3.017e-05 3.31e-07 
2448 4 4.4736e-05 2.79e-07 
2449 4 2.515e-05 1.09e-07 
2450 5 3.2011e-05 3.98e-07 
2451 5 4.047e-05 1.68e-07 
2452 5 3.1119e-05 1.19e-07 
2453 4 2.4466e-05 1.18e-07 
2454 5 3.1561e-05 1.3e-07 
2455 5 2.9551e-05 2.88e-07 
2456 5 3.1286e-05 2.41e-07 
2457 4 2.5907e-05 9.68e-07 
2458 5 4.1598e-05 1.43e-07 
2459 5 4.178e-05 1.61e-07 
2460 5 3.5806e-05 1.86e-07 
2461 4 2.9561e-05 1.59e-07 
2462 5 3.1719e-05 1.45e-07 
2463 5 3.1089e-05 1.42e-07 
2464 5 2.9211e-05 6.8e-08 
2465 4 1.7121e-05 1.13e-07 
2466 5 2.2028e-05 7.8e-08 
2467 5 2.264e-05 6.84e-07 
2468 5 3.1791e-05 2.26e-07 
2469 4 2.2602e-05 9.4e-08 
2470 5 2.4011e-05 5.5e-08 
2471 6 3.2681e-05 2.82e-07 
2472 5 2.61e-05 1.19e-07 
2473 4 1.6474e-05 7.8e-08 
2474 5 2.0235e-05 5.7e-08 
2475 5 2.0594e-05 7.3e-08 
2476 5 2.158e-05 1e-07 
2477 4 1.5341e-05 8.6e-08 
2478 5 1.9072e-05 5.8e-08 
2479 5 2.5253e-05 6e-08 
2480 5 2.0757e-05 5.5e-08 
2481 4 1.4435e-05 6.3e-08 
2482 5 1.8801e-05 9.15e-07 
2483 5 2.8703e-05 1.95e-07 
2484 4 1.6582e-05 1.94e-07 
2485 4 1.6489e-05 1.83e-07 
2486 5 2.2109e-05 2.24e-07 
2487 5 2.4626e-05 2.12e-07 
2488 5 2.3445e-05 8.8e-08 
2489 4 1.4793e-05 6.2e-08 
2490 5 1.8996e-05 8.4e-08 
2491 5 2.5285e-05 7.5e-08 
2492 5 2.4039e-05 6e-08 
2493 4 1.5145e-05 4.07e-07 
2494 5 2.6448e-05 2.04e-07 
2495 5 3.7217e-05 1.34e-07 
2496 4 2.9153e-05 1.95e-07 
2497 4 2.1657e-05 7e-08 
2498 6 2.5592e-05 2.64e-07 
2499 5 2.7828e-05 2.54e-07 
2500 5 2.2575e-05 3e-07 
2501 4 2.406e-05 1.89e-07 
2502 6 4.3104e-05 1.2e-07 
2503 5 2.83e-05 9.1e-08 
2504 5 2.3303e-05 1.14e-07 
2505 4 2.202e-05 1.18e-07 
2506 5 2.0666e-05 6.63e-07 
2507 5 3.4957e-05 9.9e-08 
2508 5 2.8469e-05 1.09e-07 
2509 4 2.1852e-05 4.64e-07 
2510 5 2.7445e-05 3.96e-07 
2511 5 3.4605e-05 3.04e-07 
2512 4 2.4008e-05 2.65e-07 
2513 4 2.3734e-05 2.39e-07 
2514 5 2.6919e-05 8.2e-08 
2515 5 2.4112e-05 7.3e-08 
2516 5 3.0447e-05 1.03e-07 
2517 4 2.197e-05 3.01e-07 
2518 5 2.7699e-05 2.61e-07 
2519 5 3.1305e-05 3.51e-07 
2520 5 2.7492e-05 6.3e-08 
2521 4 1.7824e-05 8e-08 
2522 5 1.9586e-05 2.48e-07 
2523 5 2.777e-05 2.3e-07 
2524 5 2.3128e-05 8.4e-08 
2525 5 2.5094e-05 2.48e-07 
2526 5 2.1114e-05 2.39e-07 
2527 5 5.1299e-05 2.29e-07 
2528 5 2.4673e-05 8.6e-08 
2529 4 1.7904e-05 7.6e-08 
2530 5 3.7884e-05 5.42e-07 
2531 5 3.2069e-05 6.9e-08 
2532 5 2.3206e-05 1.26e-07 
2533 4 1.933e-05 3.59e-07 
2534 5 2.3546e-05 2.41e-07 
2535 5 2.2738e-05 2.21e-07 
2536 5 2.3593e-05 1.92e-07 
2537 5 2.3759e-05 6.8e-08 
2538 5 2.1985e-05 2.15e-07 
2539 6 3.1906e-05 3.06e-07 
2540 5 2.3118e-05 2.2e-07 
2541 4 3.4628e-05 1.95e-07 
2542 5 2.004e-05 5.8e-08 
2543 5 2.09e-05 5.3e-08 
2544 5 2.104e-05 5.7e-08 
2545 4 1.4876e-05 7.5e-08 
2546 5 1.8082e-05 5.1e-08 
2547 5 1.995e-05 5.9e-08 
2548 5 1.9547e-05 5.7e-08 
2549 4 1.3939e-05 6.1e-08 
2550 5 1.7912e-05 5.9e-08 
2551 5 2.4417e-05 3.33e-07 
2552 5 2.5095e-05 6.1e-08 
2553 4 1.661e-05 2.28e-07 
2554 5 2.2539e-05 3.58e-07 
2555 5 2.2597e-05 2.18e-07 
2556 5 2.3975e-05 8.4e-08 
2557 4 1.6206e-05 8.5e-08 
2558 5 2.022e-05 6.9e-08 
2559 5 2.4353e-05 2.71e-07 
2560 5 2.2812e-05 6.1e-08 
2561 4 1.5393e-05 2.16e-07 
2562 5 1.9011e-05 7.3e-08 
2563 5 2.0734e-05 2.04e-07 
2564 5 2.5048e-05 1.93e-07 
2565 4 1.6334e-05 1.89e-07 
2566 5 2.0724e-05 2.47e-07 
2567 5 2.4442e-05 2.03e-07 
2568 5 2.5826e-05 3.79e-07 
2569 4 2.8757e-05 1.46e-07 
2570 5 3.0984e-05 2.05e-07 
2571 5 2.693e-05 2.19e-07 
2572 4 1.551e-05 2.05e-07 
2573 4 1.7755e-05 1.71e-07 
2574 5 2.1847e-05 1.97e-07 
2575 5 2.2831e-05 2e-07 
2576 5 2.2482e-05 1.83e-07 
2577 4 1.7329e-05 6.8e-08 
2578 5 1.7649e-05 7.2e-08 
2579 5 2.5647e-05 3.14e-07 
2580 5 2.442e-05 2.41e-07 
2581 4 1.6328e-05 2.46e-07 
2582 5 2.6588e-05 4.61e-07 
2583 5 3.7328e-05 1.11e-07 
2584 5 3.8793e-05 1.32e-07 
2585 4 2.7755e-05 1.75e-07 
2586 5 1.9443e-05 1.87e-07 
2587 5 2.2232e-05 1.88e-07 
2588 4 1.8151e-05 1.81e-07 
2589 4 1.697e-05 1.95e-07 
2590 5 2.3052e-05 1.8e-07 
2591 5 2.6055e-05 2.6e-07 
2592 5 2.354e-05 5.7e-08 
2593 4 1.5395e-05 8.4e-08 
2594 5 1.95e-05 2.52e-07 
2595 5 2.0225e-05 9.2e-08 
2596 5 2.1682e-05 6e-08 
2597 4 1.5512e-05 6.9e-08 
2598 5 4.7278e-05 8.3e-08 
2599 5 2.423e-05 3.76e-07 
2600 5 2.5645e-05 1.91e-07 
2601 4 1.6474e-05 2.11e-07 
2602 5 1.9305e-05 5.9e-08 
2603 5 2.1816e-05 7e-08 
2604 5 2.1101e-05 3.74e-07 
2605 4 1.9316e-05 1.97e-07 
2606 5 2.3477e-05 1.89e-07 
2607 5 2.4298e-05 7.4e-08 
2608 5 2.2183e-05 2.52e-07 
2609 4 1.8121e-05 1.98e-07 
2610 5 1.8293e-05 6.4e-08 
2611 5 2.4703e-05 5.5e-08 
2612 5 2.3718e-05 1.93e-07 
2613 4 1.5946e-05 6e-08 
2614 5 1.9635e-05 2.16e-07 
2615 5 2.1149e-05 1.91e-07 
2616 5 2.1048e-05 1.81e-07 
2617 4 1.7237e-05 1.87e-07 
2618 5 2.2263e-05 2.02e-07 
2619 5 2.6334e-05 5.9e-08 
2620 5 2.4608e-05 2.62e-07 
2621 4 1.9691e-05 1.18e-07 
2622 6 2.9749e-05 3.4e-07 
2623 5 2.6196e-05 7.4e-08 
2624 5 2.1032e-05 5.7e-08 
2625 4 1.5641e-05 1.76e-07 
2626 5 1.9462e-05 8.6e-08 
2627 5 2.2273e-05 6.3e-08 
2628 5 2.2159e-05 2.38e-07 
2629 4 2.0097e-05 8.7e-08 
2630 5 2.0234e-05 6.8e-08 
2631 5 2.4409e-05 6.4e-08 
2632 5 2.3289e-05 2.43e-07 
2633 4 2.2128e-05 1.79e-07 
2634 5 1.8457e-05 1.93e-07 
2635 5 2.1428e-05 9.4e-08 
2636 5 2.2306e-05 2.54e-07 
2637 4 2.1969e-05 2.35e-07 
2638 5 2.1487e-05 8.7e-08 
2639 5 2.3525e-05 2.35e-07 
2640 5 2.4736e-05 7.2e-08 
2641 4 1.9266e-05 2.05e-07 
2642 6 3.6353e-05 2.65e-07 
2643 5 2.5408e-05 1.51e-07 
2644 5 2.3939e-05 1.93e-07 
2645 4 1.8034e-05 1.1e-07 
2646 5 1.9483e-05 8.5e-08 
2647 5 2.1137e-05 3.01e-07 
2648 4 1.6991e-05 6e-08 
2649 4 1.7407e-05 7e-08 
2650 5 1.7879e-05 5.5e-08 
2651 5 2.6539e-05 2.6e-07 
2652 5 2.2835e-05 2.02e-07 
2653 4 1.6922e-05 1.77e-07 
2654 5 1.9539e-05 2.41e-07 
2655 5 2.1186e-05 2.1e-07 
2656 5 2.2391e-05 2.55e-07 
2657 5 2.5307e-05 2.1e-07 
2658 5 2.1521e-05 2.05e-07 
2659 5 2.8671e-05 1.84e-07 
2660 5 2.5353e-05 6.7e-08 
2661 4 1.5464e-05 8e-08 
2662 5 1.8849e-05 2.22e-07 
2663 5 2.1932e-05 1.84e-07 
2664 5 2.4019e-05 2.11e-07 
2665 4 1.686e-05 6.3e-08 
2666 5 1.7323e-05 8e-08 
2667 6 2.9932e-05 9.9e-08 
2668 5 2.1729e-05 7e-08 
2669 5 2.1675e-05 8.8e-08 
2670 5 2.1139e-05 2.72e-07 
2671 5 2.8832e-05 2e-07 
2672 5 2.3313e-05 5.3e-08 
2673 4 1.6124e-05 8.9e-08 
2674 5 1.9237e-05 6.1e-08 
2675 5 2.0344e-05 2.6e-07 
2676 5 2.4517e-05 5.7e-08 
2677 4 1.4281e-05 5.9e-08 
2678 5 1.87e-05 2.4e-07 
2679 5 3.9027e-05 1.57e-07 
2680 5 2.2696e-05 2.34e-07 
2681 4 1.617e-05 9.7e-08 
2682 5 1.8476e-05 2.51e-07 
2683 5 2.4558e-05 6.3e-08 
2684 5 2.4056e-05 9.9e-08 
2685 4 1.7079e-05 7.4e-08 
2686 5 1.9272e-05 3.12e-07 
2687 5 2.4351e-05 6.5e-08 
2688 5 2.1427e-05 6.3e-08 
2689 4 1.7086e-05 8.3e-08 
2690 5 1.8546e-05 4.07e-07 
2691 5 2.9736e-05 2e-07 
2692 5 2.2143e-05 5.8e-08 
2693 4 1.5812e-05 6.4e-08 
2694 6 2.7325e-05 2.96e-07 
2695 5 2.0439e-05 1.96e-07 
2696 5 2.4823e-05 1.98e-07 
2697 4 1.7359e-05 1.79e-07 
2698 5 1.8546e-05 7e-08 
2699 5 2.4593e-05 2.92e-07 
2700 5 2.2641e-05 8.3e-08 
2701 4 1.6257e-05 9.2e-08 
2702 5 1.8888e-05 7.2e-08 
2703 5 2.2697e-05 2.44e-07 
2704 5 2.2595e-05 6e-08 
2705 4 1.62e-05 2.55e-07 
2706 5 2.2018e-05 2.05e-07 
2707 5 3.5477e-05 1.26e-07 
2708 5 2.1393e-05 7e-08 
2709 4 1.6227e-05 7.5e-08 
2710 5 1.8411e-05 6.2e-08 
2711 5 2.4333e-05 5.8e-08 
2712 5 1.7916e-05 5.8e-08 
2713 4 1.4718e-05 7.6e-08 
2714 5 1.6176e-05 1.01e-07 
2715 5 1.9659e-05 4.04e-07 
2716 5 2.4519e-05 5.7e-08 
2717 4 1.5882e-05 8.7e-08 
2718 5 1.815e-05 9.2e-08 
2719 5 2.7099e-05 2.93e-07 
2720 5 2.6543e-05 2.07e-07 
2721 4 1.6722e-05 7.9e-08 
2722 5 1.7509e-05 6.7e-08 
2723 5 2.1487e-05 9e-08 
2724 4 1.502e-05 5.9e-08 
2725 4 1.3434e-05 2.92e-07 
2726 5 1.9408e-05 7.8e-08 
2727 5 2.1624e-05 1.23e-07 
2728 5 1.894e-05 7e-08 
2729 4 1.6004e-05 5.8e-08 
2730 5 1.5456e-05 3.57e-07 
2731 5 2.8836e-05 7e-08 
2732 5 2.1761e-05 2.67e-07 
2733 4 1.8857e-05 9.3e-08 
2734 5 1.79e-05 6.4e-08 
2735 5 2.107e-05 2.02e-07 
2736 5 2.5835e-05 2.14e-07 
2737 4 1.6817e-05 1.9e-07 
2738 5 1.9427e-05 2.32e-07 
2739 5 2.5975e-05 7.2e-08 
2740 5 2.2886e-05 2.49e-07 
2741 4 1.8098e-05 1.166e-06 
2742 5 1.7865e-05 6.4e-08 
2743 5 2.1338e-05 2.47e-07 
2744 5 2.409e-05 5.63e-07 
2745 4 1.8974e-05 2.05e-07 
2746 5 2.1422e-05 2.24e-07 
2747 5 2.1985e-05 5.4e-08 
2748 5 2.2369e-05 8.5e-08 
2749 4 1.4976e-05 1.1e-07 
2750 5 1.8601e-05 6.9e-08 
2751 5 2.2589e-05 3.39e-07 
2752 5 2.3729e-05 2.19e-07 
2753 4 1.5189e-05 1.61e-07 
2754 5 1.7906e-05 7.3e-08 
2755 5 1.907e-05 1.75e-07 
2756 5 2.243e-05 2.33e-07 
2757 4 1.7255e-05 1.82e-07 
2758 5 1.9797e-05 1.88e-07 
2759 6 3.1523e-05 4.01e-07 
2760 5 2.3378e-05 2.16e-07 
2761 4 2.0913e-05 1.66e-07 
2762 5 1.8479e-05 7.4e-08 
2763 5 2.132e-05 7.6e-08 
2764 5 2.0191e-05 2.46e-07 
2765 4 2.0937e-05 6.3e-08 
2766 6 2.3736e-05 2.95e-07 
2767 5 2.34e-05 2.39e-07 
2768 5 2.5054e-05 6.7e-08 
2769 4 1.7992e-05 1.76e-07 
2770 5 1.9208e-05 5.6e-08 
2771 5 2.4804e-05 2.48e-07 
2772 5 2.3512e-05 7.3e-08 
2773 4 1.6679e-05 1.96e-07 
2774 5 1.8658e-05 8.5e-08 
2775 5 2.1883e-05 2.2e-07 
2776 5 2.1519e-05 1.99e-07 
2777 4 1.7437e-05 6.2e-08 
2778 5 1.7074e-05 9.1e-08 
2779 5 2.4861e-05 7.3e-08 
2780 5 2.0107e-05 7e-08 
2781 4 1.6125e-05 6.8e-08 
2782 5 1.7132e-05 5.6e-08 
2783 5 2.1167e-05 6.8e-08 
2784 5 2.2851e-05 7.1e-08 
2785 4 1.5823e-05 1.17e-07 
2786 5 1.8601e-05 7.49e-07 
2787 5 3.1081e-05 2e-07 
2788 5 2.5201e-05 7.2e-08 
2789 5 2.6485e-05 7e-08 
2790 5 2.4438e-05 5.7e-08 
2791 5 2.7526e-05 5.5e-08 
2792 5 2.3675e-05 7.7e-08 
2793 4 1.6328e-05 1.19e-07 
2794 5 2.0932e-05 1.97e-07 
2795 5 1.865e-05 1.78e-07 
2796 5 2.4209e-05 7.1e-08 
2797 4 1.6415e-05 1.39e-07 
2798 5 2.0573e-05 1.3e-07 
2799 5 2.5792e-05 5.9e-08 
2800 4 1.5992e-05 8.8e-08 
2801 5 2.2365e-05 7.1e-08 
2802 5 2.749e-05 3.69e-07 
2803 5 3.0991e-05 5.8e-08 
2804 5 2.2463e-05 6e-08 
2805 4 1.9077e-05 1.2e-07 
2806 5 2.2029e-05 5.6e-08 
2807 5 2.1932e-05 5.9e-08 
2808 5 2.063e-05 5.7e-08 
2809 4 1.4287e-05 6e-08 
2810 5 1.9503e-05 6.93e-07 
2811 5 3.4483e-05 8.7e-08 
2812 5 2.6428e-05 2.93e-07 
2813 4 2.0771e-05 2.61e-07 
2814 5 2.7333e-05 2.27e-07 
2815 5 2.1218e-05 1.67e-07 
2816 5 2.4958e-05 5.7e-08 
2817 4 1.7175e-05 2.26e-07 
2818 5 2.5156e-05 2.29e-07 
2819 5 2.9674e-05 2.24e-07 
2820 5 2.7494e-05 2.08e-07 
2821 4 1.8097e-05 3.1e-07 
2822 5 2.6295e-05 8.4e-08 
2823 5 2.4291e-05 8.9e-08 
2824 4 1.8037e-05 8.3e-08 
2825 4 1.8329e-05 3e-07 
2826 5 2.3197e-05 2.26e-07 
2827 5 2.4588e-05 5.9e-08 
2828 5 2.2896e-05 1.97e-07 
2829 4 1.6289e-05 1.79e-07 
2830 5 2.0542e-05 5.8e-08 
2831 5 2.5468e-05 5.9e-08 
2832 5 2.1684e-05 2.43e-07 
2833 4 1.7685e-05 5.9e-08 
2834 5 1.8761e-05 8.7e-08 
2835 5 2.1677e-05 2.33e-07 
2836 5 2.4869e-05 2.33e-07 
2837 5 2.3363e-05 5.9e-08 
2838 5 2.4032e-05 7.2e-08 
2839 5 2.6772e-05 2.55e-07 
2840 5 2.3803e-05 2.68e-07 
2841 4 1.6814e-05 3.11e-07 
2842 5 1.91e-05 5.5e-08 
2843 5 2.2395e-05 2.9e-07 
2844 5 2.2217e-05 7.4e-08 
2845 4 1.47e-05 6.2e-08 
2846 5 2.0235e-05 4.87e-07 
2847 5 2.4102e-05 1.87e-07 
2848 5 4.072e-05 8.2e-08 
2849 4 2.6013e-05 7.6e-08 
2850 5 1.8124e-05 1e-07 
2851 6 3.2185e-05 1.06e-07 
2852 5 2.1567e-05 7.1e-08 
2853 4 1.5006e-05 6.8e-08 
2854 5 1.9981e-05 9e-08 
2855 5 1.9458e-05 3.44e-07 
2856 5 2.6309e-05 1.85e-07 
2857 4 1.6924e-05 7.7e-08 
2858 5 1.8164e-05 1.94e-07 
2859 6 3.1381e-05 2.6e-07 
2860 5 2.1792e-05 5.9e-08 
2861 4 1.5637e-05 6.1e-08 
2862 5 2.0768e-05 2.4e-07 
2863 5 2.2765e-05 2.03e-07 
2864 5 2.1408e-05 5.6e-08 
2865 4 1.4474e-05 7.5e-08 
2866 5 1.7554e-05 7.2e-08 
2867 5 2.2331e-05 1.51e-07 
2868 5 2.2665e-05 8.6e-08 
2869 4 1.4809e-05 3.18e-07 
2870 5 2.3133e-05 2.17e-07 
2871 5 2.4802e-05 5.4e-07 
2872 5 2.3525e-05 5.6e-08 
2873 4 1.4689e-05 7.3e-08 
2874 5 1.8395e-05 2.27e-07 
2875 5 2.1994e-05 1.81e-07 
2876 4 1.5838e-05 7.9e-08 
2877 4 1.5081e-05 6e-08 
2878 5 1.881e-05 2.3e-07 
2879 5 2.5237e-05 1.83e-07 
2880 5 2.0663e-05 1.08e-07 
2881 4 1.4774e-05 9.5e-08 
2882 5 1.9415e-05 7.5e-08 
2883 5 2.1266e-05 2.22e-07 
2884 5 2.4272e-05 1.97e-07 
2885 4 1.7894e-05 1.76e-07 
2886 6 2.7153e-05 2.18e-07 
2887 5 2.3252e-05 5.5e-08 
2888 5 2.2655e-05 6.2e-08 
2889 4 1.7335e-05 7.4e-08 
2890 5 1.9952e-05 3.62e-07 
2891 6 3.4881e-05 2.47e-07 
2892 5 2.6824e-05 2.02e-07 
2893 4 1.9885e-05 6.3e-08 
2894 5 2.0632e-05 2.03e-07 
2895 5 2.1297e-05 7.5e-08 
2896 5 2.5521e-05 1.75e-07 
2897 4 1.9294e-05 6.8e-08 
2898 5 1.895e-05 7.3e-08 
2899 5 2.5544e-05 7.3e-08 
2900 5 2.155e-05 3.82e-07 
2901 4 2.0514e-05 9.4e-08 
2902 5 2.0444e-05 7.1e-08 
2903 5 2.2065e-05 6.9e-08 
2904 5 2.0535e-05 2.73e-07 
2905 4 1.9885e-05 6.3e-08 
2906 5 1.8356e-05 8.3e-08 
2907 5 2.3297e-05 5.9e-08 
2908 5 2.3112e-05 4.07e-07 
2909 4 1.9123e-05 6.1e-08 
2910 5 1.7829e-05 6.2e-08 
2911 5 2.4718e-05 5.5e-08 
2912 5 2.0187e-05 9.1e-08 
2913 4 1.6223e-05 7.8e-08 
2914 5 1.6654e-05 8.5e-08 
2915 5 1.8312e-05 2.72e-07 
2916 5 2.3566e-05 7.7e-08 
2917 4 1.6572e-05 2.29e-07 
2918 5 1.9351e-05 5.8e-08 
2919 5 2.329e-05 5.8e-08 
2920 5 2.2821e-05 2.39e-07 
2921 5 2.5453e-05 2.08e-07 
2922 5 1.8549e-05 1.91e-07 
2923 5 2.1979e-05 6.1e-08 
2924 5 1.9885e-05 7.4e-08 
2925 4 1.588e-05 5.6e-08 
2926 5 1.8284e-05 6.7e-08 
2927 5 2.0512e-05 6.3e-08 
2928 5 2.1924e-05 4.29e-07 
2929 4 1.8782e-05 7.8e-08 
2930 5 1.7821e-05 6.1e-08 
2931 5 2.3236e-05 6.8e-08 
2932 5 2.1525e-05 5.4e-08 
2933 5 2.0109e-05 6.1e-08 
2934 5 1.7305e-05 5.7e-08 
2935 5 1.8777e-05 7.3e-08 
2936 5 2.0147e-05 7.5e-08 
2937 5 2.148e-05 8.4e-08 
2938 5 1.8141e-05 3.85e-07 
2939 5 2.5003e-05 2.24e-07 
2940 5 2.2753e-05 1.97e-07 
2941 4 1.5164e-05 1.83e-07 
2942 5 1.9935e-05 1.98e-07 
2943 5 2.0386e-05 7.5e-08 
2944 5 2.2429e-05 2.65e-07 
2945 4 1.5793e-05 6.6e-08 
2946 5 1.8548e-05 1.05e-07 
2947 5 2.1701e-05 6.9e-08 
2948 5 2.514e-05 2.64e-07 
2949 4 1.7523e-05 8.8e-08 
2950 5 2.0066e-05 2.1e-07 
2951 5 2.4141e-05 8.3e-08 
2952 4 1.5199e-05 7.4e-08 
2953 5 2.2543e-05 9.3e-08 
2954 5 1.7829e-05 3.52e-07 
2955 5 2.4331e-05 1.74e-07 
2956 5 1.9905e-05 6.2e-08 
2957 4 1.5223e-05 1.78e-07 
2958 6 2.5749e-05 2.3e-07 
2959 5 2.3405e-05 1e-07 
2960 5 2.2413e-05 5.7e-08 
2961 4 1.5487e-05 2.62e-07 
2962 5 1.9682e-05 2.27e-07 
2963 5 2.1967e-05 6.1e-08 
2964 5 2.4158e-05 2.78e-07 
2965 4 1.6351e-05 1.82e-07 
2966 5 1.7827e-05 7.5e-08 
2967 6 2.7765e-05 1.46e-07 
2968 5 2.4143e-05 8.3e-08 
2969 5 2.0756e-05 2.37e-07 
2970 5 1.8273e-05 8.6e-08 
2971 5 2.2157e-05 7.1e-08 
2972 5 2.2931e-05 7.8e-08 
2973 4 1.5293e-05 7.5e-08 
2974 5 1.6314e-05 3.63e-07 
2975 5 2.144e-05 8e-08 
2976 5 2.0544e-05 5.8e-08 
2977 4 1.4866e-05 7.5e-08 
2978 5 1.6732e-05 5.7e-08 
2979 5 2.4739e-05 3.42e-07 
2980 5 2.3454e-05 6.8e-08 
2981 4 1.4958e-05 2.27e-07 
2982 5 1.8255e-05 2.09e-07 
2983 5 2.4649e-05 1.98e-07 
2984 5 2.0531e-05 2.59e-07 
2985 4 1.7478e-05 6.7e-08 
2986 5 1.6265e-05 2.07e-07 
2987 5 2.1345e-05 2.12e-07 
2988 5 2.1504e-05 1.93e-07 
2989 4 1.5954e-05 7.7e-08 
2990 5 1.6637e-05 2.28e-07 
2991 5 2.2868e-05 4.09e-07 
2992 5 2.1117e-05 1.86e-07 
2993 4 1.5869e-05 2.3e-07 
2994 5 1.8445e-05 9.9e-08 
2995 5 1.8958e-05 5.7e-08 
2996 5 2.0403e-05 2.79e-07 
2997 5 2.4895e-05 1.89e-07 
2998 5 1.8063e-05 2.02e-07 
2999 5 2.5809e-05 9.3e-08 
3000 5 2.1728e-05 1.89e-07 
3001 4 1.5723e-05 1e-07 
3002 5 1.7627e-05 5.7e-08 
3003 5 3.3494e-05 8.9e-08 
3004 5 2.0878e-05 2.39e-07 
3005 4 1.7952e-05 1.9e-07 
3006 5 1.7978e-05 8.6e-08 
3007 6 2.8731e-05 2.31e-07 
3008 5 2.3554e-05 2.1e-07 
3009 4 1.8734e-05 1.91e-07 
3010 5 1.826e-05 2.1e-07 
3011 5 2.5301e-05 2.02e-07 
3012 5 2.4392e-05 1.76e-07 
3013 4 1.7302e-05 1.56e-07 
3014 6 2.3803e-05 9.4e-08 
3015 5 1.91e-05 2.05e-07 
3016 5 2.1788e-05 2.13e-07 
3017 4 1.5353e-05 1.97e-07 
3018 5 1.8024e-05 2.6e-07 
3019 5 2.3108e-05 7.1e-08 
3020 5 2.065e-05 5.9e-08 
3021 4 1.5275e-05 6e-08 
3022 5 1.7507e-05 9.1e-08 
3023 5 1.9865e-05 7.3e-08 
3024 5 2.1909e-05 7e-08 
3025 4 2.0815e-05 2.77e-07 
3026 5 2.2013e-05 2.61e-07 
3027 5 2.2866e-05 1.97e-07 
3028 5 2.0485e-05 6.4e-08 
3029 4 1.7955e-05 1.91e-07 
3030 6 2.5517e-05 2.52e-07 
3031 5 2.538e-05 1.99e-07 
3032 5 1.9881e-05 2.02e-07 
3033 4 1.9413e-05 1.93e-07 
3034 5 1.9578e-05 1.93e-07 
3035 5 3.0099e-05 1.82e-07 
3036 5 2.373e-05 1.41e-07 
3037 4 1.7787e-05 1.97e-07 
3038 5 1.7372e-05 7.6e-08 
3039 5 2.2907e-05 7.2e-08 
3040 5 2.1311e-05 7.3e-08 
3041 4 1.6149e-05 7.4e-08 
3042 5 1.558e-05 8.6e-08 
3043 5 2.052e-05 3.28e-07 
3044 5 2.2843e-05 1.97e-07 
3045 4 1.6575e-05 8.2e-08 
3046 5 1.6927e-05 7.2e-08 
3047 5 2.072e-05 1.35e-07 
3048 5 2.2064e-05 4.73e-07 
3049 5 4.268e-05 4.29e-07 
3050 5 1.8903e-05 5.9e-08 
3051 5 2.3016e-05 1.99e-07 
3052 5 2.2923e-05 2.22e-07 
3053 5 2.4925e-05 2.34e-07 
3054 5 1.8988e-05 1.83e-07 
3055 5 2.0002e-05 5.8e-08 
3056 5 2.2499e-05 2.04e-07 
3057 4 1.7023e-05 7.7e-08 
3058 5 1.9704e-05 2.14e-07 
3059 5 2.4927e-05 5.6e-08 
3060 5 2.1419e-05 8.8e-08 
3061 4 1.6992e-05 2.57e-07 
3062 5 1.9159e-05 2.07e-07 
3063 5 2.1451e-05 2.05e-07 
3064 5 2.4e-05 1.99e-07 
3065 5 2.4138e-05 1.99e-07 
3066 5 1.9124e-05 7.2e-08 
3067 5 2.1369e-05 5.6e-08 
3068 5 2.3196e-05 1.89e-07 
3069 5 2.2588e-05 5.6e-08 
3070 5 1.6734e-05 2.4e-07 
3071 5 2.4008e-05 2.01e-07 
3072 5 2.1144e-05 1.93e-07 
3073 4 1.7455e-05 3.48e-07 
3074 6 2.5551e-05 2.4e-07 
3075 5 2.1397e-05 4.01e-07 
3076 5 3.4201e-05 1.506e-06 
3077 4 1.5686e-05 2.02e-07 
3078 5 1.8502e-05 8.7e-08 
3079 6 2.8093e-05 1.41e-07 
3080 5 2.0141e-05 7.1e-08 
3081 4 1.5318e-05 7.4e-08 
3082 5 1.585e-05 3.21e-07 
3083 5 2.4433e-05 1.98e-07 
3084 5 3.2259e-05 1.03e-07 
3085 5 2.1901e-05 2.35e-07 
3086 5 2.8672e-05 9.1e-08 
3087 5 2.0262e-05 1.06e-07 
3088 5 2.0312e-05 2.45e-07 
3089 4 1.8038e-05 1.81e-07 
3090 5 1.9145e-05 7.5e-08 
3091 5 2.1761e-05 9.4e-08 
3092 5 1.8897e-05 8.72e-07 
3093 4 2.2479e-05 6.58e-07 
3094 5 2.5443e-05 1.24e-07 
3095 5 1.9286e-05 2.31e-07 
3096 5 2.4727e-05 2.18e-07 
3097 4 1.7166e-05 6e-08 
3098 5 1.718e-05 2.37e-07 
3099 5 2.4636e-05 9.2e-08 
3100 5 2.3063e-05 6.8e-08 
3101 5 2.2808e-05 3.52e-07 
3102 5 2.1529e-05 6e-08 
3103 5 2.1879e-05 2.28e-07 
3104 5 2.2871e-05 2.2e-07 
3105 4 1.5941e-05 2.61e-07 
3106 5 1.9588e-05 7.4e-08 
3107 5 2.2253e-05 6.4e-08 
3108 5 2.1462e-05 6.4e-08 
3109 4 1.6106e-05 8.5e-08 
3110 5 1.8946e-05 7.9e-08 
3111 5 2.4522e-05 8.9e-08 
3112 5 2.2401e-05 4.82e-07 
3113 4 1.8816e-05 2.1e-07 
3114 5 1.9443e-05 2.32e-07 
3115 6 3.009e-05 3.15e-07 
3116 5 3.082e-05 3.37e-07 
3117 4 1.9676e-05 2.08e-07 
3118 5 2.1179e-05 6.9e-08 
3119 5 2.3334e-05 3.34e-07 
3120 5 2.4837e-05 6.1e-08 
3121 4 1.6309e-05 7.6e-08 
3122 5 1.8512e-05 3.55e-07 
3123 5 2.4117e-05 2.32e-07 
3124 5 2.542e-05 8.1e-08 
3125 4 1.7767e-05 2.02e-07 
3126 5 2.3243e-05 2.27e-07 
3127 5 2.3943e-05 1.04e-07 
3128 5 2.4372e-05 6.7e-08 
3129 5 2.4176e-05 4.97e-07 
3130 5 2.0896e-05 2.17e-07 
3131 5 2.6862e-05 2.35e-07 
3132 5 2.2314e-05 2.37e-07 
3133 5 2.3708e-05 2.44e-07 
3134 5 2.1098e-05 8.4e-08 
3135 5 2.208e-05 7.7e-08 
3136 5 2.5549e-05 7.71e-07 
3137 4 2.0025e-05 9.6e-08 
3138 5 1.8563e-05 2.82e-07 
3139 5 2.5316e-05 2.29e-07 
3140 5 2.478e-05 2.53e-07 
3141 4 1.9956e-05 2.32e-07 
3142 5 2.4222e-05 1.512e-06 
3143 5 2.3859e-05 8.7e-08 
3144 5 2.1085e-05 6.4e-08 
3145 4 1.6566e-05 8.3e-08 
3146 5 1.7391e-05 3.46e-07 
3147 5 2.4905e-05 1.94e-07 
3148 5 2.2666e-05 6.1e-08 
3149 4 1.5776e-05 2.29e-07 
3150 6 2.7148e-05 2.9e-07 
3151 5 2.5514e-05 2.21e-07 
3152 5 2.0837e-05 2.08e-07 
3153 4 1.7762e-05 1.89e-07 
3154 5 3.9772e-05 2.5e-07 
3155 5 2.1713e-05 5.9e-08 
3156 5 2.2615e-05 2.3e-07 
3157 4 2.0371e-05 9.7e-08 
3158 6 5.1579e-05 4.49e-07 
3159 5 2.5352e-05 2.24e-07 
3160 5 2.4318e-05 2.16e-07 
3161 4 2.038e-05 1.16e-07 
3162 5 1.7748e-05 7.4e-08 
3163 5 2.3884e-05 6.6e-08 
3164 5 2.1991e-05 3.37e-07 
3165 4 2.1098e-05 1.12e-07 
3166 5 2.0313e-05 7.2e-08 
3167 5 2.3722e-05 5.7e-08 
3168 5 2.0002e-05 5.6e-08 
3169 4 1.7037e-05 9e-08 
3170 5 1.8383e-05 5.25e-07 
3171 5 3.0673e-05 5.6e-08 
3172 5 2.2504e-05 2.33e-07 
3173 4 1.8581e-05 1.69e-07 
3174 5 1.9753e-05 2.03e-07 
3175 5 3.197e-05 7.5e-08 
3176 5 2.5683e-05 9.2e-08 
3177 4 1.7186e-05 5.7e-08 
3178 5 1.8482e-05 5.6e-08 
3179 6 2.7913e-05 4.89e-07 
3180 5 2.437e-05 2.26e-07 
3181 5 2.3928e-05 2.54e-07 
3182 5 2.0374e-05 1.92e-07 
3183 5 2.2429e-05 6.3e-08 
3184 5 2.2655e-05 6.2e-08 
3185 5 2.6036e-05 5.16e-07 
3186 5 2.0533e-05 3.07e-07 
3187 5 2.1903e-05 2.27e-07 
3188 5 2.2846e-05 6.3e-08 
3189 4 1.6421e-05 5.9e-08 
3190 5 1.9222e-05 6.4e-08 
3191 5 2.5564e-05 1.01e-07 
3192 5 2.4095e-05 5.15e-07 
3193 4 1.9835e-05 2e-07 
3194 5 1.9565e-05 9.8e-08 
3195 5 2.0276e-05 2.16e-07 
3196 5 2.4787e-05 2.17e-07 
3197 5 2.3956e-05 7.5e-08 
3198 5 1.9921e-05 2.34e-07 
3199 5 2.5688e-05 9e-08 
3200 5 2.4434e-05 3.52e-07 
3201 5 2.589e-05 9.2e-08 
3202 5 1.8305e-05 7.5e-08 
3203 5 2.3823e-05 2.79e-07 
3204 5 2.7483e-05 6.2e-08 
3205 4 1.5548e-05 9.9e-08 
3206 5 1.9076e-05 7.7e-08 
3207 5 2.1412e-05 7.2e-08 
3208 5 2.169e-05 7.8e-08 
3209 4 1.6005e-05 8.6e-08 
3210 5 1.624e-05 7.3e-08 
3211 5 2.4696e-05 7.9e-08 
3212 5 2.2031e-05 6e-08 
3213 5 2.0985e-05 7.5e-08 
3214 5 1.7225e-05 4.58e-07 
3215 5 2.4186e-05 2.35e-07 
3216 5 2.2929e-05 1.99e-07 
3217 5 2.5354e-05 2.43e-07 
3218 6 4.2087e-05 2.83e-07 
3219 5 2.4167e-05 7.8e-08 
3220 5 2.2874e-05 2.04e-07 
3221 4 1.8473e-05 2.22e-07 
3222 6 2.8909e-05 2.66e-07 
3223 5 2.3733e-05 2.33e-07 
3224 5 2.2618e-05 6.2e-08 
3225 4 1.5646e-05 8.5e-08 
3226 5 1.7813e-05 4.33e-07 
3227 5 2.3713e-05 9.6e-08 
3228 5 2.1722e-05 2.73e-07 
3229 4 1.7883e-05 2.25e-07 
3230 5 2.09e-05 2.22e-07 
3231 6 4.1343e-05 9e-08 
3232 5 2.4438e-05 2.26e-07 
3233 5 2.5032e-05 2.15e-07 
3234 5 2.0413e-05 2.28e-07 
3235 5 2.1367e-05 2.13e-07 
3236 5 2.2396e-05 2.05e-07 
3237 4 1.6557e-05 8.1e-08 
3238 5 1.7788e-05 6.2e-08 
3239 5 2.2021e-05 6.3e-08 
3240 5 2.1258e-05 5.5e-08 
3241 4 1.4481e-05 7.8e-08 
3242 5 1.6052e-05 4.08e-07 
3243 5 2.4436e-05 3.48e-07 
3244 5 2.2214e-05 2.09e-07 
3245 4 1.6188e-05 2.02e-07 
3246 5 1.7996e-05 6.5e-08 
3247 5 2.1844e-05 2.15e-07 
3248 5 2.299e-05 6.2e-08 
3249 4 1.6414e-05 1.01e-07 
3250 5 1.8917e-05 9.9e-08 
3251 5 2.1774e-05 3.06e-07 
3252 5 2.5521e-05 2.21e-07 
3253 4 1.6831e-05 2.18e-07 
3254 5 1.9777e-05 2.11e-07 
3255 5 3.3852e-05 2.34e-07 
3256 5 2.1908e-05 6.1e-08 
3257 4 1.6233e-05 2.18e-07 
3258 5 1.9303e-05 6.5e-08 
3259 5 2.1934e-05 2.2e-07 
3260 5 2.1375e-05 8.1e-08 
3261 5 2.1273e-05 2.41e-07 
3262 5 2.0091e-05 8.1e-08 
3263 5 2.0709e-05 2.31e-07 
3264 5 2.7115e-05 6.2e-08 
3265 5 2.1746e-05 7.4e-08 
3266 5 1.8651e-05 9.7e-08 
3267 5 2.3835e-05 2.7e-07 
3268 5 2.8239e-05 2.12e-07 
3269 4 1.6819e-05 2.2e-07 
3270 5 1.8776e-05 6.3e-08 
3271 6 3.0388e-05 1e-07 
3272 5 2.2244e-05 2.79e-07 
3273 4 1.7912e-05 6.7e-08 
3274 5 1.7725e-05 6.2e-08 
3275 5 2.0998e-05 2.28e-07 
3276 5 2.5369e-05 2.06e-07 
3277 4 1.6046e-05 1.78e-07 
3278 6 2.6194e-05 8.9e-08 
3279 5 2.1909e-05 6.3e-08 
3280 5 2.3193e-05 7.9e-08 
3281 4 1.572e-05 8.7e-08 
3282 5 1.7493e-05 3.37e-07 
3283 5 2.4355e-05 2.38e-07 
3284 5 2.3877e-05 2.32e-07 
3285 4 1.8033e-05 1.78e-07 
3286 5 1.8457e-05 6.5e-08 
3287 5 2.0953e-05 6.5e-08 
3288 5 2.3043e-05 2.47e-07 
3289 4 2.0066e-05 1.9e-07 
3290 5 1.8011e-05 2.16e-07 
3291 5 2.4337e-05 3.24e-07 
3292 5 2.5944e-05 2.42e-07 
3293 4 1.9897e-05 2.37e-07 
3294 6 2.6552e-05 1.14e-07 
3295 5 1.9504e-05 2.26e-07 
3296 5 2.2268e-05 2.26e-07 
3297 4 2.1035e-05 1.58e-07 
3298 5 1.8934e-05 2.22e-07 
3299 5 2.3826e-05 1.92e-07 
3300 5 2.284e-05 2.36e-07 
3301 4 1.9749e-05 1.62e-07 
3302 5 1.8179e-05 1.79e-07 
3303 5 2.2662e-05 2.04e-07 
3304 5 2.3908e-05 2.06e-07 
3305 4 1.8456e-05 2.26e-07 
3306 5 1.8467e-05 2.21e-07 
3307 6 3.0748e-05 2.49e-07 
3308 5 2.206e-05 2.3e-07 
3309 4 1.7699e-05 1.9e-07 
3310 5 2.1052e-05 2.05e-07 
3311 5 2.4769e-05 6.1e-08 
3312 5 2.2046e-05 6.8e-08 
3313 5 3.0966e-05 2.13e-07 
3314 5 2.0526e-05 2.4e-07 
3315 5 2.0904e-05 6.1e-08 
3316 5 2.2658e-05 7.2e-08 
3317 5 2.6886e-05 2e-07 
3318 5 2.2271e-05 6.2e-08 
3319 5 5.0843e-05 3.09e-07 
3320 5 2.2286e-05 8.3e-08 
3321 5 2.1352e-05 2.07e-07 
3322 5 2.0075e-05 6.6e-08 
3323 5 2.1241e-05 7.7e-08 
3324 5 2.2741e-05 5.26e-07 
3325 4 1.9694e-05 7.7e-08 
3326 5 1.8621e-05 2.52e-07 
3327 5 2.169e-05 2.27e-07 
3328 5 2.6294e-05 6.2e-08 
3329 5 2.1652e-05 8e-08 
3330 5 1.7592e-05 9.3e-08 
3331 5 2.6335e-05 3.06e-07 
3332 5 2.1569e-05 8e-08 
3333 5 2.5262e-05 1.52e-07 
3334 5 1.8193e-05 5.8e-08 
3335 5 1.9144e-05 5.9e-08 
3336 5 1.9819e-05 6.8e-08 
3337 4 1.3966e-05 1.01e-07 
3338 5 1.6064e-05 5.8e-08 
3339 5 2.0836e-05 6e-08 
3340 5 2.2154e-05 9.1e-08 
3341 4 1.6021e-05 7.7e-08 
3342 5 1.6842e-05 8.9e-08 
3343 5 1.9252e-05 6.7e-08 
3344 5 2.1375e-05 7.7e-08 
3345 5 2.0485e-05 1.41e-07 
3346 5 1.7189e-05 7.8e-08 
3347 6 3.1287e-05 8.38e-07 
3348 5 2.7905e-05 1.91e-07 
3349 5 2.4677e-05 2.58e-07 
3350 5 2.0047e-05 1.98e-07 
3351 5 2.2789e-05 2.32e-07 
3352 5 2.4643e-05 2.28e-07 
3353 4 1.6406e-05 7.7e-08 
3354 5 1.7333e-05 2.19e-07 
3355 5 2.2115e-05 8.1e-08 
3356 5 2.3337e-05 7.3e-08 
3357 4 1.6019e-05 7.7e-08 
3358 5 1.8264e-05 3.81e-07 
3359 5 2.75e-05 3.27e-07 
3360 5 2.3038e-05 3.73e-07 
3361 4 1.6336e-05 2.12e-07 
3362 6 2.508e-05 3e-07 
3363 5 2.3644e-05 2.2e-07 
3364 5 2.4431e-05 8.1e-08 
3365 5 2.3592e-05 8e-08 
3366 5 2.1033e-05 2.76e-07 
3367 5 2.3944e-05 9.9e-08 
3368 5 2.3015e-05 2.48e-07 
3369 4 1.9636e-05 1.67e-07 
3370 5 1.9402e-05 9.9e-08 
3371 5 2.3453e-05 2.74e-07 
3372 5 2.4939e-05 1.93e-07 
3373 4 1.7979e-05 2.19e-07 
3374 5 2.0673e-05 7.2e-08 
3375 5 1.9772e-05 8e-08 
3376 5 2.0473e-05 2.55e-07 
3377 4 1.74e-05 1.99e-07 
3378 5 2.0136e-05 7.4e-08 
3379 5 2.2839e-05 1.38e-07 
3380 5 2.2039e-05 2.54e-07 
3381 4 1.845e-05 1.98e-07 
3382 5 2.049e-05 2.19e-07 
3383 5 2.397e-05 7.8e-08 
3384 5 2.1628e-05 2.43e-07 
3385 4 1.8171e-05 2.11e-07 
3386 5 2.0644e-05 1.98e-07 
3387 5 2.3275e-05 3.03e-07 
3388 5 2.3449e-05 6.2e-08 
3389 4 1.6416e-05 2.28e-07 
3390 5 2.4262e-05 2.1e-07 
3391 5 2.2312e-05 7.9e-08 
3392 5 2.1812e-05 6e-08 
3393 5 2.2176e-05 6.4e-08 
3394 5 1.8724e-05 6.3e-08 
3395 5 2.1468e-05 3.48e-07 
3396 5 2.4922e-05 2.24e-07 
3397 5 2.4027e-05 9e-08 
3398 5 2.0072e-05 7.6e-08 
3399 6 3.1541e-05 4e-07 
3400 5 2.4941e-05 8.1e-08 
3401 4 1.6522e-05 2.48e-07 
3402 5 2.1853e-05 2.37e-07 
3403 5 2.3403e-05 2.39e-07 
3404 5 2.543e-05 2.26e-07 
3405 4 1.7585e-05 2.1e-07 
3406 5 2.0148e-05 6.3e-08 
3407 5 2.1736e-05 3.36e-07 
3408 5 2.2602e-05 6.2e-08 
3409 4 1.5245e-05 1.56e-07 
3410 5 1.858e-05 2.13e-07 
3411 5 2.2127e-05 2.23e-07 
3412 5 2.2086e-05 2.43e-07 
3413 4 1.7429e-05 9.9e-08 
3414 6 2.4632e-05 3.16e-07 
3415 5 1.9777e-05 1.94e-07 
3416 5 2.3793e-05 1.99e-07 
3417 4 1.7268e-05 6.5e-08 
3418 5 1.7236e-05 2.84e-07 
3419 5 2.4349e-05 1.91e-07 
3420 5 2.4131e-05 6.3e-08 
3421 4 1.8501e-05 2.42e-07 
3422 6 2.7367e-05 2.39e-07 
3423 5 2.5456e-05 2.07e-07 
3424 5 2.4034e-05 2.35e-07 
3425 4 2.076e-05 2.05e-07 
3426 5 1.9245e-05 9.3e-08 
3427 5 2.2238e-05 2.25e-07 
3428 5 2.4462e-05 1.43e-07 
3429 4 1.9084e-05 9.7e-08 
3430 5 1.9238e-05 2.68e-07 
3431 5 2.4703e-05 6.1e-08 
3432 5 2.3108e-05 1.42e-07 
3433 4 1.7689e-05 1.21e-07 
3434 5 1.8489e-05 3.68e-07 
3435 5 2.1787e-05 7e-08 
3436 5 2.2865e-05 5.7e-08 
3437 4 1.7087e-05 6.5e-08 
3438 5 1.9747e-05 8.8e-08 
3439 5 3.4665e-05 9.4e-08 
3440 5 2.315e-05 7.9e-08 
3441 4 1.7319e-05 8.8e-08 
3442 5 1.6091e-05 5.6e-08 
3443 5 2.0784e-05 3.36e-07 
3444 5 2.5807e-05 8e-08 
3445 5 2.3871e-05 8.1e-08 
3446 5 1.823e-05 3.35e-07 
3447 5 2.7419e-05 2.14e-07 
3448 5 2.3533e-05 2.41e-07 
3449 5 2.5197e-05 7.4e-08 
3450 5 1.7535e-05 5.6e-08 
3451 5 2.1881e-05 7.9e-08 
3452 5 2.3004e-05 6.5e-08 
3453 5 2.1937e-05 3.59e-07 
3454 5 2.2211e-05 2.36e-07 
3455 5 1.9519e-05 2.15e-07 
3456 5 2.2397e-05 2.12e-07 
3457 4 1.7205e-05 9.9e-08 
3458 5 1.9429e-05 2.69e-07 
3459 5 2.2707e-05 2.28e-07 
3460 5 2.4829e-05 2.26e-07 
3461 5 2.386e-05 2.13e-07 
3462 5 2.0112e-05 6e-08 
3463 5 3.5612e-05 2.21e-07 
3464 5 2.2342e-05 2.23e-07 
3465 5 2.2547e-05 2.3e-07 
3466 5 1.872e-05 2.34e-07 
3467 5 2.2956e-05 1.48e-07 
3468 5 2.442e-05 6e-08 
3469 4 1.4805e-05 8.2e-08 
3470 5 1.8847e-05 6e-08 
3471 5 2.1325e-05 6.3e-08 
3472 5 1.9746e-05 6.6e-08 
3473 4 1.4534e-05 6.9e-08 
3474 5 1.6607e-05 3.25e-07 
3475 5 2.1867e-05 2.16e-07 
3476 5 2.272e-05 9.3e-08 
3477 5 2.293e-05 1.43e-07 
3478 5 1.9149e-05 7.5e-08 
3479 5 2.1797e-05 2.9e-07 
3480 5 2.7096e-05 2.16e-07 
3481 5 2.722e-05 8.3e-08 
3482 5 1.8117e-05 2.26e-07 
3483 5 2.0842e-05 2.57e-07 
3484 5 2.1211e-05 3.2e-07 
3485 4 1.6607e-05 8.5e-08 
3486 6 2.5822e-05 1.02e-07 
3487 5 2.1034e-05 2.36e-07 
3488 5 2.249e-05 5.8e-08 
3489 4 1.5126e-05 6.3e-08 
3490 5 1.7493e-05 2.94e-07 
3491 5 2.6135e-05 3.18e-07 
3492 5 2.2285e-05 1.89e-07 
3493 4 2.4734e-05 1.01e-07 
3494 5 1.8114e-05 2.28e-07 
3495 5 5.1711e-05 1.62e-07 
3496 5 2.827e-05 1.69e-07 
3497 5 2.4332e-05 2.3e-07 
3498 5 2.3921e-05 2.36e-07 
3499 6 3.0728e-05 9.5e-08 
3500 4 1.8053e-05 2.24e-07 
3501 4 1.9854e-05 3.06e-07 
3502 5 2.4366e-05 2.93e-07 
3503 5 2.3944e-05 7.9e-08 
3504 5 2.6131e-05 5.7e-08 
3505 4 4.6252e-05 2.03e-07 
3506 6 2.7802e-05 1.24e-07 
3507 5 2.4542e-05 7.9e-08 
3508 5 2.3409e-05 8.4e-08 
3509 4 1.611e-05 7.4e-08 
3510 5 1.8868e-05 5.2e-07 
3511 5 2.8457e-05 2.06e-07 
3512 5 2.2601e-05 8.1e-08 
3513 4 1.6977e-05 1.88e-07 
3514 5 1.9698e-05 7.94e-07 
3515 5 2.9617e-05 8.9e-08 
3516 5 2.4033e-05 6e-08 
3517 4 1.6247e-05 6.4e-08 
3518 5 2.5289e-05 7.3e-08 
3519 5 2.226e-05 6.2e-08 
3520 5 2.2141e-05 3.05e-07 
3521 4 1.9007e-05 2.1e-07 
3522 5 2.466e-05 2.3e-07 
3523 5 2.4538e-05 5.8e-08 
3524 5 2.1674e-05 3.41e-07 
3525 5 2.4786e-05 2.16e-07 
3526 5 2.073e-05 5.7e-08 
3527 5 2.13e-05 7.4e-08 
3528 5 2.2617e-05 2.04e-07 
3529 5 2.3474e-05 7.5e-08 
3530 5 1.7565e-05 6.3e-08 
3531 5 2.499e-05 6.9e-08 
3532 5 2.0949e-05 1.47e-07 
3533 4 1.6055e-05 8.2e-08 
3534 5 1.7442e-05 7.5e-08 
3535 5 2.3543e-05 5.03e-07 
3536 5 2.7246e-05 1.74e-07 
3537 4 1.6456e-05 1.9e-07 
3538 5 2.107e-05 1.02e-07 
3539 5 2.35e-05 9.2e-08 
3540 5 2.4747e-05 2.49e-07 
3541 4 1.9711e-05 1.58e-07 
3542 6 2.5026e-05 2.58e-07 
3543 5 2.2961e-05 1.02e-07 
3544 5 2.1892e-05 7.4e-08 
3545 4 1.5537e-05 7.7e-08 
3546 5 1.7973e-05 2.94e-07 
3547 5 2.4167e-05 5.7e-08 
3548 5 1.8879e-05 4.8e-08 
3549 4 1.5738e-05 6.3e-08 
3550 5 2.0066e-05 1.39e-07 
3551 5 2.9826e-05 1.43e-07 
3552 5 2.1795e-05 2.1e-07 
3553 4 1.9577e-05 9.5e-08 
3554 5 1.7217e-05 5e-08 
3555 5 2.0066e-05 7.6e-08 
3556 5 2.3546e-05 5.8e-08 
3557 4 1.7223e-05 5.8e-08 
3558 6 2.5204e-05 5.02e-07 
3559 5 2.5476e-05 2.12e-07 
3560 5 2.407e-05 1.72e-07 
3561 4 1.9276e-05 1.74e-07 
3562 5 1.8379e-05 5.9e-08 
3563 5 2.1974e-05 2.02e-07 
3564 5 2.2027e-05 2.94e-07 
3565 4 1.8708e-05 2.7e-07 
3566 5 1.7898e-05 7.8e-08 
3567 5 2.2312e-05 7e-08 
3568 5 2.2994e-05 5.4e-08 
3569 4 1.7375e-05 6.1e-08 
3570 5 1.6894e-05 8e-08 
3571 5 4.4803e-05 4.33e-07 
3572 5 2.56e-05 2.14e-07 
3573 4 1.6973e-05 7.7e-08 
3574 5 1.7433e-05 7.2e-08 
3575 5 1.8841e-05 6.9e-08 
3576 5 2.191e-05 5.9e-08 
3577 5 2.2429e-05 5.8e-08 
3578 5 1.4883e-05 6.9e-08 
3579 5 2.1151e-05 6e-08 
3580 5 2.3921e-05 3.36e-07 
3581 5 2.7198e-05 2.73e-07 
3582 5 2.1973e-05 6.9e-08 
3583 5 2.1201e-05 2.21e-07 
3584 5 2.3196e-05 2.44e-07 
3585 5 2.2743e-05 1.56e-07 
3586 5 1.8045e-05 2.21e-07 
3587 5 2.4821e-05 1.77e-07 
3588 5 2.302e-05 1.39e-07 
3589 4 1.6437e-05 2.18e-07 
3590 5 1.8755e-05 5.9e-08 
3591 5 2.3304e-05 8.8e-08 
3592 5 2.2613e-05 7.4e-08 
3593 5 2.1707e-05 6.4e-08 
3594 5 1.6853e-05 4.9e-08 
3595 5 1.8021e-05 7.3e-08 
3596 5 2.0673e-05 3.29e-07 
3597 5 2.7997e-05 2.28e-07 
3598 5 2.0128e-05 2.13e-07 
3599 5 2.3372e-05 5.9e-08 
3600 5 2.325e-05 6e-08 
3601 4 1.6058e-05 9.9e-08 
3602 5 2.017e-05 3.62e-07 
3603 5 2.6573e-05 2.28e-07 
3604 5 2.3343e-05 8e-08 
3605 4 1.6034e-05 1.4e-07 
3606 5 1.966e-05 2.7e-07 
3607 5 2.3084e-05 1.96e-07 
3608 5 2.0424e-05 2.73e-07 
3609 5 2.181e-05 2.37e-07 
3610 5 1.7852e-05 6.9e-08 
3611 6 3.4949e-05 1.71e-07 
3612 5 2.1814e-05 2.84e-07 
3613 5 2.1804e-05 2.16e-07 
3614 5 1.8511e-05 5.8e-08 
3615 5 1.8117e-05 6.8e-08 
3616 5 2.36e-05 2.52e-07 
3617 4 1.695e-05 6.9e-08 
3618 5 1.6808e-05 2.09e-07 
3619 5 2.4623e-05 8.9e-08 
3620 5 2.1528e-05 2.4e-07 
3621 4 1.8851e-05 1.95e-07 
3622 5 2.0529e-05 2.33e-07 
3623 5 2.3795e-05 2.05e-07 
3624 5 2.0939e-05 7.4e-08 
3625 4 1.6824e-05 8e-08 
3626 5 1.8506e-05 6.8e-08 
3627 5 2.4624e-05 3.2e-07 
3628 5 2.5874e-05 7.2e-08 
3629 5 2.3668e-05 8.6e-08 
3630 5 2.3377e-05 8.9e-08 
3631 5 2.6184e-05 6.8e-08 
3632 5 2.5298e-05 4.85e-07 
3633 4 2.2183e-05 3.05e-07 
3634 5 2.13e-05 2.69e-07 
3635 5 2.2219e-05 2.13e-07 
3636 5 2.5736e-05 8.6e-08 
3637 4 1.7273e-05 2.08e-07 
3638 5 2.363e-05 2.4e-07 
3639 5 2.8582e-05 3.22e-07 
3640 5 2.3476e-05 2.27e-07 
3641 4 1.827e-05 1.07e-07 
3642 5 2.6552e-05 2.64e-07 
3643 5 2.6658e-05 8.1e-08 
3644 5 2.1504e-05 5.17e-07 
3645 4 2.0981e-05 2.06e-07 
3646 5 2.3113e-05 2.19e-07 
3647 6 3.0745e-05 2.63e-07 
3648 5 2.4027e-05 3.12e-07 
3649 4 1.6641e-05 8.5e-08 
3650 6 2.3151e-05 9.5e-08 
3651 6 2.927e-05 7.9e-08 
3652 5 3.4873e-05 6.1e-08 
3653 5 1.9996e-05 7.7e-08 
3654 6 2.4303e-05 7.9e-08 
3655 5 1.8622e-05 7.3e-08 
3656 5 2.2076e-05 7.3e-08 
3657 5 1.9639e-05 6e-08 
3658 5 1.7248e-05 6.6e-08 
3659 5 2.0476e-05 1.38e-07 
3660 5 2.256e-05 4.67e-07 
3661 5 2.8071e-05 6.5e-08 
3662 5 1.9013e-05 6.5e-08 
3663 5 2.0871e-05 7.2e-08 
3664 5 2.2193e-05 5.4e-08 
3665 4 1.6259e-05 8.3e-08 
3666 5 1.7983e-05 3.3e-07 
3667 5 2.5404e-05 9.1e-08 
3668 5 2.913e-05 1.19e-07 
3669 4 2.0485e-05 4.17e-07 
3670 5 2.9838e-05 2.93e-07 
3671 5 3.4024e-05 2.68e-07 
3672 5 3.2835e-05 4.89e-07 
3673 4 3.8612e-05 4.77e-07 
3674 5 4.4093e-05 2.76e-07 
3675 5 4.1532e-05 1.85e-07 
3676 5 3.9599e-05 3.23e-07 
3677 4 3.2543e-05 7.38e-07 
3678 6 5.4933e-05 7.89e-07 
3679 5 5.1124e-05 2.76e-07 
3680 5 4.3532e-05 2.42e-07 
3681 4 3.4531e-05 2.03e-07 
3682 5 7.1203e-05 2.37e-07 
3683 5 4.0861e-05 1.94e-07 
3684 5 3.2873e-05 3.06e-07 
3685 4 2.4598e-05 8.6e-08 
3686 6 2.7472e-05 2.9e-07 
3687 6 3.371e-05 8.3e-08 
3688 5 2.3049e-05 2.78e-07 
3689 4 2.1607e-05 2.52e-07 
3690 5 2.1385e-05 2.06e-07 
3691 5 2.7956e-05 6.4e-08 
3692 5 2.1605e-05 2.36e-07 
3693 5 2.8594e-05 3.1e-07 
3694 5 2.0988e-05 7.9e-08 
3695 5 1.9244e-05 1.01e-07 
3696 5 2.2879e-05 2.28e-07 
3697 4 2.0664e-05 2.21e-07 
3698 5 1.9968e-05 7.7e-08 
3699 5 2.3776e-05 2.06e-07 
3700 5 2.2084e-05 6.5e-08 
3701 4 1.7638e-05 6.5e-08 
3702 5 1.79e-05 2.62e-07 
3703 5 2.2944e-05 6.1e-08 
3704 5 2.1933e-05 2.38e-07 
3705 4 1.8794e-05 6.8e-08 
3706 5 1.7606e-05 2.05e-07 
3707 5 2.3204e-05 3.01e-07 
3708 5 2.5002e-05 2.06e-07 
3709 5 2.3511e-05 6.1e-08 
3710 5 1.8109e-05 3.37e-07 
3711 5 2.6474e-05 1.51e-07 
3712 5 2.1158e-05 2e-07 
3713 5 2.537e-05 1.01e-07 
3714 5 1.7468e-05 7.7e-08 
3715 5 1.9417e-05 9.8e-08 
3716 5 2.0583e-05 4.65e-07 
3717 5 2.4751e-05 9.4e-08 
3718 5 1.8954e-05 6.1e-08 
3719 6 3.2907e-05 1.1e-07 
3720 5 2.1736e-05 7.7e-08 
3721 4 1.7215e-05 8.1e-08 
3722 5 1.7411e-05 5.61e-07 
3723 5 2.4747e-05 1.14e-07 
3724 4 1.9213e-05 3.52e-07 
3725 5 2.7017e-05 1.96e-07 
3726 5 1.9816e-05 1e-07 
3727 5 2.2678e-05 3.76e-07 
3728 5 2.5045e-05 1.99e-07 
3729 5 2.4201e-05 1.42e-07 
3730 5 2.0484e-05 1.72e-07 
3731 5 2.3709e-05 1.84e-07 
3732 5 2.3555e-05 5.8e-08 
3733 4 1.4195e-05 7.8e-08 
3734 5 1.7855e-05 5.8e-08 
3735 5 1.9164e-05 4.13e-07 
3736 5 2.5408e-05 2.15e-07 
3737 4 1.775e-05 1.04e-07 
3738 5 1.8003e-05 7.5e-08 
3739 6 3.0332e-05 9.4e-08 
3740 5 2.1021e-05 5.6e-08 
3741 5 2.0939e-05 1.05e-07 
3742 5 1.9097e-05 4.66e-07 
3743 5 2.5377e-05 2.85e-07 
3744 5 2.0694e-05 1.41e-07 
3745 5 2.6837e-05 3.29e-07 
3746 5 2.163e-05 2.82e-07 
3747 5 2.3062e-05 6.7e-08 
3748 5 2.2366e-05 3.48e-07 
3749 4 1.7879e-05 7.3e-08 
3750 6 2.492e-05 1.14e-07 
3751 5 2.3201e-05 2.27e-07 
3752 5 2.2321e-05 8e-08 
3753 4 1.5363e-05 9.2e-08 
3754 5 1.859e-05 3.99e-07 
3755 5 2.4094e-05 1.92e-07 
3756 5 2.2843e-05 1.87e-07 
3757 4 1.6586e-05 2.04e-07 
3758 5 2.0687e-05 5.8e-08 
3759 5 2.2757e-05 3e-07 
3760 5 2.2332e-05 2e-07 
3761 5 2.3887e-05 1.86e-07 
3762 5 1.9732e-05 1.89e-07 
3763 5 2.1971e-05 1.88e-07 
3764 5 2.1576e-05 7.9e-08 
3765 4 1.4268e-05 9.4e-08 
3766 5 1.8984e-05 2.37e-07 
3767 5 2.3439e-05 2.03e-07 
3768 5 2.1874e-05 6.1e-08 
3769 4 1.4374e-05 6.3e-08 
3770 5 1.7731e-05 1.06e-07 
3771 5 2.6381e-05 5.4e-08 
3772 5 2.368e-05 3.23e-07 
3773 4 1.7775e-05 8e-08 
3774 5 1.7968e-05 6.4e-08 
3775 5 2.3686e-05 6.2e-08 
3776 5 2.4303e-05 1.456e-06 
3777 4 2.2584e-05 1.07e-07 
3778 5 2.1641e-05 5.7e-08 
3779 5 2.4096e-05 4.32e-07 
3780 5 2.3191e-05 2.25e-07 
3781 4 2.0048e-05 6.4e-08 
3782 5 2.168e-05 9.3e-08 
3783 5 2.3613e-05 6.9e-08 
3784 5 2.6282e-05 3.91e-07 
3785 5 2.7285e-05 8.3e-08 
3786 5 2.2181e-05 6.9e-08 
3787 5 2.5549e-05 4.96e-07 
3788 5 2.5664e-05 1.04e-07 
3789 5 2.3402e-05 6.7e-08 
3790 5 2.279e-05 7.8e-08 
3791 5 2.6413e-05 6.8e-08 
3792 5 2.1165e-05 3.16e-07 
3793 5 2.7396e-05 2.74e-07 
3794 6 3.0559e-05 2.8e-07 
3795 5 2.1937e-05 6.5e-08 
3796 5 2.1556e-05 6.3e-08 
3797 4 1.7206e-05 2.18e-07 
3798 5 2.1961e-05 1.02e-07 
3799 5 2.6104e-05 3.77e-07 
3800 4 1.8955e-05 8.2e-08 
3801 4 1.6439e-05 6.8e-08 
3802 5 2.3363e-05 2.16e-07 
3803 5 2.3816e-05 1.98e-07 
3804 5 2.4034e-05 2.17e-07 
3805 4 1.6383e-05 1.48e-07 
3806 6 2.6528e-05 1.18e-07 
3807 5 2.2459e-05 2.31e-07 
3808 5 2.711e-05 1.64e-07 
3809 4 1.706e-05 9.6e-08 
3810 5 2.2049e-05 2.55e-07 
3811 5 2.6495e-05 7.5e-08 
3812 5 2.3993e-05 9.1e-08 
3813 4 1.6096e-05 1.19e-07 
3814 5 2.8624e-05 3.2e-07 
3815 5 2.4833e-05 1.83e-07 
3816 5 2.3398e-05 6.1e-08 
3817 4 1.9547e-05 1e-07 
3818 5 1.9967e-05 8.3e-08 
3819 6 3.2227e-05 1.06e-07 
3820 5 2.7411e-05 2.12e-07 
3821 4 2.061e-05 6.7e-08 
3822 6 2.6097e-05 2.55e-07 
3823 5 2.2998e-05 1.99e-07 
3824 5 2.1992e-05 3.38e-07 
3825 5 2.8391e-05 2.06e-07 
3826 5 2.1366e-05 2.08e-07 
3827 5 2.4042e-05 6.2e-08 
3828 5 2.1494e-05 8e-08 
3829 4 1.8219e-05 7.1e-08 
3830 5 1.8897e-05 2.89e-07 
3831 5 3.067e-05 1.99e-07 
3832 5 2.3705e-05 2.07e-07 
3833 4 1.8447e-05 1.99e-07 
3834 5 2.2498e-05 2.11e-07 
3835 5 2.2273e-05 1.34e-07 
3836 5 2.2636e-05 1.99e-07 
3837 4 2.0403e-05 1.67e-07 
3838 5 2.0487e-05 2e-07 
3839 5 2.5759e-05 9.7e-08 
3840 5 2.162e-05 9.9e-08 
3841 5 2.3489e-05 1.55e-07 
3842 5 2.0113e-05 6.4e-08 
3843 5 2.2741e-05 5.77e-07 
3844 5 2.639e-05 2.01e-07 
3845 5 2.4956e-05 2.23e-07 
3846 5 2.039e-05 8.2e-08 
3847 5 2.4181e-05 6.3e-08 
3848 5 2.3549e-05 6.1e-08 
3849 5 2.1733e-05 6.5e-08 
3850 5 2.1406e-05 4.48e-07 
3851 5 2.9818e-05 1.97e-07 
3852 5 2.3224e-05 2.42e-07 
3853 4 1.7972e-05 1.02e-07 
3854 5 2.0095e-05 8.5e-08 
3855 5 1.9836e-05 2.76e-07 
3856 5 2.5235e-05 1.85e-07 
3857 5 2.352e-05 6e-08 
3858 5 1.8824e-05 5.9e-08 
3859 5 2.4558e-05 6.9e-08 
3860 5 2.4804e-05 7.3e-08 
3861 5 2.2443e-05 4.71e-07 
3862 5 2.2347e-05 7.2e-08 
3863 5 2.1291e-05 2.19e-07 
3864 5 2.187e-05 1.89e-07 
3865 4 1.4758e-05 2.32e-07 
3866 5 1.8204e-05 7e-08 
3867 5 2.2285e-05 7.1e-08 
3868 5 2.1156e-05 2.93e-07 
3869 4 1.7618e-05 2.08e-07 
3870 5 2.2551e-05 7.2e-08 
3871 5 2.5176e-05 5.3e-08 
3872 5 2.0314e-05 7.4e-08 
3873 5 2.1832e-05 4.19e-07 
3874 5 2.1432e-05 1.84e-07 
3875 5 2.2265e-05 2.02e-07 
3876 4 1.9328e-05 2.05e-07 
3877 5 2.3134e-05 2.08e-07 
3878 5 2.0839e-05 1.99e-07 
3879 5 2.697e-05 2.11e-07 
3880 5 2.5089e-05 7e-08 
3881 4 1.6313e-05 7.7e-08 
3882 5 1.8344e-05 6.9e-08 
3883 5 2.1046e-05 5.9e-08 
3884 5 2.3206e-05 5.9e-08 
3885 4 1.4642e-05 6.1e-08 
3886 5 1.8204e-05 7.4e-08 
3887 5 2.009e-05 7.4e-08 
3888 5 2.1581e-05 7.6e-08 
3889 4 1.5745e-05 6.2e-08 
3890 5 1.9641e-05 5.8e-08 
3891 5 2.4274e-05 5.6e-08 
3892 5 2.0699e-05 5.81e-07 
3893 5 2.5802e-05 2.8e-07 
3894 5 2.3447e-05 1e-07 
3895 5 2.0013e-05 7.2e-08 
3896 5 2.2594e-05 3.52e-07 
3897 4 1.8211e-05 1.91e-07 
3898 5 1.9618e-05 7.8e-08 
3899 5 2.3886e-05 7.7e-08 
3900 5 2.2986e-05 2.13e-07 
3901 4 1.6802e-05 6.2e-08 
3902 5 2.1217e-05 2.62e-07 
3903 5 2.451e-05 2.2e-07 
3904 5 2.2432e-05 1.97e-07 
3905 4 1.6982e-05 6.9e-08 
3906 5 1.7698e-05 7.2e-08 
3907 5 4.5518e-05 6.7e-08 
3908 5 2.0713e-05 6.4e-08 
3909 5 2.0368e-05 3.96e-07 
3910 5 2.4486e-05 2.33e-07 
3911 5 2.4727e-05 1.87e-07 
3912 5 3.4878e-05 1.92e-07 
3913 4 1.6886e-05 7.4e-08 
3914 5 1.7554e-05 5.9e-08 
3915 5 1.9426e-05 5.6e-08 
3916 5 2.2247e-05 2.93e-07 
3917 5 2.4937e-05 2.21e-07 
3918 6 2.7208e-05 2.35e-07 
3919 5 2.3608e-05 7.2e-08 
3920 5 2.0865e-05 2.26e-07 
3921 5 2.2958e-05 2.11e-07 
3922 5 2.068e-05 5.9e-08 
3923 5 2.0532e-05 2.47e-07 
3924 5 2.4607e-05 1.94e-07 
3925 5 2.1611e-05 5.6e-08 
3926 5 1.9256e-05 5.9e-08 
3927 5 4.8112e-05 2.35e-07 
3928 5 2.2613e-05 2.42e-07 
3929 4 1.7751e-05 1.82e-07 
3930 5 1.8271e-05 1.95e-07 
3931 5 2.9343e-05 2.13e-07 
3932 5 2.4264e-05 2.14e-07 
3933 4 1.6824e-05 3.47e-07 
3934 5 2.1083e-05 6.3e-08 
3935 5 3.5245e-05 2.48e-07 
3936 5 2.5328e-05 2.06e-07 
3937 4 1.5977e-05 8e-08 
3938 6 4.8732e-05 8.5e-08 
3939 5 2.6533e-05 2.8e-07 
3940 5 2.275e-05 6.4e-08 
3941 4 2.7786e-05 1.89e-07 
3942 6 2.8735e-05 3.07e-07 
3943 5 2.556e-05 1.93e-07 
3944 5 2.286e-05 2.18e-07 
3945 4 1.9335e-05 1.77e-07 
3946 5 2.079e-05 9.7e-08 
3947 5 2.2113e-05 2.39e-07 
3948 5 2.2765e-05 2.13e-07 
3949 4 1.9939e-05 6.6e-08 
3950 6 2.6086e-05 1.23e-07 
3951 5 2.5556e-05 3.52e-07 
3952 5 2.6493e-05 2.22e-07 
3953 4 2.1467e-05 9.9e-08 
3954 5 2.0189e-05 2.82e-07 
3955 5 2.2312e-05 6.5e-08 
3956 5 2.2947e-05 2.05e-07 
3957 5 2.5588e-05 6.2e-08 
3958 5 2.0246e-05 6.4e-08 
3959 5 2.6942e-05 9.8e-08 
3960 5 2.2606e-05 5.8e-08 
3961 4 1.7363e-05 3.43e-07 
3962 5 2.1499e-05 6.8e-08 
3963 5 2.2607e-05 6.4e-08 
3964 5 2.2451e-05 3.3e-07 
3965 4 2.0449e-05 8.2e-08 
3966 5 1.8762e-05 6.3e-08 
3967 5 2.2127e-05 7.8e-08 
3968 5 2.2558e-05 2.66e-07 
3969 4 2.0723e-05 1.03e-07 
3970 5 1.9584e-05 2.12e-07 
3971 5 2.8585e-05 6e-08 
3972 5 2.3207e-05 6e-08 
3973 5 2.2235e-05 2.49e-07 
3974 5 2.0453e-05 2.29e-07 
3975 5 2.0726e-05 6.3e-08 
3976 5 2.148e-05 9.3e-08 
3977 5 2.5984e-05 2.47e-07 
3978 5 2.1114e-05 5.9e-08 
3979 5 2.6209e-05 1.7e-07 
3980 5 2.2875e-05 2.23e-07 
3981 5 2.3151e-05 2.08e-07 
3982 5 2.0472e-05 6.4e-08 
3983 5 2.1786e-05 2.07e-07 
3984 5 2.2587e-05 7.7e-08 
3985 4 1.727e-05 2.78e-07 
3986 5 2.0759e-05 7.7e-08 
3987 6 3.1779e-05 2.59e-07 
3988 5 2.3628e-05 6.3e-08 
3989 5 2.4791e-05 3.5e-07 
3990 5 2.182e-05 6.6e-08 
3991 6 3.3144e-05 3.75e-07 
3992 5 2.2674e-05 2.23e-07 
3993 5 2.3143e-05 2.01e-07 
3994 5 1.9702e-05 2.02e-07 
3995 5 2.2364e-05 1.85e-07 
3996 5 2.1708e-05 6.3e-08 
3997 4 1.4056e-05 2.19e-07 
3998 5 1.963e-05 7e-08 
3999 5 2.5853e-05 2.83e-07 
4000 5 2.1893e-05 6.2e-08 
4001 4 1.5216e-05 1.01e-07 
4002 5 1.7932e-05 7.1e-08 
4003 5 2.2992e-05 3.06e-07 
4004 5 2.284e-05 8.6e-08 
4005 5 2.3609e-05 2.35e-07 
4006 5 4.3873e-05 2.32e-07 
4007 5 2.4872e-05 1.89e-07 
4008 5 2.6125e-05 1.99e-07 
4009 5 2.248e-05 8.6e-08 
4010 5 1.7495e-05 5.7e-08 
4011 5 2.482e-05 3.31e-07 
4012 5 2.4039e-05 3.07e-07 
4013 4 1.6347e-05 1.88e-07 
4014 6 2.6346e-05 2.65e-07 
4015 6 2.7099e-05 9.6e-08 
4016 5 2.0005e-05 1.83e-07 
4017 4 1.6852e-05 8.1e-08 
4018 5 1.7961e-05 5.3e-08 
4019 5 2.4825e-05 5.6e-08 
4020 5 2.0066e-05 6.2e-08 
4021 4 1.8013e-05 4.16e-07 
4022 5 2.1192e-05 7.3e-08 
4023 5 2.1224e-05 3.37e-07 
4024 5 2.2159e-05 2.13e-07 
4025 5 2.3068e-05 2.35e-07 
4026 5 1.8686e-05 2.08e-07 
4027 6 2.9988e-05 9.7e-08 
4028 5 2.1805e-05 3.36e-07 
4029 4 2.156e-05 2.01e-07 
4030 5 2.1481e-05 1.49e-07 
4031 6 3.1106e-05 8.8e-08 
4032 5 2.2083e-05 2.12e-07 
4033 4 1.5909e-05 1.62e-07 
4034 5 2.0446e-05 1.92e-07 
4035 5 2.2113e-05 1.85e-07 
4036 5 2.3457e-05 1.82e-07 
4037 4 1.5232e-05 7.9e-08 
4038 5 1.7558e-05 6e-08 
4039 6 3.1169e-05 3.96e-07 
4040 5 2.5291e-05 3.07e-07 
4041 5 2.5338e-05 1.93e-07 
4042 5 2.1467e-05 2.14e-07 
4043 5 2.3787e-05 1.9e-07 
4044 5 2.292e-05 1.08e-07 
4045 4 1.6308e-05 8.7e-08 
4046 5 1.9497e-05 6.7e-08 
4047 5 2.409e-05 8.6e-08 
4048 5 2.1203e-05 7.1e-08 
4049 5 2.5036e-05 2.68e-07 
4050 5 2.1781e-05 2.06e-07 
4051 5 2.6287e-05 5.8e-08 
4052 5 2.0388e-05 1.07e-07 
4053 5 2.2207e-05 2.18e-07 
4054 5 2.1814e-05 1.94e-07 
4055 5 2.2977e-05 1.77e-07 
4056 5 2.1674e-05 4e-07 
4057 5 2.0375e-05 2.64e-07 
4058 5 1.795e-05 2.43e-07 
4059 6 3.3127e-05 1.07e-07 
4060 5 2.0309e-05 1.75e-07 
4061 4 1.6238e-05 1.85e-07 
4062 5 1.8616e-05 2.1e-07 
4063 5 2.4194e-05 2.21e-07 
4064 5 3.4387e-05 1.85e-07 
4065 4 1.6531e-05 1.89e-07 
4066 5 1.8886e-05 2e-07 
4067 5 2.2451e-05 2.15e-07 
4068 5 2.3717e-05 8.8e-08 
4069 4 1.4497e-05 8.2e-08 
4070 6 2.3943e-05 2.84e-07 
4071 5 2.95e-05 7e-08 
4072 5 2.666e-05 1.32e-07 
4073 4 1.7192e-05 1.75e-07 
4074 5 1.7997e-05 6.4e-08 
4075 5 1.9281e-05 5.9e-08 
4076 5 1.9942e-05 2.27e-07 
4077 4 3.088e-05 9.6e-08 
4078 5 1.7904e-05 9.3e-08 
4079 5 2.5977e-05 4.55e-07 
4080 5 2.2989e-05 1.01e-07 
4081 4 2.1348e-05 1.06e-07 
4082 6 2.4307e-05 4.21e-07 
4083 5 2.5351e-05 1.86e-07 
4084 5 2.4491e-05 2.33e-07 
4085 4 2.1138e-05 2.19e-07 
4086 6 2.7356e-05 2.82e-07 
4087 5 2.4834e-05 2.16e-07 
4088 5 2.5537e-05 2.2e-07 
4089 5 4.0988e-05 2.69e-07 
4090 5 1.9607e-05 1.94e-07 
4091 5 2.8672e-05 2.13e-07 
4092 5 2.2708e-05 2.1e-07 
4093 5 2.6161e-05 3.25e-07 
4094 5 2.1e-05 2.92e-07 
4095 5 2.4329e-05 2.07e-07 
4096 5 2.4045e-05 2.8e-07 
4097 5 5.2236e-05 2.36e-07 
4098 5 2.3948e-05 2.18e-07 
4099 5 2.7709e-05 2.2e-07 
4100 5 4.8281e-05 2.23e-07 
4101 4 1.8344e-05 2.03e-07 
4102 5 2.2494e-05 2.33e-07 
4103 5 2.3438e-05 2.12e-07 
4104 5 2.5133e-05 2.31e-07 
4105 5 2.4258e-05 2.58e-07 
4106 5 2.236e-05 2.12e-07 
4107 5 2.5282e-05 2.05e-07 
4108 5 2.6385e-05 2.12e-07 
4109 5 2.7227e-05 2.22e-07 
4110 5 2.171e-05 2.04e-07 
4111 5 2.8409e-05 2.09e-07 
4112 5 4.0215e-05 2.24e-07 
4113 5 2.6415e-05 2.13e-07 
4114 5 2.02e-05 2.35e-07 
4115 5 2.3206e-05 2.1e-07 
4116 5 2.5784e-05 1.97e-07 
4117 4 2.0527e-05 2.5e-07 
4118 5 2.1532e-05 4.13e-07 
4119 5 2.9298e-05 3.32e-07 
4120 5 2.4772e-05 2.6e-07 
4121 5 2.4306e-05 2.06e-07 
4122 5 2.061e-05 2.13e-07 
4123 5 2.4348e-05 2.26e-07 
4124 5 2.3103e-05 2.52e-07 
4125 5 2.2177e-05 4.54e-07 
4126 5 2.0613e-05 4.45e-07 
4127 5 2.5889e-05 2.24e-07 
4128 5 2.6196e-05 3.91e-07 
4129 4 1.5902e-05 2.16e-07 
4130 5 2.0177e-05 2e-07 
4131 5 2.6376e-05 2.18e-07 
4132 5 2.2311e-05 2e-07 
4133 4 1.7083e-05 1.99e-07 
4134 5 2.2593e-05 4.26e-07 
4135 5 2.1154e-05 2.04e-07 
4136 5 2.5077e-05 2.3e-07 
4137 5 2.4857e-05 2.1e-07 
4138 5 2.3905e-05 3.03e-07 
4139 6 3.3947e-05 4.74e-07 
4140 5 2.1447e-05 5.57e-07 
4141 5 2.4456e-05 2.33e-07 
4142 5 2.4256e-05 2.36e-07 
4143 5 2.5911e-05 1.91e-07 
4144 5 2.554e-05 2.27e-07 
4145 4 1.9092e-05 1.06e-07 
4146 6 2.5752e-05 2.98e-07 
4147 5 2.1797e-05 5.8e-08 
4148 5 2.2638e-05 4.13e-07 
4149 4 1.6708e-05 1.13e-07 
4150 5 1.9848e-05 9.8e-08 
4151 5 2.5592e-05 3.43e-07 
4152 5 2.5309e-05 7.5e-08 
4153 4 1.9051e-05 1.73e-07 
4154 5 2.0183e-05 1.99e-07 
4155 5 2.0581e-05 1.94e-07 
4156 5 2.3219e-05 9.5e-08 
4157 5 2.3861e-05 9.8e-08 
4158 5 2.2854e-05 5.8e-08 
4159 5 2.5409e-05 5.7e-08 
4160 5 2.2997e-05 3.13e-07 
4161 4 1.4821e-05 3.59e-07 
4162 5 2.2961e-05 8.6e-08 
4163 5 2.1849e-05 5.8e-08 
4164 5 2.4772e-05 2.39e-07 
4165 4 1.7275e-05 8e-08 
4166 5 2.0987e-05 7.2e-08 
4167 5 2.2911e-05 2.6e-07 
4168 5 3.6563e-05 1.9e-07 
4169 4 1.6803e-05 1.73e-07 
4170 5 2.0616e-05 1.85e-07 
4171 5 2.658e-05 7.5e-08 
4172 5 1.9902e-05 5.5e-08 
4173 5 2.3419e-05 3.61e-07 
4174 5 2.5002e-05 5.9e-08 
4175 5 2.7565e-05 7.8e-08 
4176 5 2.2026e-05 2.33e-07 
4177 4 1.9964e-05 2.19e-07 
4178 5 2.401e-05 2.56e-07 
4179 5 2.6384e-05 1.84e-07 
4180 5 2.5522e-05 2.66e-07 
4181 5 2.4683e-05 6.1e-08 
4182 6 2.7974e-05 1.31e-07 
4183 5 2.4236e-05 6.3e-08 
4184 5 2.3464e-05 2.106e-06 
4185 5 2.4773e-05 2.37e-07 
4186 5 2.1218e-05 1.96e-07 
4187 5 2.5692e-05 7e-08 
4188 5 2.7719e-05 2.02e-07 
4189 5 2.3547e-05 1.06e-07 
4190 5 2.1998e-05 4.26e-07 
4191 5 2.987e-05 7.7e-08 
4192 5 2.3619e-05 5.8e-08 
4193 4 1.6143e-05 1.86e-07 
4194 5 2.3187e-05 5.9e-08 
4195 5 2.2341e-05 9.2e-08 
4196 5 2.2623e-05 9.2e-08 
4197 4 1.6677e-05 8.9e-08 
4198 5 2.262e-05 3.03e-07 
4199 5 3.0387e-05 1.92e-07 
4200 5 2.4099e-05 2.16e-07 
4201 4 1.649e-05 6.4e-08 
4202 5 2.0685e-05 8e-08 
4203 5 2.1866e-05 2.13e-07 
4204 5 2.2634e-05 2.73e-07 
4205 4 1.5253e-05 4.09e-07 
4206 6 3.2089e-05 2.97e-07 
4207 5 2.3097e-05 1.75e-07 
4208 5 2.2034e-05 7.7e-08 
4209 4 1.7883e-05 8.1e-08 
4210 5 2.1891e-05 2.26e-07 
4211 5 2.6795e-05 5.7e-08 
4212 5 2.1124e-05 5.3e-08 
4213 5 2.7159e-05 5.9e-08 
4214 6 2.8778e-05 3.34e-07 
4215 5 2.3912e-05 9.4e-08 
4216 5 2.0632e-05 8.1e-08 
4217 4 2.0175e-05 2.43e-07 
4218 5 2.0976e-05 6.9e-08 
4219 5 2.4887e-05 6.1e-08 
4220 5 2.0792e-05 6e-08 
4221 5 2.6252e-05 7.7e-08 
4222 5 1.9185e-05 2.76e-07 
4223 5 2.3355e-05 9.2e-08 
4224 5 2.1106e-05 2.74e-07 
4225 5 2.4361e-05 4.27e-07 
4226 6 2.9045e-05 2.54e-07 
4227 5 2.351e-05 1.8e-07 
4228 5 2.2698e-05 2.84e-07 
4229 5 2.4594e-05 2.18e-07 
4230 5 2.0886e-05 1.94e-07 
4231 5 2.4814e-05 6e-08 
4232 5 1.9812e-05 6.2e-08 
4233 4 1.8001e-05 8.8e-08 
4234 5 2.0079e-05 7e-08 
4235 5 1.9235e-05 9.1e-08 
4236 5 2.191e-05 2.8e-07 
4237 5 3.8094e-05 7.8e-08 
4238 5 1.9614e-05 7e-08 
4239 5 2.3802e-05 5.19e-07 
4240 5 2.9475e-05 2.09e-07 
4241 5 2.4135e-05 2.16e-07 
4242 6 2.8503e-05 1.81e-07 
4243 5 2.365e-05 7.1e-08 
4244 5 2.0116e-05 6e-08 
4245 5 2.1726e-05 2.14e-07 
4246 5 2.275e-05 5.8e-08 
4247 5 2.1811e-05 7.2e-08 
4248 5 2.3698e-05 7.1e-08 
4249 4 1.6884e-05 7.4e-08 
4250 5 1.8305e-05 9.8e-08 
4251 5 2.6914e-05 7.9e-08 
4252 5 2.0559e-05 8.5e-08 
4253 5 2.1272e-05 3.81e-07 
4254 6 3.068e-05 1.26e-07 
4255 5 1.9601e-05 1.97e-07 
4256 5 2.652e-05 1.02e-07 
4257 5 2.3193e-05 7.4e-08 
4258 5 1.8436e-05 6e-08 
4259 5 3.0163e-05 1.93e-07 
4260 5 2.4517e-05 7.9e-08 
4261 4 1.4379e-05 2.72e-07 
4262 6 2.7097e-05 9.5e-08 
4263 5 2.3098e-05 1.51e-07 
4264 5 2.321e-05 6e-08 
4265 4 1.5303e-05 8.5e-08 
4266 5 1.7726e-05 1.02e-07 
4267 5 2.3062e-05 2.24e-07 
4268 5 2.8722e-05 5.8e-08 
4269 5 2.1509e-05 7.6e-08 
4270 5 1.9879e-05 6.7e-08 
4271 5 2.583e-05 5.9e-08 
4272 5 2.1262e-05 1.14e-07 
4273 5 2.2441e-05 1.39e-07 
4274 5 1.7671e-05 7.3e-08 
4275 5 1.8854e-05 3.51e-07 
4276 5 2.5707e-05 2.16e-07 
4277 4 1.6361e-05 2.09e-07 
4278 6 2.6006e-05 1.14e-07 
4279 5 2.7194e-05 1.66e-07 
4280 5 2.2179e-05 8.04e-07 
4281 4 2.0038e-05 2.07e-07 
4282 5 2.0218e-05 2.25e-07 
4283 5 2.3231e-05 8.1e-08 
4284 5 2.297e-05 1.93e-07 
4285 4 1.7524e-05 1.72e-07 
4286 5 2.1019e-05 2.1e-07 
4287 5 2.3006e-05 8.2e-08 
4288 5 2.3295e-05 1.95e-07 
4289 5 2.6997e-05 8.2e-08 
4290 6 2.6204e-05 9.5e-08 
4291 5 2.4219e-05 4.22e-07 
4292 6 3.0406e-05 2.62e-07 
4293 4 1.7742e-05 1.05e-07 
4294 5 2.2955e-05 9e-08 
4295 5 5.0973e-05 8.6e-07 
4296 4 4.9743e-05 7.74e-07 
4297 4 5.974e-05 7.93e-07 
4298 5 5.9177e-05 8.28e-07 
4299 5 6.5811e-05 1.9e-07 
4300 5 2.4831e-05 2.15e-07 
4301 4 1.8941e-05 8.6e-08 
4302 5 2.4084e-05 5.9e-08 
4303 4 1.8184e-05 2.35e-07 
4304 5 2.7996e-05 2.2e-07 
4305 5 2.6005e-05 7.6e-08 
4306 5 2.2367e-05 6.5e-08 
4307 5 2.3941e-05 2.41e-07 
4308 5 2.49e-05 8.5e-08 
4309 4 1.6532e-05 1.96e-07 
4310 5 2.328e-05 3.45e-07 
4311 5 3.2844e-05 2.38e-07 
4312 5 5.5285e-05 2.11e-07 
4313 5 2.325e-05 2.21e-07 
4314 5 2.1985e-05 2.73e-07 
4315 5 2.2212e-05 1.36e-07 
4316 5 2.5354e-05 8.4e-08 
4317 5 2.3778e-05 2.37e-07 
4318 5 2.3592e-05 1.93e-07 
4319 5 2.8139e-05 2.34e-07 
4320 5 2.3074e-05 2.18e-07 
4321 5 2.456e-05 1.9e-07 
4322 6 3.1776e-05 1.26e-07 
4323 4 1.783e-05 9.8e-08 
4324 5 2.1382e-05 2.84e-07 
4325 4 3.2508e-05 9.7e-08 
4326 5 2.1083e-05 7.6e-08 
4327 6 3.2733e-05 1.13e-07 
4328 5 2.234e-05 6.3e-08 
4329 4 1.5626e-05 6.4e-08 
4330 5 4.1426e-05 7.5e-08 
4331 5 2.6451e-05 6.3e-08 
4332 5 2.7769e-05 2.41e-07 
4333 4 1.8933e-05 1.78e-07 
4334 6 2.5965e-05 3.36e-07 
4335 5 2.1128e-05 3.59e-07 
4336 5 2.4327e-05 2.27e-07 
4337 4 1.7122e-05 2.05e-07 
4338 5 1.952e-05 7.7e-08 
4339 6 3.5245e-05 2.98e-07 
4340 5 2.3252e-05 2.23e-07 
4341 5 2.3843e-05 6.1e-08 
4342 5 3.8814e-05 2.66e-07 
4343 4 1.8052e-05 1.89e-07 
4344 5 2.5828e-05 2.27e-07 
4345 5 2.614e-05 1.84e-07 
4346 5 1.9538e-05 6.4e-08 
4347 5 2.2166e-05 6e-08 
4348 5 2.1832e-05 6.3e-08 
4349 4 1.8346e-05 8.2e-08 
4350 6 2.563e-05 1.13e-07 
4351 5 2.4412e-05 1.05e-07 
4352 5 2.4103e-05 3.96e-07 
4353 5 2.9455e-05 6.9e-08 
4354 5 1.8148e-05 2.54e-07 
4355 5 2.1734e-05 6.1e-08 
4356 5 2.4078e-05 7.9e-08 
4357 5 2.7494e-05 3.44e-07 
4358 5 2.1504e-05 1.82e-07 
4359 6 3.6543e-05 2.83e-07 
4360 5 2.258e-05 2.07e-07 
4361 5 2.6348e-05 7.6e-08 
4362 5 1.8643e-05 2.33e-07 
4363 4 1.8091e-05 2e-07 
4364 5 2.2797e-05 2.08e-07 
4365 4 1.8672e-05 1.09e-07 
4366 5 2.1115e-05 9.6e-08 
4367 6 3.1202e-05 3.96e-07 
4368 5 2.8649e-05 2.68e-07 
4369 5 3.1977e-05 7.8e-08 
4370 6 2.9469e-05 5.9e-07 
4371 6 5.1949e-05 5.21e-07 
4372 5 3.5977e-05 4.38e-07 
4373 5 3.1671e-05 6.4e-08 
4374 5 1.8136e-05 8.1e-08 
4375 5 2.0915e-05 2.48e-07 
4376 5 2.5952e-05 2.47e-07 
4377 5 2.2443e-05 2.25e-07 
4378 5 2.0448e-05 1.85e-07 
4379 6 3.1573e-05 1.17e-07 
4380 5 2.3314e-05 2.16e-07 
4381 4 1.7569e-05 2.12e-07 
4382 5 1.9441e-05 6.3e-08 
4383 5 2.2031e-05 6.1e-08 
4384 5 2.0389e-05 8e-08 
4385 5 2.1689e-05 6.3e-08 
4386 6 2.5698e-05 1.29e-07 
4387 5 2.3013e-05 4.01e-07 
4388 5 2.6228e-05 2.2e-07 
4389 5 2.2935e-05 2.19e-07 
4390 5 1.9969e-05 2.17e-07 
4391 5 2.3966e-05 7.8e-08 
4392 5 2.4519e-05 6e-08 
4393 4 1.5193e-05 1.01e-07 
4394 5 1.8205e-05 3.17e-07 
4395 5 2.179e-05 7.4e-08 
4396 5 2.2492e-05 6.6e-08 
4397 4 1.7929e-05 2.66e-07 
4398 5 2.0714e-05 2.31e-07 
4399 5 2.5742e-05 5.9e-08 
4400 5 1.9913e-05 6.3e-08 
4401 5 2.2619e-05 6.9e-08 
4402 5 1.9027e-05 9.8e-08 
4403 5 2.0064e-05 7.1e-08 
4404 5 2.2419e-05 7.3e-08 
4405 5 2.4655e-05 3.44e-07 
4406 5 2.1742e-05 6.5e-08 
4407 5 2.2879e-05 2.66e-07 
4408 5 2.9671e-05 6.1e-08 
4409 4 1.5358e-05 2.04e-07 
4410 5 1.8834e-05 2.24e-07 
4411 6 3.2984e-05 2.69e-07 
4412 5 2.341e-05 3.1e-07 
4413 4 1.7432e-05 9e-08 
4414 5 2.764e-05 9.1e-08 
4415 5 2.0041e-05 2.09e-07 
4416 5 2.5467e-05 2.07e-07 
4417 4 1.7204e-05 8.5e-08 
4418 5 1.8342e-05 2.26e-07 
4419 5 2.493e-05 2.05e-07 
4420 5 2.407e-05 7.9e-08 
4421 5 2.2791e-05 2.4e-07 
4422 5 2.2367e-05 2.37e-07 
4423 5 2.3069e-05 9.3e-08 
4424 5 2.1731e-05 7.3e-08 
4425 4 1.6278e-05 2.73e-07 
4426 5 2.0383e-05 2.23e-07 
4427 5 2.3775e-05 3.32e-07 
4428 5 2.4165e-05 1.19e-07 
4429 4 1.6469e-05 9.3e-08 
4430 5 2.0732e-05 3.45e-07 
4431 5 2.6631e-05 1.05e-07 
4432 5 2.2609e-05 4.81e-07 
4433 4 1.7706e-05 1.86e-07 
4434 6 2.7736e-05 2.79e-07 
4435 5 2.2818e-05 2.21e-07 
4436 5 2.3147e-05 8.2e-08 
4437 5 2.1358e-05 1.99e-07 
4438 5 2.2602e-05 8.7e-08 
4439 5 2.4017e-05 2.14e-07 
4440 5 2.5969e-05 2.19e-07 
4441 5 2.127e-05 6.8e-08 
4442 5 1.7287e-05 2.09e-07 
4443 5 2.1274e-05 5.9e-08 
4444 5 2.1381e-05 1.03e-07 
4445 5 2.2125e-05 2.74e-07 
4446 6 2.9319e-05 2.77e-07 
4447 5 2.5144e-05 3.22e-07 
4448 5 3.1187e-05 6.7e-08 
4449 5 2.503e-05 2.04e-07 
4450 5 2.0092e-05 2.21e-07 
4451 5 2.4473e-05 2.19e-07 
4452 5 2.4676e-05 2.11e-07 
4453 5 2.3306e-05 5.6e-08 
4454 5 2.7776e-05 7.4e-08 
4455 5 2.0069e-05 5.7e-08 
4456 5 2.0852e-05 3.1e-07 
4457 4 1.8723e-05 1.98e-07 
4458 5 1.7785e-05 2.06e-07 
4459 6 2.7577e-05 8.4e-08 
4460 5 1.975e-05 6.9e-08 
4461 4 1.5366e-05 2.27e-07 
4462 5 2.0466e-05 9.4e-08 
4463 5 2.1476e-05 4.55e-07 
4464 5 2.6318e-05 5.8e-08 
4465 4 1.503e-05 1.03e-07 
4466 6 2.4636e-05 1.07e-07 
4467 5 2.1612e-05 1.84e-07 
4468 5 4.5871e-05 3.42e-07 
4469 4 1.6929e-05 2.04e-07 
4470 6 2.6698e-05 2.55e-07 
4471 5 2.198e-05 2.05e-07 
4472 5 2.2791e-05 6e-08 
4473 5 2.4615e-05 7e-08 
4474 5 1.7487e-05 3.04e-07 
4475 5 2.1357e-05 2.03e-07 
4476 5 2.2724e-05 3.73e-07 
4477 5 4.4862e-05 5.6e-08 
4478 6 2.4866e-05 9.8e-08 
4479 5 2.2337e-05 2.65e-07 
4480 5 2.2666e-05 1.66e-07 
4481 4 1.9111e-05 1.89e-07 
4482 5 1.7335e-05 2.04e-07 
4483 5 2.0098e-05 1.95e-07 
4484 5 2.142e-05 2.03e-07 
4485 5 2.9553e-05 6.1e-08 
4486 5 1.7704e-05 2.09e-07 
4487 5 2.2759e-05 1.79e-07 
4488 5 2.2615e-05 5.9e-08 
4489 4 1.5953e-05 1.8e-07 
4490 5 1.8753e-05 2e-07 
4491 5 2.2586e-05 2e-07 
4492 5 2.3387e-05 2.06e-07 
4493 5 2.3449e-05 2.26e-07 
4494 5 1.8802e-05 7.2e-08 
4495 5 1.8195e-05 2.17e-07 
4496 5 3.5786e-05 7.8e-08 
4497 4 1.7475e-05 2.02e-07 
4498 5 1.9563e-05 6.9e-08 
4499 5 2.2055e-05 2.04e-07 
4500 5 2.3652e-05 6.5e-08 
4501 5 2.3825e-05 2.3e-07 
4502 5 2.0476e-05 1.06e-07 
4503 5 2.1224e-05 2.16e-07 
4504 5 2.4839e-05 2.01e-07 
4505 6 3.0215e-05 2.96e-07 
4506 5 1.7494e-05 5.5e-08 
4507 5 2.0069e-05 6.7e-08 
4508 6 2.566e-05 4.84e-07 
4509 5 2.1879e-05 2.26e-07 
4510 5 1.9656e-05 5.6e-08 
4511 5 2.1575e-05 5.9e-08 
4512 5 2.0301e-05 9.2e-08 
4513 4 1.5655e-05 2.7e-07 
4514 6 2.5164e-05 2.92e-07 
4515 5 1.8683e-05 1.9e-07 
4516 5 2.3512e-05 2.19e-07 
4517 5 2.1799e-05 2.11e-07 
4518 6 2.4474e-05 1.36e-07 
4519 5 2.0706e-05 5.6e-08 
4520 5 2.1142e-05 5.8e-08 
4521 5 2.1624e-05 2.7e-07 
4522 5 1.867e-05 2.4e-07 
4523 5 2.2964e-05 2.1e-07 
4524 5 2.255e-05 2.12e-07 
4525 4 1.6291e-05 2.01e-07 
4526 6 2.6331e-05 2.4e-07 
4527 5 2.2893e-05 7.4e-08 
4528 5 2.0504e-05 5.7e-08 
4529 4 1.5481e-05 2.17e-07 
4530 6 2.5813e-05 2.5e-07 
4531 5 2.2128e-05 2.41e-07 
4532 5 2.4218e-05 3.06e-07 
4533 5 2.1722e-05 2.05e-07 
4534 5 1.8733e-05 2.1e-07 
4535 5 1.8929e-05 1.92e-07 
4536 5 2.1187e-05 1.83e-07 
4537 5 2.4038e-05 1.06e-07 
4538 5 1.6829e-05 2.42e-07 
4539 5 2.1734e-05 5.7e-08 
4540 5 2.3388e-05 2.01e-07 
4541 4 1.5275e-05 9.3e-08 
4542 6 2.4406e-05 3.05e-07 
4543 5 2.2278e-05 1.56e-07 
4544 5 2.438e-05 7.4e-08 
4545 4 1.6554e-05 1.87e-07 
4546 5 1.7992e-05 1.98e-07 
4547 5 2.3122e-05 2.14e-07 
4548 5 2.1051e-05 1.82e-07 
4549 4 1.5856e-05 9e-08 
4550 5 1.776e-05 2.19e-07 
4551 5 2.2004e-05 2.07e-07 
4552 5 2.2319e-05 8.1e-08 
4553 5 2.5798e-05 2.41e-07 
4554 5 1.952e-05 6.6e-08 
4555 5 2.129e-05 1.42e-07 
4556 5 2.3257e-05 2.04e-07 
4557 4 1.6938e-05 1.89e-07 
4558 5 1.9213e-05 6e-08 
4559 5 2.2565e-05 5.6e-08 
4560 5 2.337e-05 6.1e-08 
4561 4 1.4807e-05 1.12e-07 
4562 5 1.5724e-05 3.58e-07 
4563 5 2.0772e-05 1.83e-07 
4564 5 3.9761e-05 1.66e-07 
4565 4 1.6617e-05 1.93e-07 
4566 5 1.959e-05 2.37e-07 
4567 5 2.3675e-05 1.18e-07 
4568 5 2.4468e-05 9.1e-08 
4569 5 3.3724e-05 9.9e-08 
4570 5 1.9064e-05 7.2e-08 
4571 5 2.7999e-05 7.8e-08 
4572 5 2.5506e-05 6.1e-08 
4573 5 2.1883e-05 9.8e-08 
4574 5 1.7572e-05 9.7e-08 
4575 5 2.1161e-05 3.12e-07 
4576 5 2.4093e-05 5.7e-08 
4577 5 2.1874e-05 2.87e-07 
4578 6 2.5978e-05 2.64e-07 
4579 5 2.6449e-05 2.17e-07 
4580 5 2.3497e-05 2.18e-07 
4581 5 2.2624e-05 6.9e-08 
4582 5 1.8185e-05 1e-07 
4583 5 1.9537e-05 5.3e-08 
4584 5 2.3884e-05 1.98e-07 
4585 5 2.3236e-05 1.88e-07 
4586 5 1.6829e-05 5.6e-08 
4587 5 2.0066e-05 1.27e-07 
4588 5 2.0681e-05 2.37e-07 
4589 4 1.6997e-05 7.6e-08 
4590 5 1.6499e-05 5.5e-08 
4591 5 2.2788e-05 1.58e-07 
4592 5 2.249e-05 2.47e-07 
4593 4 1.6979e-05 7.5e-08 
4594 5 2.6412e-05 7.5e-08 
4595 5 1.8109e-05 6.4e-08 
4596 5 2.094e-05 7.7e-08 
4597 4 1.3946e-05 2.53e-07 
4598 6 2.8825e-05 2.75e-07 
4599 5 2.5306e-05 7.4e-08 
4600 5 2.0783e-05 7e-08 
4601 4 1.554e-05 8.5e-08 
4602 5 1.6456e-05 6e-08 
4603 5 1.9162e-05 7.4e-08 
4604 5 2.2506e-05 2.6e-07 
4605 5 2.3865e-05 2.3e-07 
4606 5 1.8074e-05 2.16e-07 
4607 5 2.3419e-05 1.86e-07 
4608 5 2.1395e-05 2.38e-07 
4609 4 1.9901e-05 1.94e-07 
4610 6 3.0023e-05 2.89e-07 
4611 5 2.3258e-05 6.7e-08 
4612 5 2.197e-05 6.2e-08 
4613 5 2.4125e-05 7.9e-08 
4614 6 2.8363e-05 3.4e-07 
4615 5 2.0129e-05 1.57e-07 
4616 5 2.2932e-05 1.94e-07 
4617 5 2.5149e-05 2.38e-07 
4618 5 1.766e-05 2.53e-07 
4619 5 2.3003e-05 5.5e-08 
4620 5 2.3592e-05 2.02e-07 
4621 5 2.3669e-05 5.6e-08 
4622 5 1.7009e-05 1.95e-07 
4623 5 2.0647e-05 7e-08 
4624 5 2.5542e-05 1.99e-07 
4625 5 2.2849e-05 1.03e-07 
4626 5 1.7165e-05 2.41e-07 
4627 5 3.6175e-05 5.9e-08 
4628 5 2.2269e-05 2.12e-07 
4629 4 1.7594e-05 7.8e-08 
4630 5 1.6507e-05 9.9e-08 
4631 5 2.2514e-05 1.94e-07 
4632 5 2.2616e-05 5.6e-08 
4633 5 2.1421e-05 2.2e-07 
4634 5 1.7173e-05 2.07e-07 
4635 5 1.9381e-05 1.97e-07 
4636 5 2.3386e-05 5.9e-08 
4637 6 2.8666e-05 2.41e-07 
4638 5 1.8151e-05 9e-08 
4639 5 2.3053e-05 8.3e-08 
4640 5 2.1904e-05 2.55e-07 
4641 5 2.219e-05 7.6e-08 
4642 5 1.6998e-05 6.8e-08 
4643 5 1.9121e-05 2.39e-07 
4644 5 2.5682e-05 5.6e-08 
4645 4 1.7285e-05 2.17e-07 
4646 5 2.0582e-05 2.42e-07 
4647 5 2.2544e-05 2.05e-07 
4648 5 2.311e-05 6.2e-08 
4649 5 2.1957e-05 2.19e-07 
4650 5 1.8259e-05 2.29e-07 
4651 5 2.3352e-05 5.6e-08 
4652 5 2.1298e-05 2.27e-07 
4653 5 2.6177e-05 7.6e-08 
4654 5 1.872e-05 2.12e-07 
4655 5 1.9826e-05 9e-08 
4656 5 2.517e-05 7.7e-08 
4657 4 1.5152e-05 8.2e-08 
4658 6 2.6014e-05 9.3e-08 
4659 6 3.4994e-05 2.75e-07 
4660 5 2.4212e-05 3.03e-07 
4661 4 1.637e-05 1.92e-07 
4662 5 2.0696e-05 2.26e-07 
4663 5 2.365e-05 2.12e-07 
4664 5 2.2737e-05 8.5e-08 
4665 5 2.3482e-05 8.6e-08 
4666 5 1.7546e-05 9e-08 
4667 6 2.9556e-05 3.25e-07 
4668 5 2.4927e-05 1.99e-07 
4669 5 2.53e-05 2.34e-07 
4670 5 1.9929e-05 6e-08 
4671 5 2.1171e-05 2.22e-07 
4672 5 2.366e-05 9.28e-07 
4673 4 2.0274e-05 2.36e-07 
4674 6 2.5873e-05 3.02e-07 
4675 5 2.0066e-05 2.37e-07 
4676 5 2.2867e-05 7.2e-08 
4677 4 1.8101e-05 1.34e-07 
4678 5 2.1988e-05 2.26e-07 
4679 6 3.495e-05 2.81e-07 
4680 5 2.3803e-05 9e-08 
4681 4 1.6101e-05 1.01e-07 
4682 5 1.8525e-05 2.89e-07 
4683 5 2.2409e-05 6.6e-08 
4684 5 2.1963e-05 2.63e-07 
4685 5 2.4834e-05 1.86e-07 
4686 5 2.2264e-05 9.2e-08 
4687 5 2.25e-05 2.12e-07 
4688 5 2.115e-05 1.84e-07 
4689 4 1.7516e-05 7.7e-08 
4690 5 6.3621e-05 7.3e-08 
4691 6 3.208e-05 3.29e-07 
4692 5 2.5741e-05 2.24e-07 
4693 4 1.6616e-05 9.1e-08 
4694 5 2.1415e-05 1.53e-07 
4695 5 2.2413e-05 7.8e-08 
4696 5 2.43e-05 7.7e-08 
4697 5 2.0479e-05 1.37e-07 
4698 5 1.7601e-05 5.71e-07 
4699 6 3.2707e-05 2.52e-07 
4700 5 2.179e-05 7.7e-08 
4701 5 2.2265e-05 2.2e-07 
4702 5 2.3498e-05 2.32e-07 
4703 5 2.3306e-05 2.22e-07 
4704 5 2.1363e-05 8.3e-08 
4705 5 2.0822e-05 3.56e-07 
4706 5 1.9892e-05 9.7e-08 
4707 6 2.9198e-05 2.72e-07 
4708 5 4.7074e-05 2.41e-07 
4709 5 2.6151e-05 6.2e-08 
4710 6 2.692e-05 9.6e-08 
4711 5 2.5068e-05 7.8e-08 
4712 5 2.2311e-05 9.7e-08 
4713 5 2.2281e-05 8.4e-08 
4714 5 1.715e-05 7.9e-08 
4715 5 1.841e-05 6e-08 
4716 5 2.4492e-05 3.48e-07 
4717 5 2.6875e-05 1.35e-07 
4718 5 1.9993e-05 1.63e-07 
4719 5 2.4466e-05 4.19e-07 
4720 5 2.8545e-05 1.92e-07 
4721 4 1.5669e-05 2.18e-07 
4722 6 2.3797e-05 1.19e-07 
4723 5 2.157e-05 2.14e-07 
4724 5 2.2761e-05 7.9e-08 
4725 5 2.1026e-05 4.23e-07 
4726 5 2.0694e-05 6.4e-08 
4727 5 2.119e-05 6.8e-08 
4728 5 2.106e-05 5.5e-08 
4729 4 1.5101e-05 7.9e-08 
4730 5 1.6425e-05 4e-07 
4731 5 2.8808e-05 1.98e-07 
4732 5 2.2819e-05 7.5e-08 
4733 4 1.6675e-05 1.41e-07 
4734 6 2.4924e-05 1.18e-07 
4735 5 1.993e-05 9.9e-08 
4736 5 2.07e-05 4.02e-07 
4737 5 2.3433e-05 1.536e-06 
4738 5 1.8862e-05 2.48e-07 
4739 5 2.1748e-05 6.2e-08 
4740 5 2.0302e-05 2.23e-07 
4741 5 2.483e-05 2.36e-07 
4742 6 2.5361e-05 2.55e-07 
4743 5 2.1078e-05 2.04e-07 
4744 5 2.4845e-05 6.3e-08 
4745 5 2.5954e-05 2.31e-07 
4746 5 1.9406e-05 7.9e-08 
4747 5 2.0575e-05 6.9e-08 
4748 5 2.0784e-05 5.5e-08 
4749 5 2.4404e-05 6.1e-08 
4750 5 1.6754e-05 5.9e-08 
4751 6 2.856e-05 1e-07 
4752 5 2.0576e-05 6.2e-08 
4753 5 2.2747e-05 5.71e-07 
4754 6 3.1128e-05 2.59e-07 
4755 5 2.2783e-05 1.19e-07 
4756 5 2.2458e-05 2.41e-07 
4757 5 2.6876e-05 3.04e-07 
4758 5 2.252e-05 7.9e-08 
4759 5 2.1825e-05 5.9e-08 
4760 5 2.0892e-05 3.28e-07 
4761 4 1.8714e-05 2.2e-07 
4762 5 1.9447e-05 6.2e-08 
4763 5 2.0193e-05 6.9e-08 
4764 5 3.7395e-05 1.67e-07 
4765 5 2.3201e-05 2.97e-07 
4766 5 2.1634e-05 6.9e-08 
4767 5 2.2953e-05 6.5e-08 
4768 5 2.2794e-05 2.17e-07 
4769 6 3.5443e-05 1.19e-07 
4770 5 1.7354e-05 6.2e-08 
4771 5 2.263e-05 7e-08 
4772 5 2.4938e-05 9.4e-08 
4773 5 2.1269e-05 1.03e-07 
4774 6 2.386e-05 1.05e-07 
4775 5 4.3544e-05 8.3e-08 
4776 5 2.0298e-05 8.1e-08 
4777 4 1.6283e-05 2.4e-07 
4778 5 4.4654e-05 1.225e-06 
4779 6 6.4157e-05 4.75e-07 
4780 5 3.8221e-05 3.23e-07 
4781 5 3.5032e-05 3.33e-07 
4782 6 3.6117e-05 4.85e-07 
4783 4 2.3489e-05 2.23e-07 
4784 5 2.5258e-05 2.39e-07 
4785 5 2.4207e-05 9.1e-08 
4786 5 2.6295e-05 5.01e-07 
4787 5 3.4196e-05 2.61e-07 
4788 5 2.7225e-05 7.6e-08 
4789 4 1.8286e-05 8.3e-08 
4790 6 2.5208e-05 1.1e-07 
4791 6 3.2945e-05 9e-08 
4792 5 2.2194e-05 7e-08 
4793 4 1.517e-05 4.56e-07 
4794 5 2.9127e-05 9.7e-08 
4795 5 2.623e-05 1.1e-07 
4796 5 3.7216e-05 1.16e-07 
4797 5 3.5767e-05 9.95e-07 
4798 5 6.3685e-05 5.65e-07 
4799 5 5.0759e-05 3.85e-07 
4800 5 4.0721e-05 4.77e-07 
4801 5 3.6152e-05 2.54e-07 
4802 6 2.9931e-05 3.51e-07 
4803 5 2.6338e-05 2.8e-07 
4804 5 2.6979e-05 2.19e-07 
4805 4 3.3958e-05 2.58e-07 
4806 6 6.0669e-05 1.193e-06 
4807 5 6.6015e-05 8.36e-07 
4808 5 6.1544e-05 2.82e-07 
4809 4 4.3297e-05 3.9e-07 
4810 5 3.5605e-05 4.23e-07 
4811 5 4.104e-05 4.2e-07 
4812 5 4.7391e-05 5.31e-07 
4813 4 3.7396e-05 1.38e-07 
4814 5 3.3414e-05 1.9e-07 
4815 5 3.4706e-05 2.58e-07 
4816 6 3.0668e-05 2.92e-07 
4817 5 2.564e-05 6.9e-08 
4818 6 2.7051e-05 4.63e-07 
4819 5 2.6078e-05 7.2e-08 
4820 5 2.5964e-05 6.2e-08 
4821 4 1.6613e-05 1e-07 
4822 5 2.001e-05 1.9e-07 
4823 5 4.0478e-05 9.34e-07 
4824 6 6.6876e-05 1e-07 
4825 4 1.6965e-05 1.96e-07 
4826 5 1.9491e-05 2.12e-07 
4827 5 2.2715e-05 1.19e-07 
4828 5 2.2359e-05 7.5e-08 
4829 5 2.012e-05 6.2e-08 
4830 5 1.7627e-05 2.34e-07 
4831 5 2.4806e-05 7.3e-08 
4832 5 2.0785e-05 2.12e-07 
4833 5 2.155e-05 7.6e-08 
4834 5 1.6976e-05 2.04e-07 
4835 5 2.0057e-05 2.03e-07 
4836 5 2.1356e-05 1.79e-07 
4837 5 2.1e-05 6.9e-08 
4838 5 1.7806e-05 9.1e-08 
4839 5 2.1737e-05 8.1e-08 
4840 5 2.3536e-05 6.3e-08 
4841 5 2.7687e-05 4.81e-07 
4842 5 2.2786e-05 2.13e-07 
4843 5 2.4468e-05 5.49e-07 
4844 5 6.4055e-05 5.72e-07 
4845 5 4.7451e-05 6.15e-07 
4846 5 4.9008e-05 1.97e-07 
4847 5 4.3757e-05 5.66e-07 
4848 5 4.8834e-05 5.39e-07 
4849 5 4.871e-05 5.19e-07 
4850 5 4.2241e-05 2.21e-07 
4851 5 4.7855e-05 5.03e-07 
4852 5 4.6971e-05 5.68e-07 
4853 5 4.5161e-05 5.48e-07 
4854 5 4.351e-05 1.38e-07 
4855 5 4.0272e-05 9.06e-07 
4856 5 4.7504e-05 4.91e-07 
4857 5 5.4073e-05 5.64e-07 
4858 5 4.0091e-05 3e-07 
4859 5 3.4567e-05 2.94e-07 
4860 5 3.1109e-05 3.03e-07 
4861 4 6.5196e-05 2.28e-07 
4862 6 3.2141e-05 1.24e-07 
4863 5 2.0083e-05 1.15e-07 
4864 5 3.3641e-05 7.7e-08 
4865 5 1.9302e-05 6.2e-08 
4866 6 2.3569e-05 1.08e-07 
4867 5 2.1885e-05 1.05e-07 
4868 5 2.4664e-05 7.6e-08 
4869 5 2.4671e-05 7.3e-08 
4870 5 1.9991e-05 1.01e-07 
4871 5 2.8802e-05 1.07e-07 
4872 5 2.611e-05 7.78e-07 
4873 5 5.3861e-05 4.89e-07 
4874 5 5.3404e-05 1.62e-07 
4875 5 3.3918e-05 2.75e-07 
4876 5 2.9345e-05 5.9e-08 
4877 5 2.4457e-05 6e-08 
4878 6 2.4088e-05 1.05e-07 
4879 5 2.2861e-05 7.9e-08 
4880 5 1.9895e-05 5.4e-08 
4881 5 2.7877e-05 4.79e-07 
4882 5 2.1506e-05 2.06e-07 
4883 5 2.1069e-05 8.3e-08 
4884 5 2.0655e-05 5.8e-08 
4885 5 2.3972e-05 5.34e-07 
4886 5 3.3304e-05 2.24e-07 
4887 5 2.3057e-05 2.06e-07 
4888 5 2.3285e-05 1.17e-07 
4889 5 2.1791e-05 8.2e-08 
4890 5 1.6681e-05 5.8e-08 
4891 5 2.3301e-05 3.55e-07 
4892 5 2.2775e-05 7.9e-08 
4893 4 1.6848e-05 9.3e-08 
4894 5 1.7365e-05 6.2e-08 
4895 5 1.8398e-05 5.9e-08 
4896 5 1.9556e-05 5.8e-08 
4897 5 2.347e-05 4.46e-07 
4898 6 2.9904e-05 1.21e-07 
4899 5 3.848e-05 1.72e-07 
4900 5 2.2333e-05 8.3e-08 
4901 6 2.9981e-05 1.24e-07 
4902 5 1.7465e-05 2.08e-07 
4903 5 2.1597e-05 6.7e-08 
4904 5 2.1877e-05 1.62e-07 
4905 5 2.3526e-05 2.12e-07 
4906 5 1.8558e-05 1.96e-07 
4907 5 2.0921e-05 5.9e-08 
4908 5 1.988e-05 7.3e-08 
4909 4 1.6255e-05 8e-08 
4910 5 1.8004e-05 5.9e-08 
4911 5 1.9805e-05 6.1e-08 
4912 6 2.4683e-05 6.08e-07 
4913 5 2.5616e-05 2.19e-07 
4914 5 1.7774e-05 7.3e-08 
4915 6 2.3507e-05 2.27e-07 
4916 5 2.0709e-05 5.9e-08 
4917 5 2.1011e-05 6.6e-08 
4918 5 1.7954e-05 2.73e-07 
4919 5 2.7021e-05 2.11e-07 
4920 5 2.2084e-05 1.48e-07 
4921 4 1.6177e-05 1.24e-07 
4922 5 1.891e-05 7.8e-08 
4923 5 2.7011e-05 5.57e-07 
4924 5 3.5558e-05 1.21e-07 
4925 4 2.0301e-05 3.14e-07 
4926 5 2.6659e-05 2.97e-07 
4927 5 2.8514e-05 2.35e-07 
4928 5 2.7198e-05 3.06e-07 
4929 5 3.101e-05 2.91e-07 
4930 5 2.4826e-05 3.04e-07 
4931 5 3.0766e-05 2.83e-07 
4932 5 2.7695e-05 1.13e-07 
4933 5 2.6928e-05 3.69e-07 
4934 6 3.207e-05 6.41e-07 
4935 5 2.7463e-05 2.8e-07 
4936 5 2.6699e-05 3.59e-07 
4937 4 2.072e-05 1.31e-07 
4938 5 2.2198e-05 1.06e-07 
4939 5 3.0129e-05 2.95e-07 
4940 5 3.2577e-05 2.9e-07 
4941 4 2.0817e-05 9.8e-08 
4942 5 2.2172e-05 1.19e-07 
4943 5 9.6878e-05 4.19e-07 
4944 5 3.8035e-05 4.03e-07 
4945 4 2.3597e-05 4.45e-07 
4946 6 3.1908e-05 4.21e-07 
4947 5 2.4058e-05 1.98e-07 
4948 5 2.6198e-05 1.95e-07 
4949 5 2.3721e-05 2.08e-07 
4950 5 2.0486e-05 8.5e-08 
4951 5 2.3156e-05 2.09e-07 
4952 5 2.2349e-05 6.3e-08 
4953 4 1.5092e-05 7.7e-08 
4954 5 1.7834e-05 7.1e-08 
4955 5 2.0618e-05 2.5e-07 
4956 5 2.5992e-05 1.43e-07 
4957 4 1.5699e-05 2.04e-07 
4958 5 1.991e-05 2.29e-07 
4959 5 2.4158e-05 7.4e-08 
4960 5 2.2738e-05 5.8e-08 
4961 5 2.0773e-05 6.9e-08 
4962 6 2.7551e-05 2.22e-07 
4963 5 2.3665e-05 1.98e-07 
4964 5 2.3817e-05 1.62e-07 
4965 5 2.2902e-05 1.31e-07 
4966 5 2.1839e-05 5.8e-08 
4967 5 2.1887e-05 2.64e-07 
4968 5 2.5241e-05 5.16e-07 
4969 5 4.0807e-05 5.02e-07 
4970 5 4.0405e-05 1.19e-07 
4971 5 2.3333e-05 2.21e-07 
4972 5 2.3371e-05 9.2e-08 
4973 5 2.4118e-05 2.74e-07 
4974 6 2.7288e-05 2.87e-07 
4975 5 2.0219e-05 2.01e-07 
4976 5 2.0682e-05 7.3e-08 
4977 5 2.1704e-05 3.13e-07 
4978 5 1.8908e-05 2.05e-07 
4979 6 3.2018e-05 2.42e-07 
4980 6 2.9528e-05 2.61e-07 
4981 5 2.1288e-05 2.22e-07 
4982 5 2.0698e-05 1.35e-07 
4983 5 2.2778e-05 3.54e-07 
4984 5 2.144e-05 7.6e-08 
4985 5 2.095e-05 2.17e-07 
4986 5 1.8866e-05 1.07e-07 
4987 5 2.3767e-05 2.04e-07 
4988 5 2.2579e-05 6.8e-08 
4989 5 2.0759e-05 1.4e-07 
4990 5 3.4448e-05 1.48e-07 
4991 5 4.2329e-05 6.3e-08 
4992 5 2.1009e-05 6.6e-08 
4993 4 1.4902e-05 8.2e-08 
4994 5 1.8596e-05 7.1e-08 
4995 5 2.0469e-05 5.8e-08 
4996 5 2.4166e-05 6.2e-08 
4997 5 1.9691e-05 8.6e-08 
4998 6 2.5942e-05 1.32e-07 
4999 6 4.0419e-05 1.25e-07 
5000 5 3.004e-05 2.34e-07 
5001 5 2.7338e-05 2.44e-07 
5002 5 5.0965e-05 8.28e-07 
5003 5 6.1188e-05 4.11e-07 
5004 5 2.9591e-05 1.14e-07 
5005 5 6.2478e-05 1.37e-07 
5006 6 5.0253e-05 7.79e-07 
5007 6 5.9374e-05 2.3e-07 
5008 6 5.3329e-05 6.48e-07 
5009 5 5.6455e-05 5.81e-07 
5010 6 6.2254e-05 4.88e-07 
5011 5 4.4577e-05 2.48e-07 
5012 5 2.4599e-05 2.44e-07 
5013 5 2.883e-05 8.5e-08 
5014 5 2.5917e-05 9.9e-08 
5015 5 2.5095e-05 1.15e-07 
5016 5 3.3482e-05 3.27e-07 
5017 5 3.1923e-05 3.56e-07 
5018 5 4.2991e-05 2.65e-07 
5019 6 3.7906e-05 3.55e-07 
5020 5 3.1541e-05 5.46e-07 
5021 5 4.8681e-05 8.95e-07 
5022 5 7.4679e-05 1.46e-07 
5023 5 4.1753e-05 5.72e-07 
5024 5 4.6835e-05 5.12e-07 
5025 4 3.4374e-05 4.26e-07 
5026 5 4.4729e-05 2.14e-07 
5027 5 4.7324e-05 6.17e-07 
5028 5 4.9936e-05 5.14e-07 
5029 5 6.1597e-05 4.93e-07 
5030 5 4.2231e-05 9e-08 
5031 5 2.9021e-05 2.52e-07 
5032 5 2.6586e-05 9.7e-08 
5033 6 3.5519e-05 3.78e-07 
5034 5 2.4278e-05 8.4e-08 
5035 5 2.1976e-05 2.36e-07 
5036 5 2.8555e-05 2.71e-07 
5037 5 3.8233e-05 6.83e-07 
5038 6 7.1212e-05 9.95e-07 
5039 5 6.5078e-05 8.64e-07 
5040 5 5.9017e-05 5.93e-07 
5041 4 4.9849e-05 1.73e-07 
5042 6 6.2845e-05 3.78e-07 
5043 5 9.6802e-05 1.17e-07 
5044 5 3.1106e-05 8.9e-08 
5045 5 2.3868e-05 9.6e-08 
5046 6 3.0007e-05 2.17e-07 
5047 6 3.1116e-05 6.86e-07 
5048 5 2.643e-05 1.07e-07 
5049 5 2.2836e-05 7.8e-08 
5050 5 2.0986e-05 5.6e-08 
5051 5 2.4389e-05 5.6e-08 
5052 5 1.9004e-05 7.9e-08 
5053 4 1.7187e-05 4.52e-07 
5054 6 3.2377e-05 2.62e-07 
5055 5 2.1039e-05 7.4e-08 
5056 5 2.1338e-05 3.46e-07 
5057 4 2.1099e-05 8.2e-08 
5058 5 1.9951e-05 6.2e-08 
5059 5 2.5793e-05 8.5e-08 
5060 5 2.243e-05 7.8e-08 
5061 5 2.1081e-05 9.6e-08 
5062 5 2.1222e-05 4.67e-07 
5063 5 2.4611e-05 5.8e-08 
5064 5 2.1158e-05 7e-08 
5065 5 2.2643e-05 6.1e-08 
5066 5 1.9802e-05 7.3e-08 
5067 5 2.2784e-05 4.05e-07 
5068 5 2.4983e-05 2.16e-07 
5069 4 1.7497e-05 9.7e-08 
5070 6 2.9834e-05 1.16e-07 
5071 6 5.4529e-05 7.07e-07 
5072 5 4.5796e-05 1.2e-07 
5073 4 2.3468e-05 1.49e-07 
5074 5 2.8776e-05 9.7e-08 
5075 5 2.3668e-05 8.9e-08 
5076 5 3.4436e-05 1.4e-07 
5077 4 2.3976e-05 9.36e-07 
5078 5 4.1285e-05 4.28e-07 
5079 5 4.6229e-05 9.9e-08 
5080 5 2.8986e-05 2.75e-07 
5081 5 2.9621e-05 1.96e-07 
5082 5 2.1846e-05 5.7e-08 
5083 5 2.3701e-05 7.5e-08 
5084 5 2.1765e-05 7.5e-08 
5085 4 1.7711e-05 2.89e-07 
5086 5 2.3974e-05 6.1e-08 
5087 5 2.2257e-05 2.66e-07 
5088 5 2.3952e-05 7e-08 
5089 4 2.7182e-05 8.2e-08 
5090 6 2.4632e-05 5.31e-07 
5091 5 3.4731e-05 3.56e-07 
5092 5 2.8181e-05 2.75e-07 
5093 5 2.6182e-05 2.97e-07 
5094 5 2.4307e-05 2.5e-07 
5095 5 2.5205e-05 3.46e-07 
5096 5 3.5922e-05 2.85e-07 
5097 4 2.2138e-05 1.28e-07 
5098 5 2.493e-05 3.18e-07 
5099 6 5.3715e-05 5.05e-07 
5100 5 3.9992e-05 6e-08 
5101 5 2.1975e-05 6e-08 
5102 5 2.074e-05 5.9e-08 
5103 5 2.3045e-05 3.9e-07 
5104 5 2.548e-05 7.7e-08 
5105 4 1.6261e-05 7.5e-08 
5106 6 2.8575e-05 3.53e-07 
5107 5 2.4605e-05 7.3e-08 
5108 5 2.155e-05 5.9e-08 
5109 5 2.0509e-05 2.95e-07 
5110 5 2.2357e-05 5.9e-08 
5111 5 2.8444e-05 1.5e-07 
5112 5 2.4449e-05 7.5e-08 
5113 5 2.0695e-05 7.4e-08 
5114 5 1.9476e-05 3.98e-07 
5115 5 2.5007e-05 1.98e-07 
5116 5 2.196e-05 2.06e-07 
5117 5 2.1827e-05 7e-08 
5118 5 2.023e-05 5.8e-08 
5119 5 2.5223e-05 2.49e-07 
5120 5 2.2494e-05 1.86e-07 
5121 5 2.2813e-05 1.87e-07 
5122 5 2.1174e-05 2.2e-07 
5123 5 2.251e-05 3.88e-07 
5124 5 2.414e-05 1.55e-07 
5125 5 2.592e-05 8.8e-08 
5126 6 3.2966e-05 1.7e-07 
5127 5 3.0353e-05 4.58e-07 
5128 5 3.2537e-05 9.2e-08 
5129 5 2.8916e-05 5.13e-07 
5130 5 2.9801e-05 6e-08 
5131 6 3.2157e-05 7.2e-08 
5132 5 1.9923e-05 3.44e-07 
5133 4 1.6703e-05 1.86e-07 
5134 5 2.0033e-05 6e-08 
5135 5 3.4478e-05 2.23e-07 
5136 5 2.4405e-05 2.03e-07 
5137 5 2.6525e-05 1.98e-07 
5138 5 1.9312e-05 6.2e-08 
5139 5 3.8467e-05 8e-08 
5140 5 2.2063e-05 5.6e-08 
5141 5 2.3985e-05 3.22e-07 
5142 6 2.8531e-05 1.22e-07 
5143 5 2.069e-05 7e-08 
5144 5 1.998e-05 2.57e-07 
5145 5 2.8231e-05 5.8e-08 
5146 5 1.7902e-05 2.44e-07 
5147 5 2.4897e-05 8.313e-06 
5148 5 2.2389e-05 2.97e-07 
5149 5 2.8591e-05 1.83e-07 
5150 5 2.0024e-05 1.91e-07 
5151 5 2.5326e-05 2.02e-07 
5152 5 2.3094e-05 1.86e-07 
5153 5 2.3824e-05 1.35e-07 
5154 6 2.476e-05 2.55e-07 
5155 5 2.1299e-05 1.96e-07 
5156 5 2.2396e-05 7.3e-08 
5157 5 2.462e-05 7.9e-08 
5158 5 2.0648e-05 7.3e-08 
5159 5 2.409e-05 2.73e-07 
5160 5 2.5347e-05 2.28e-07 
5161 5 2.487e-05 2.02e-07 
5162 5 1.934e-05 2.04e-07 
5163 5 2.3899e-05 1.97e-07 
5164 5 2.0831e-05 5.6e-08 
5165 6 3.1298e-05 1.02e-07 
5166 5 1.7424e-05 2.09e-07 
5167 5 2.4104e-05 1.34e-07 
5168 5 2.4954e-05 7.3e-08 
5169 5 2.0198e-05 2e-07 
5170 5 1.896e-05 2.02e-07 
5171 6 4.2118e-05 7e-07 
5172 5 2.5781e-05 1.38e-07 
5173 4 1.8457e-05 2.29e-07 
5174 5 2.1798e-05 1.24e-07 
5175 5 2.1558e-05 2.38e-07 
5176 5 4.0464e-05 2.46e-07 
5177 5 2.5041e-05 1.02e-07 
5178 5 2.063e-05 2.13e-07 
5179 5 2.686e-05 2.01e-07 
5180 5 2.2962e-05 2.17e-07 
5181 5 2.0734e-05 2.08e-07 
5182 5 1.9287e-05 9.2e-08 
5183 5 2.0452e-05 5.5e-08 
5184 5 2.0755e-05 3.25e-07 
5185 4 1.6579e-05 8e-08 
5186 6 3.1146e-05 2.78e-07 
5187 5 2.2714e-05 2.06e-07 
5188 5 2.0858e-05 6.3e-08 
5189 4 1.5525e-05 2.25e-07 
5190 5 2.0275e-05 2.02e-07 
5191 5 2.5589e-05 7e-08 
5192 5 2.1215e-05 2.14e-07 
5193 5 2.2396e-05 2e-07 
5194 5 1.9898e-05 8.8e-08 
5195 5 1.9436e-05 5.6e-08 
5196 5 3.5758e-05 7.9e-08 
5197 5 2.3315e-05 2.7e-07 
5198 6 2.6945e-05 3.76e-07 
5199 5 2.4837e-05 5.9e-08 
5200 5 2.1154e-05 1.99e-07 
5201 4 1.7743e-05 1.81e-07 
5202 5 2.0729e-05 1.39e-07 
5203 5 4.5465e-05 6.9e-08 
5204 5 2.0104e-05 7.3e-08 
5205 4 0.000158655 2.41e-07 
5206 5 2.1383e-05 7.12e-07 
5207 5 5.8796e-05 3.19e-07 
5208 5 3.1802e-05 1.38e-07 
5209 4 2.3378e-05 3.47e-07 
5210 5 3.0271e-05 2e-07 
5211 5 2.5574e-05 2.15e-07 
5212 5 2.2173e-05 6.5e-08 
5213 5 2.3146e-05 2.52e-07 
5214 5 2.1903e-05 7.5e-08 
5215 5 1.9582e-05 6.7e-08 
5216 5 2.3229e-05 3.23e-07 
5217 4 1.7279e-05 7.9e-08 
5218 5 2.0963e-05 6.1e-08 
5219 5 2.9009e-05 1.2e-07 
5220 5 2.0585e-05 3.74e-07 
5221 4 1.8636e-05 7.3e-08 
5222 5 2.2419e-05 9.9e-08 
5223 5 2.2998e-05 2.38e-07 
5224 5 2.462e-05 5.7e-07 
5225 5 2.7879e-05 2.45e-07 
5226 5 2.6145e-05 2.56e-07 
5227 5 2.5906e-05 1.15e-07 
5228 5 2.788e-05 2.48e-07 
5229 5 2.8051e-05 6.2e-08 
5230 5 2.2337e-05 7.4e-08 
5231 5 2.4309e-05 1.84e-07 
5232 5 2.212e-05 8.6e-08 
5233 5 2.2647e-05 4.26e-07 
5234 6 7.0068e-05 3.84e-07 
5235 5 2.7256e-05 2.03e-07 
5236 5 2.4515e-05 7.2e-08 
5237 5 2.4528e-05 7.7e-08 
5238 6 3.0291e-05 1.26e-07 
5239 5 3.2344e-05 1.18e-07 
5240 6 3.4511e-05 1.22e-07 
5241 5 2.4036e-05 1.11e-07 
5242 5 2.5437e-05 3.84e-07 
5243 5 2.91e-05 2.9e-07 
5244 5 2.8302e-05 8.8e-08 
5245 5 2.4036e-05 3.35e-07 
5246 5 2.8689e-05 2.98e-07 
5247 5 3.0515e-05 2.86e-07 
5248 5 3.0154e-05 5.99e-07 
5249 5 8.2384e-05 6.41e-07 
5250 6 7.3478e-05 3.63e-07 
5251 5 7.1163e-05 3.11e-07 
5252 5 6.2585e-05 1.118e-06 
5253 5 7.9912e-05 1.755e-06 
5254 5 6.2714e-05 1.427e-06 
5255 5 6.294e-05 6.33e-07 
5256 5 6.4675e-05 6.16e-07 
5257 5 5.8271e-05 6.77e-07 
5258 5 5.5318e-05 1.52e-07 
5259 5 4.787e-05 9.26e-07 
5260 5 5.9109e-05 4.24e-07 
5261 5 3.7915e-05 3.93e-07 
5262 6 7.175e-05 5.74e-07 
5263 5 4.6501e-05 1.2e-07 
5264 5 3.781e-05 7.9e-07 
5265 5 5.518e-05 2.15e-07 
5266 5 5.8494e-05 1.24e-07 
5267 5 2.8806e-05 1.01e-07 
5268 5 2.7585e-05 1.4e-07 
5269 5 4.134e-05 1.56e-07 
5270 6 5.1273e-05 9.12e-07 
5271 5 3.4581e-05 8.7e-08 
5272 5 2.4388e-05 7.3e-08 
5273 5 2.8198e-05 4.62e-07 
5274 5 2.9074e-05 8.9e-08 
5275 5 2.5016e-05 3e-07 
5276 5 2.6377e-05 8.4e-08 
5277 4 2.0345e-05 2.79e-07 
5278 6 3.3052e-05 8.5e-08 
5279 5 2.6586e-05 1.99e-07 
5280 5 6.9276e-05 2.48e-07 
5281 5 3.0404e-05 6.3e-08 
5282 5 2.3819e-05 6.1e-08 
5283 5 2.3817e-05 5.9e-08 
5284 5 2.5709e-05 3.5e-07 
5285 5 5.9576e-05 1.344e-06 
5286 5 7.0771e-05 1.56e-07 
5287 6 8.9391e-05 3.17e-07 
5288 5 4.6677e-05 8.31e-07 
5289 5 4.5866e-05 2.55e-07 
5290 5 2.5645e-05 2.45e-07 
5291 5 3.1692e-05 2.6e-07 
5292 5 3.3279e-05 2.82e-07 
5293 5 2.8764e-05 7.3e-08 
5294 5 2.3853e-05 2.9e-07 
5295 5 2.4907e-05 7.7e-08 
5296 5 2.1591e-05 2.05e-07 
5297 6 3.2066e-05 2.39e-07 
5298 6 2.6417e-05 1.75e-07 
5299 6 5.5986e-05 5.19e-07 
5300 5 2.4843e-05 8.1e-07 
5301 5 4.9539e-05 9.81e-07 
5302 6 4.0321e-05 3.33e-07 
5303 5 5.3501e-05 5.55e-07 
5304 5 3.6653e-05 2.94e-07 
5305 4 2.3738e-05 1.61e-07 
5306 5 2.5737e-05 5.38e-07 
5307 5 3.3162e-05 2.02e-07 
5308 5 3.2704e-05 1.69e-07 
5309 5 2.3534e-05 6.2e-08 
5310 6 2.6569e-05 3.34e-07 
5311 5 2.8612e-05 5.7e-08 
5312 5 2.2571e-05 6.9e-08 
5313 5 2.3459e-05 1.16e-07 
5314 5 2.4146e-05 3.94e-07 
5315 5 2.4859e-05 1.74e-07 
5316 5 2.4255e-05 2.1e-07 
5317 4 1.6304e-05 1.81e-07 
5318 6 2.619e-05 9.8e-08 
5319 6 3.426e-05 3.09e-07 
5320 5 2.5852e-05 7.1e-08 
5321 4 1.741e-05 4.84e-07 
5322 5 2.5842e-05 4.85e-07 
5323 5 2.9609e-05 4.9e-07 
5324 5 3.2927e-05 7.03e-07 
5325 5 4.7159e-05 4.46e-07 
5326 5 4.0045e-05 1.2e-07 
5327 5 3.9731e-05 1.32e-07 
5328 5 3.9689e-05 7.27e-07 
5329 5 2.8545e-05 7e-08 
5330 6 2.8675e-05 4.63e-07 
5331 5 2.6701e-05 8.4e-08 
5332 6 2.932e-05 8e-08 
5333 4 1.8057e-05 2.88e-07 
5334 6 3.2534e-05 7.5e-08 
5335 5 2.0263e-05 2.39e-07 
5336 5 2.3392e-05 2.2e-07 
5337 4 2.5268e-05 2.66e-07 
5338 5 2.0645e-05 8.7e-08 
5339 6 3.1828e-05 1.09e-07 
5340 5 2.218e-05 6.1e-08 
5341 4 1.6024e-05 3.96e-07 
5342 5 2.5348e-05 1.89e-07 
5343 5 2.2337e-05 7.8e-08 
5344 5 2.3023e-05 6e-08 
5345 5 2.3332e-05 6.8e-08 
5346 5 1.9286e-05 3.79e-07 
5347 6 3.049e-05 1.08e-07 
5348 5 1.9827e-05 3.45e-07 
5349 4 2.0095e-05 8e-08 
5350 5 2.0453e-05 7.1e-08 
5351 5 2.435e-05 3.62e-07 
5352 5 2.3339e-05 7.3e-08 
5353 4 1.5096e-05 1.93e-07 
5354 5 1.9711e-05 1.99e-07 
5355 5 2.0599e-05 1.8e-07 
5356 5 2.1576e-05 6e-08 
5357 5 2.1758e-05 1.38e-07 
5358 5 1.9169e-05 6.9e-08 
5359 5 2.5526e-05 6.8e-08 
5360 5 2.2311e-05 5.8e-08 
5361 5 2.1219e-05 8.8e-08 
5362 5 1.8283e-05 6.7e-08 
5363 5 2.0982e-05 5.9e-08 
5364 5 1.9968e-05 6e-08 
5365 5 1.9815e-05 6e-08 
5366 5 1.8794e-05 7.4e-08 
5367 5 2.1184e-05 1.37e-07 
5368 5 2.2408e-05 6.3e-08 
5369 5 3.6245e-05 3.01e-07 
5370 5 2.4498e-05 8.1e-08 
5371 5 2.5759e-05 7.8e-08 
5372 5 2.117e-05 4.66e-07 
5373 5 2.824e-05 6.1e-08 
5374 5 2.1092e-05 2.89e-07 
5375 5 2.7676e-05 1.72e-07 
5376 5 2.5335e-05 5.6e-08 
5377 5 2.156e-05 7.6e-08 
5378 6 2.6255e-05 1.12e-07 
5379 5 2.5922e-05 7.2e-08 
5380 5 2.9106e-05 6.3e-08 
5381 5 2.4102e-05 6.9e-08 
5382 5 2.0802e-05 7.4e-08 
5383 5 2.0025e-05 4.12e-07 
5384 5 2.5002e-05 1.98e-07 
5385 5 2.3107e-05 7.5e-08 
5386 5 1.9228e-05 7e-08 
5387 6 2.9072e-05 1.1e-07 
5388 5 2.1992e-05 8.6e-08 
5389 5 1.9095e-05 7.9e-08 
5390 6 2.5482e-05 1.01e-07 
5391 5 2.5052e-05 6e-08 
5392 5 2.0116e-05 7.5e-08 
5393 5 1.9815e-05 4.13e-07 
5394 6 3.1857e-05 5.84e-07 
5395 5 2.2233e-05 1.88e-07 
5396 5 2.2893e-05 7.4e-08 
5397 5 2.0515e-05 1.62e-07 
5398 5 2.0438e-05 7.5e-08 
5399 5 2.4824e-05 1.95e-07 
5400 5 2.551e-05 1.85e-07 
5401 5 2.4358e-05 2.04e-07 
5402 5 1.9548e-05 1.87e-07 
5403 5 2.1398e-05 1.74e-07 
5404 5 2.5639e-05 6.2e-08 
5405 5 2.3747e-05 1.81e-07 
5406 6 2.5434e-05 9.3e-08 
5407 5 2.3966e-05 6.2e-08 
5408 5 3.301e-05 9.8e-08 
5409 4 1.7504e-05 7.5e-08 
5410 5 1.6913e-05 6.7e-08 
5411 5 2.5366e-05 3.59e-07 
5412 5 2.7752e-05 8.3e-08 
5413 5 2.3287e-05 2.83e-07 
5414 5 2.031e-05 1.7e-07 
5415 5 2.0771e-05 1.61e-07 
5416 5 2.3539e-05 1.92e-07 
5417 5 2.2869e-05 2.01e-07 
5418 5 1.9323e-05 5.8e-08 
5419 6 2.7083e-05 1.26e-07 
5420 5 1.9387e-05 2.01e-07 
5421 5 2.3327e-05 2.14e-07 
5422 5 2.1236e-05 2.14e-07 
5423 5 2.4186e-05 1.8e-07 
5424 5 2.1422e-05 2.48e-07 
5425 5 2.4504e-05 8.2e-08 
5426 5 2.0634e-05 1.94e-07 
5427 5 2.3248e-05 1.58e-07 
5428 5 2.1403e-05 2.21e-07 
5429 6 3.0384e-05 2.44e-07 
5430 5 1.8179e-05 5.8e-08 
5431 5 2.3691e-05 5.3e-08 
5432 5 2.2447e-05 2.05e-07 
5433 5 2.2649e-05 2.2e-07 
5434 5 1.8265e-05 1.84e-07 
5435 5 1.9177e-05 5.4e-08 
5436 5 2.0978e-05 8e-08 
5437 4 1.7025e-05 8.2e-08 
5438 5 2.0326e-05 1.43e-07 
5439 5 2.4549e-05 6.2e-08 
5440 5 2.0145e-05 5.6e-08 
5441 5 2.039e-05 3.5e-07 
5442 6 2.5956e-05 2.42e-07 
5443 5 2.429e-05 1.91e-07 
5444 5 2.2057e-05 1.82e-07 
5445 5 2.1412e-05 2.22e-07 
5446 5 1.8233e-05 7.3e-08 
5447 5 2.1732e-05 1.97e-07 
5448 5 2.2196e-05 2.05e-07 
5449 4 1.6932e-05 1.84e-07 
5450 5 1.8349e-05 2.06e-07 
5451 6 3.2537e-05 2.27e-07 
5452 5 2.323e-05 1.69e-07 
5453 4 1.5769e-05 6.7e-08 
5454 5 1.7259e-05 6e-08 
5455 5 1.9713e-05 7.1e-08 
5456 5 2.2908e-05 6e-08 
5457 5 2.1409e-05 8.5e-08 
5458 5 1.8026e-05 8.4e-08 
5459 5 2.2399e-05 6.9e-08 
5460 5 2.0569e-05 5.8e-08 
5461 5 2.2453e-05 7e-08 
5462 6 2.263e-05 8.8e-08 
5463 5 2.2549e-05 6.1e-08 
5464 5 1.9955e-05 3.42e-07 
5465 4 2.237e-05 7.4e-08 
5466 5 1.898e-05 8.1e-08 
5467 5 2.3318e-05 2.43e-07 
5468 5 2.6826e-05 1.5e-07 
5469 4 1.5917e-05 1.11e-07 
5470 5 2.032e-05 2.23e-07 
5471 5 4.0056e-05 2.12e-07 
5472 5 2.4968e-05 1.98e-07 
5473 5 2.2895e-05 1.91e-07 
5474 6 2.9457e-05 2.4e-07 
5475 5 2.002e-05 2.61e-07 
5476 5 2.3352e-05 7.2e-08 
5477 5 2.1889e-05 2.25e-07 
5478 5 2.1896e-05 2.24e-07 
5479 5 2.3418e-05 6e-08 
5480 5 2.3163e-05 1.7e-07 
5481 4 1.689e-05 2.77e-07 
5482 5 1.9443e-05 1.92e-07 
5483 5 2.4326e-05 2.09e-07 
5484 5 2.3175e-05 2.52e-07 
5485 5 2.2311e-05 5.9e-08 
5486 5 2.1026e-05 7.1e-08 
5487 5 2.1392e-05 7.6e-08 
5488 5 2.2239e-05 9.1e-08 
5489 5 2.0208e-05 8.7e-08 
5490 5 1.5943e-05 6.32e-07 
5491 5 2.9592e-05 5.6e-08 
5492 5 2.0547e-05 6.9e-08 
5493 5 2.0503e-05 5.7e-08 
5494 5 2.0877e-05 5.8e-08 
5495 5 1.7793e-05 2.81e-07 
5496 5 2.411e-05 6.3e-08 
5497 5 2.1132e-05 2.35e-07 
5498 5 2.0165e-05 2.35e-07 
5499 5 2.4613e-05 6.5e-08 
5500 5 2.0847e-05 7.9e-08 
5501 5 2.1829e-05 5.9e-08 
5502 6 2.5747e-05 8.9e-08 
5503 5 2.0166e-05 5.3e-08 
5504 5 1.9846e-05 2.99e-07 
5505 5 2.6782e-05 2.11e-07 
5506 5 1.9693e-05 2.39e-07 
5507 5 2.1833e-05 2.38e-07 
5508 5 4.1047e-05 2.19e-07 
5509 5 2.2483e-05 2.15e-07 
5510 5 2.0822e-05 1.78e-07 
5511 7 4.0017e-05 1.32e-07 
5512 5 2.1995e-05 9.2e-08 
5513 5 2.0244e-05 9e-08 
5514 5 1.9178e-05 2.95e-07 
5515 5 2.2637e-05 1.48e-07 
5516 5 2.4895e-05 8.3e-08 
5517 5 2.1112e-05 6e-08 
5518 5 2.0029e-05 2.37e-07 
5519 5 2.5164e-05 7.5e-08 
5520 5 2.0001e-05 8.8e-08 
5521 5 1.9585e-05 2.72e-07 
5522 6 2.4939e-05 1.7e-07 
5523 5 2.3426e-05 5.8e-08 
5524 5 2.2839e-05 2.41e-07 
5525 5 2.166e-05 3.1e-07 
5526 6 2.5055e-05 2.39e-07 
5527 5 2.2159e-05 1.97e-07 
5528 5 2.2878e-05 1.01e-07 
5529 5 2.1217e-05 1.9e-07 
5530 5 1.8489e-05 1.77e-07 
5531 5 2.6488e-05 2.26e-07 
5532 5 2.4245e-05 2.11e-07 
5533 5 3.6491e-05 8.3e-08 
5534 6 2.4677e-05 7.9e-08 
5535 5 1.8714e-05 8.79e-07 
5536 5 5.7444e-05 4.76e-07 
5537 5 2.7313e-05 2.19e-07 
5538 6 2.8094e-05 8.09e-07 
5539 5 2.8806e-05 8.6e-08 
5540 5 2.0728e-05 2.41e-07 
5541 4 4.7616e-05 7.5e-08 
5542 6 2.7244e-05 8.8e-08 
5543 5 2.2767e-05 9e-08 
5544 5 2.2465e-05 6.4e-08 
5545 5 2.2756e-05 3.26e-07 
5546 5 2.3563e-05 2.31e-07 
5547 5 2.5383e-05 2.15e-07 
5548 5 2.4019e-05 1.9e-07 
5549 5 2.2913e-05 2.33e-07 
5550 5 2.1949e-05 2.54e-07 
5551 6 3.3924e-05 3.19e-07 
5552 5 2.4987e-05 1.96e-07 
5553 5 2.6545e-05 2.32e-07 
5554 5 2.0108e-05 2.21e-07 
5555 5 2.1452e-05 1.34e-07 
5556 5 2.4846e-05 1.71e-07 
5557 5 2.335e-05 5.8e-08 
5558 5 1.8931e-05 2.27e-07 
5559 5 2.6483e-05 6.8e-08 
5560 5 2.0972e-05 9.4e-08 
5561 6 2.8955e-05 1.05e-07 
5562 5 2.1187e-05 3.62e-07 
5563 5 3.668e-05 2.39e-07 
5564 5 2.3028e-05 5.9e-08 
5565 5 2.3034e-05 2.05e-07 
5566 6 2.7815e-05 2.2e-07 
5567 5 2.432e-05 2.31e-07 
5568 5 2.3104e-05 5.8e-08 
5569 4 1.5648e-05 9.6e-08 
5570 5 1.7291e-05 1.92e-07 
5571 5 2.3879e-05 2.71e-07 
5572 5 2.4745e-05 1.98e-07 
5573 5 2.3117e-05 1.3e-07 
5574 6 2.6742e-05 2.42e-07 
5575 5 2.2529e-05 1.96e-07 
5576 5 2.1205e-05 5.5e-08 
5577 5 2.192e-05 8.5e-08 
5578 5 1.8292e-05 1.64e-07 
5579 5 2.2619e-05 2.4e-07 
5580 5 2.4781e-05 2.2e-07 
5581 4 1.4931e-05 8.1e-08 
5582 6 2.4109e-05 1.38e-07 
5583 5 2.2456e-05 2.24e-07 
5584 5 2.2e-05 2.09e-07 
5585 4 1.6218e-05 9.32e-07 
5586 6 5.6469e-05 4.71e-07 
5587 5 4.8126e-05 7.8e-07 
5588 5 2.9966e-05 7.6e-08 
5589 5 5.7749e-05 3.44e-07 
5590 5 2.6751e-05 8.7e-08 
5591 5 3.3508e-05 7.7e-08 
5592 5 2.2925e-05 7.3e-08 
5593 5 2.4038e-05 2.89e-07 
5594 5 1.8837e-05 5.9e-08 
5595 5 1.9356e-05 6e-08 
5596 5 2.1098e-05 5.7e-08 
5597 4 1.49e-05 4.5e-07 
5598 6 2.6501e-05 1.25e-07 
5599 5 2.4146e-05 7.3e-08 
5600 5 1.9197e-05 1.28e-07 
5601 4 1.5517e-05 2.61e-07 
5602 5 1.9058e-05 6.4e-08 
5603 5 2.2286e-05 2.74e-07 
5604 5 2.5422e-05 1.49e-07 
5605 5 2.2266e-05 1.73e-07 
5606 5 3.8196e-05 2.78e-07 
5607 5 2.101e-05 9.1e-08 
5608 5 2.4765e-05 1.86e-07 
5609 5 2.2372e-05 7.4e-08 
5610 5 1.6423e-05 6.9e-08 
5611 5 2.1176e-05 2.21e-07 
5612 5 2.4789e-05 7e-08 
5613 4 1.5377e-05 2.72e-07 
5614 5 2.3375e-05 2.24e-07 
5615 5 1.8883e-05 1.8e-07 
5616 5 2.2026e-05 3.4e-07 
5617 5 2.4974e-05 2.66e-07 
5618 6 2.5474e-05 1.09e-07 
5619 6 3.1329e-05 2.5e-07 
5620 5 2.3636e-05 1.76e-07 
5621 5 2.1399e-05 7.5e-08 
5622 5 1.7526e-05 2.8e-07 
5623 5 2.2179e-05 5.5e-08 
5624 5 2.8042e-05 1.3e-07 
5625 5 2.2252e-05 9.2e-08 
5626 5 1.8219e-05 7.5e-08 
5627 5 2.1858e-05 4.19e-07 
5628 5 2.7658e-05 2.53e-07 
5629 5 2.1954e-05 2.03e-07 
5630 5 2.0646e-05 2.61e-07 
5631 5 2.5725e-05 2.79e-07 
5632 5 2.6011e-05 5.8e-08 
5633 5 2.2037e-05 1.49e-07 
5634 5 1.8075e-05 5.9e-08 
5635 5 1.9194e-05 2.44e-07 
5636 5 2.7544e-05 2.22e-07 
5637 5 2.3858e-05 1.49e-07 
5638 5 2.1057e-05 5.8e-08 
5639 6 3.6787e-05 4.51e-07 
5640 5 2.4696e-05 2.97e-07 
5641 5 2.2632e-05 1.24e-07 
5642 5 1.887e-05 6.1e-08 
5643 5 2.0931e-05 7.3e-08 
5644 5 2.2467e-05 1.57e-07 
5645 5 2.1098e-05 6.9e-08 
5646 6 2.4952e-05 6.4e-08 
5647 5 2.0726e-05 6.1e-08 
5648 5 2.14e-05 4.33e-07 
5649 5 2.5693e-05 7.8e-08 
5650 5 1.7943e-05 8.5e-08 
5651 5 2.8142e-05 1.53e-07 
5652 5 2.5264e-05 1.94e-07 
5653 5 2.1651e-05 2.86e-07 
5654 6 2.7488e-05 2.3e-07 
5655 5 2.0613e-05 5.6e-08 
5656 5 2.0596e-05 2.04e-07 
5657 5 2.0515e-05 1.97e-07 
5658 5 1.8452e-05 9.1e-08 
5659 6 2.964e-05 1.06e-07 
5660 5 1.9635e-05 2.05e-07 
5661 5 2.2656e-05 7.5e-08 
5662 5 1.6962e-05 8.7e-08 
5663 5 2.3316e-05 7.9e-08 
5664 5 2.0893e-05 2.48e-07 
5665 5 2.509e-05 5.7e-08 
5666 7 4.001e-05 1.53e-07 
5667 5 2.0263e-05 2.57e-07 
5668 5 2.383e-05 8e-08 
5669 5 2.3247e-05 9.3e-08 
5670 6 2.4674e-05 1.17e-07 
5671 5 2.2857e-05 5.7e-08 
5672 5 2.6211e-05 2.65e-07 
5673 5 2.5745e-05 5.8e-08 
5674 5 1.6877e-05 8.4e-08 
5675 5 1.937e-05 2.44e-07 
5676 5 2.1362e-05 2.42e-07 
5677 5 2.3227e-05 1.95e-07 
5678 5 1.8923e-05 1.37e-07 
5679 5 2.378e-05 6.4e-08 
5680 5 2.4237e-05 7.6e-08 
5681 5 2.1463e-05 9.6e-08 
5682 6 2.3655e-05 1.27e-07 
5683 5 1.9295e-05 2.68e-07 
5684 5 2.5261e-05 1.96e-07 
5685 5 2.4574e-05 2.82e-07 
5686 5 1.9702e-05 1.07e-07 
5687 6 2.8084e-05 2.36e-07 
5688 5 2.2138e-05 2.07e-07 
5689 5 2.2238e-05 2.35e-07 
5690 5 2.0482e-05 7.6e-08 
5691 5 2.4409e-05 7.2e-08 
5692 5 2.3207e-05 1.12e-07 
5693 6 3.1138e-05 2.67e-07 
5694 5 2.1043e-05 1.6e-07 
5695 5 2.3131e-05 1.33e-07 
5696 5 2.271e-05 2.2e-07 
5697 5 2.3965e-05 1.138e-06 
5698 5 0.000165373 3.64e-07 
5699 5 2.9576e-05 8.5e-08 
5700 5 2.1327e-05 1.04e-07 
5701 4 1.6868e-05 6.6e-08 
5702 5 2.0138e-05 2.43e-07 
5703 5 2.1528e-05 8.9e-08 
5704 5 2.1228e-05 7.6e-08 
5705 5 2.1333e-05 2.34e-07 
5706 5 1.9876e-05 2.06e-07 
5707 5 2.2521e-05 2.03e-07 
5708 5 2.2358e-05 2.08e-07 
5709 5 2.4476e-05 9.6e-08 
5710 5 1.8523e-05 5.3e-08 
5711 5 2.2856e-05 2.92e-07 
5712 5 2.4667e-05 5.6e-08 
5713 4 1.3771e-05 7.7e-08 
5714 5 1.7347e-05 2.55e-07 
5715 5 2.1534e-05 1.79e-07 
5716 5 2.2416e-05 6.1e-08 
5717 4 1.4564e-05 6.2e-08 
5718 5 1.6759e-05 5.8e-08 
5719 5 2.2081e-05 5.4e-08 
5720 5 2.4743e-05 2.55e-07 
5721 5 2.3325e-05 8.2e-08 
5722 5 1.9005e-05 2.03e-07 
5723 5 2.3003e-05 7.3e-08 
5724 5 3.3072e-05 8.6e-08 
5725 5 2.2679e-05 2.23e-07 
5726 6 2.5333e-05 2.92e-07 
5727 6 3.0489e-05 9.9e-08 
5728 5 2.0859e-05 2.5e-07 
5729 4 1.8223e-05 9.2e-08 
5730 6 5.1123e-05 8.6e-08 
5731 5 2.2429e-05 1.24e-07 
5732 5 2.1791e-05 6.7e-08 
5733 4 1.5616e-05 7.2e-08 
5734 6 2.5721e-05 3.5e-07 
5735 5 2.3164e-05 1.21e-07 
5736 5 2.307e-05 7.2e-08 
5737 5 2.1087e-05 3.16e-07 
5738 5 1.9769e-05 8.8e-08 
5739 6 2.6754e-05 9.8e-08 
5740 5 2.3044e-05 3.47e-07 
5741 5 2.4905e-05 7.1e-08 
5742 5 2.2101e-05 1.89e-07 
5743 5 2.2434e-05 5.8e-08 
5744 5 2.1795e-05 3.72e-07 
5745 4 2.0811e-05 7.13e-07 
5746 5 4.4563e-05 5.89e-07 
5747 5 2.7103e-05 5.6e-08 
5748 5 2.201e-05 2.29e-07 
5749 5 2.3402e-05 1.94e-07 
5750 5 2.1399e-05 6.8e-08 
5751 5 2.2213e-05 1.94e-07 
5752 5 2.1089e-05 7.4e-08 
5753 5 2.0941e-05 9.6e-08 
5754 5 1.6687e-05 6e-08 
5755 5 1.8588e-05 5.7e-08 
5756 5 2.0296e-05 6e-08 
5757 5 2.0296e-05 7.6e-08 
5758 5 1.8979e-05 6.1e-08 
5759 5 2.3496e-05 1.02e-07 
5760 5 2.2907e-05 6.1e-08 
5761 5 2.033e-05 5.5e-08 
5762 6 2.7051e-05 2.11e-07 
5763 5 2.1617e-05 5.4e-08 
5764 5 2.0151e-05 5.5e-08 
5765 5 2.0758e-05 7e-08 
5766 6 2.7236e-05 5.25e-07 
5767 5 2.5276e-05 6.6e-08 
5768 5 1.9775e-05 6.6e-08 
5769 5 2.1546e-05 3.26e-07 
5770 5 2.0057e-05 7.7e-08 
5771 5 2.3266e-05 7.5e-08 
5772 5 2.1711e-05 3.43e-07 
5773 5 2.1909e-05 2.47e-07 
5774 5 2.0176e-05 1.9e-07 
5775 5 2.057e-05 2.05e-07 
5776 5 2.2265e-05 1.86e-07 
5777 5 2.4366e-05 2.1e-07 
5778 5 1.8453e-05 7e-08 
5779 5 2.2061e-05 5.6e-08 
5780 5 2.3523e-05 5.7e-08 
5781 5 2.1033e-05 3.41e-07 
5782 5 2.14e-05 1.32e-07 
5783 5 2.1572e-05 7e-08 
5784 5 2.2692e-05 8.1e-08 
5785 5 1.9957e-05 5.13e-07 
5786 5 1.9636e-05 2.26e-07 
5787 5 2.2344e-05 5.7e-08 
5788 5 2.2548e-05 7.5e-08 
5789 5 2.1106e-05 8.4e-08 
5790 6 2.5365e-05 1.08e-07 
5791 5 2.085e-05 3.76e-07 
5792 5 2.4583e-05 5.5e-08 
5793 5 2.1117e-05 7.5e-08 
5794 5 1.7901e-05 2.11e-07 
5795 5 2.0389e-05 5.6e-08 
5796 5 2.5117e-05 1.81e-07 
5797 5 2.4774e-05 1.88e-07 
5798 6 2.5937e-05 2.52e-07 
5799 5 2.6349e-05 1.06e-07 
5800 5 2.3725e-05 5.5e-08 
5801 5 2.3685e-05 2.03e-07 
5802 5 1.8825e-05 3.3e-07 
5803 5 2.6119e-05 1.96e-07 
5804 5 2.1318e-05 5.8e-08 
5805 5 2.3725e-05 3.74e-07 
5806 6 2.5587e-05 9.1e-08 
5807 5 2.2549e-05 5.9e-08 
5808 5 2.0822e-05 5.5e-08 
5809 5 2.3174e-05 5.6e-08 
5810 6 2.3911e-05 8.4e-08 
5811 5 2.1179e-05 5.7e-08 
5812 5 1.9659e-05 5.5e-08 
5813 5 2.1424e-05 2.19e-07 
5814 5 1.7886e-05 5.9e-08 
5815 6 2.3589e-05 4.9e-07 
5816 5 2.3754e-05 2.04e-07 
5817 5 2.5161e-05 1.67e-07 
5818 5 1.8978e-05 2.49e-07 
5819 5 2.3462e-05 7.7e-08 
5820 5 2.0958e-05 5.8e-08 
5821 5 2.3461e-05 7e-08 
5822 5 1.8821e-05 9.2e-08 
5823 5 2.0345e-05 3.71e-07 
5824 5 2.4893e-05 2.06e-07 
5825 6 4.1732e-05 8.4e-08 
5826 6 2.7796e-05 2.73e-07 
5827 5 2.3255e-05 7.8e-08 
5828 5 1.9307e-05 7.4e-08 
5829 5 2.2803e-05 1.98e-07 
5830 6 2.757e-05 2.39e-07 
5831 6 3.093e-05 2.27e-07 
5832 5 2.2694e-05 2.23e-07 
5833 4 1.6674e-05 1.62e-07 
5834 5 1.8481e-05 2.13e-07 
5835 5 2.0833e-05 1.95e-07 
5836 5 2.4432e-05 7.3e-08 
5837 5 3.2853e-05 3.25e-07 
5838 6 2.7523e-05 2.34e-07 
5839 5 2.1118e-05 7e-08 
5840 5 3.5324e-05 2.91e-07 
5841 5 2.3031e-05 3.15e-07 
5842 5 1.9625e-05 1.13e-07 
5843 5 2.0986e-05 7e-08 
5844 5 1.9765e-05 2.13e-07 
5845 4 1.4842e-05 1.79e-07 
5846 6 2.3254e-05 2.71e-07 
5847 5 2.1402e-05 6.2e-08 
5848 5 2.4871e-05 1.72e-07 
5849 4 1.6234e-05 1.72e-07 
5850 5 1.8424e-05 7.1e-08 
5851 5 2.3811e-05 2.49e-07 
5852 5 2.6092e-05 2.41e-07 
5853 5 2.1624e-05 1.99e-07 
5854 5 1.9835e-05 5.6e-08 
5855 5 1.986e-05 5e-08 
5856 5 2.154e-05 2.9e-07 
5857 5 4.5747e-05 1.9e-07 
5858 5 2.024e-05 2e-07 
5859 5 2.4229e-05 2.27e-07 
5860 5 2.2275e-05 5.8e-08 
5861 4 1.4678e-05 7.8e-08 
5862 6 2.4721e-05 9.9e-08 
5863 5 2.0196e-05 5.5e-08 
5864 5 2.3801e-05 5.66e-07 
5865 4 1.8541e-05 2.07e-07 
5866 5 1.7975e-05 1.98e-07 
5867 5 2.2292e-05 7.4e-08 
5868 5 2.3643e-05 4.63e-07 
5869 5 2.2255e-05 1.83e-07 
5870 5 1.8083e-05 2.07e-07 
5871 5 2.4186e-05 1.72e-07 
5872 5 2.4745e-05 7.2e-08 
5873 5 2.7605e-05 7.1e-08 
5874 6 2.5763e-05 3.67e-07 
5875 5 1.9703e-05 2.03e-07 
5876 5 2.4235e-05 2.09e-07 
5877 4 1.6788e-05 9.1e-08 
5878 5 1.7805e-05 7.1e-08 
5879 5 2.3714e-05 9.2e-08 
5880 5 2.3434e-05 2.59e-07 
5881 5 2.2091e-05 9.7e-08 
5882 5 1.6424e-05 8.7e-08 
5883 5 2.1324e-05 7.6e-08 
5884 5 2.122e-05 3.45e-07 
5885 5 2.2234e-05 6.5e-08 
5886 5 1.6793e-05 3.76e-07 
5887 5 2.5475e-05 1.94e-07 
5888 5 2.1476e-05 1.77e-07 
5889 5 2.2098e-05 7.9e-08 
5890 5 1.6738e-05 1.96e-07 
5891 6 3.2539e-05 8.6e-08 
5892 5 2.0647e-05 2.1e-07 
5893 5 2.3079e-05 1.26e-07 
5894 5 1.8184e-05 1.76e-07 
5895 5 1.8647e-05 5.9e-08 
5896 5 2.2662e-05 5.3e-08 
5897 5 2.1466e-05 2.37e-07 
5898 5 1.85e-05 6.8e-08 
5899 5 2.0524e-05 5.5e-08 
5900 5 2.4895e-05 2.3e-07 
5901 5 2.3908e-05 5.6e-08 
5902 5 1.7323e-05 7.2e-08 
5903 5 2.0731e-05 8.5e-08 
5904 6 2.6457e-05 3.14e-07 
5905 5 2.4716e-05 6.2e-08 
5906 6 2.5461e-05 3.03e-07 
5907 5 2.3232e-05 4.72e-07 
5908 5 2.9347e-05 5.4e-08 
5909 5 2.5024e-05 8.6e-08 
5910 6 4.9134e-05 1.09e-07 
5911 5 2.3104e-05 8.7e-08 
5912 5 2.377e-05 7.3e-08 
5913 5 2.147e-05 8.5e-08 
5914 5 1.6661e-05 8.4e-08 
5915 5 1.7302e-05 7.1e-08 
5916 5 1.903e-05 6.8e-08 
5917 5 1.9265e-05 5.01e-07 
5918 6 2.8397e-05 9.6e-08 
5919 5 2.2166e-05 2.61e-07 
5920 5 2.1102e-05 1.48e-07 
5921 5 2.1759e-05 9.3e-08 
5922 5 1.7154e-05 9.1e-08 
5923 5 2.1692e-05 7e-08 
5924 5 2.0928e-05 3.42e-07 
5925 5 2.3975e-05 5.9e-08 
5926 5 1.6838e-05 2.21e-07 
5927 5 2.2636e-05 7.2e-08 
5928 5 2.178e-05 9.2e-08 
5929 5 2.3562e-05 5.5e-08 
5930 5 1.682e-05 5.5e-08 
5931 6 2.8946e-05 9.4e-08 
5932 5 2.1641e-05 1.08e-07 
5933 5 2.3481e-05 5.7e-08 
5934 6 2.4653e-05 1.1e-07 
5935 5 1.7364e-05 5.4e-08 
5936 5 2.1349e-05 7.3e-08 
5937 5 2.3449e-05 2.55e-07 
5938 5 1.6485e-05 6.9e-08 
5939 5 2.1852e-05 5.2e-08 
5940 5 2.0528e-05 5.5e-08 
5941 5 2.2613e-05 2.56e-07 
5942 5 1.9812e-05 7.1e-08 
5943 6 3.142e-05 2.07e-07 
5944 5 2.2169e-05 1.9e-07 
5945 5 2.4194e-05 1.3e-07 
5946 5 2.7965e-05 1.01e-07 
5947 5 2.0654e-05 8.5e-08 
5948 5 2.1671e-05 7.2e-08 
5949 5 2.3053e-05 7.8e-08 
5950 5 1.6882e-05 3.47e-07 
5951 5 2.5222e-05 2.27e-07 
5952 5 2.3698e-05 1.94e-07 
5953 5 2.4268e-05 5.3e-08 
5954 6 2.4986e-05 8.2e-08 
5955 5 1.8639e-05 6.2e-08 
5956 5 2.0126e-05 6.1e-08 
5957 6 2.8214e-05 9.2e-08 
5958 5 1.6761e-05 8.4e-08 
5959 6 3.0268e-05 9.2e-08 
5960 5 1.9176e-05 5.2e-08 
5961 5 2.0694e-05 2.7e-07 
5962 5 1.9481e-05 1.57e-07 
5963 5 2.1728e-05 5.6e-08 
5964 5 2.035e-05 5.6e-08 
5965 4 1.7638e-05 2.48e-07 
5966 5 2.076e-05 7.5e-08 
5967 6 2.6229e-05 7.9e-08 
5968 5 2.1413e-05 8.4e-08 
5969 5 3.4886e-05 3.11e-07 
5970 6 2.634e-05 2.51e-07 
5971 5 2.2766e-05 5.6e-08 
5972 5 2.25e-05 2.25e-07 
5973 5 2.2434e-05 2.05e-07 
5974 5 1.8481e-05 2.34e-07 
5975 5 2.1214e-05 1.01e-07 
5976 5 2.1073e-05 6.4e-08 
5977 4 1.517e-05 2.67e-07 
5978 5 1.8515e-05 2.05e-07 
5979 6 2.9608e-05 8.9e-08 
5980 5 2.1276e-05 2.06e-07 
5981 4 1.8656e-05 8.1e-08 
5982 5 1.7772e-05 2.06e-07 
5983 5 2.2931e-05 1.93e-07 
5984 5 2.3517e-05 5.6e-08 
5985 5 2.2672e-05 1.94e-07 
5986 5 1.9134e-05 2.09e-07 
5987 5 2.2822e-05 1.96e-07 
5988 5 2.4336e-05 2.27e-07 
5989 5 3.7129e-05 9.3e-08 
5990 6 2.3899e-05 9.6e-08 
5991 5 2.1217e-05 7.5e-08 
5992 5 2.0797e-05 7.1e-08 
5993 4 1.4913e-05 3.56e-07 
5994 6 2.4871e-05 2.58e-07 
5995 5 2.1831e-05 8.6e-08 
5996 5 2.9504e-05 9.1e-08 
5997 4 1.4967e-05 2.14e-07 
5998 6 2.5861e-05 9.5e-08 
5999 5 2.2929e-05 6.7e-08 
6000 5 2.1889e-05 2.87e-07 
6001 5 2.3825e-05 7.76e-07 
6002 5 2.4075e-05 5.45e-07 
6003 5 2.7736e-05 4.74e-07 
6004 5 2.512e-05 8.9e-08 
6005 5 2.2569e-05 5.8e-08 
6006 5 2.1651e-05 2.58e-07 
6007 5 2.2706e-05 5.7e-08 
6008 5 2.347e-05 6.2e-08 
6009 4 1.5528e-05 7.3e-08 
6010 5 1.7791e-05 3.23e-07 
6011 5 2.6296e-05 1.13e-07 
6012 5 2.4029e-05 2.54e-07 
6013 5 2.4135e-05 1.42e-07 
6014 5 2.2377e-05 9e-08 
6015 5 2.2536e-05 2.6e-07 
6016 5 2.6388e-05 1.53e-07 
6017 5 2.4798e-05 6.2e-08 
6018 6 2.5594e-05 6e-07 
6019 5 2.8867e-05 1.77e-07 
6020 5 2.3618e-05 1.84e-07 
6021 5 2.2939e-05 2.03e-07 
6022 5 2.2724e-05 1.1e-07 
6023 5 2.2762e-05 1.79e-07 
6024 5 2.2938e-05 1.92e-07 
6025 5 2.1094e-05 6.8e-08 
6026 5 1.8904e-05 6e-08 
6027 6 2.7674e-05 9.1e-08 
6028 5 2.112e-05 6.1e-08 
6029 5 2.0115e-05 6.8e-08 
6030 6 2.7185e-05 1.04e-07 
6031 5 2.4124e-05 7.3e-08 
6032 5 2.1057e-05 7.2e-08 
6033 5 2.0809e-05 3.23e-07 
6034 5 2.2696e-05 3.01e-07 
6035 5 2.1534e-05 1.95e-07 
6036 5 2.1273e-05 5.9e-08 
6037 5 2.0598e-05 9.2e-08 
6038 5 2.1265e-05 6.2e-08 
6039 5 2.5379e-05 2.3e-07 
6040 5 2.3008e-05 2.14e-07 
6041 5 2.2099e-05 6e-08 
6042 5 1.7726e-05 1.81e-07 
6043 5 2.2383e-05 5.8e-08 
6044 5 2.1012e-05 1.86e-07 
6045 5 2.1593e-05 5.6e-08 
6046 5 1.9979e-05 1.93e-07 
6047 5 2.301e-05 6.3e-08 
6048 5 2.0244e-05 8.4e-08 
6049 5 1.9528e-05 4.01e-07 
6050 6 2.9429e-05 2.41e-07 
6051 5 2.6083e-05 1.36e-07 
6052 5 3.6671e-05 2.46e-07 
6053 5 2.2672e-05 1.1e-07 
6054 6 2.6667e-05 3.4e-07 
6055 5 2.0832e-05 2.04e-07 
6056 5 2.0124e-05 2.13e-07 
6057 5 2.3678e-05 1.47e-07 
6058 5 1.842e-05 2.02e-07 
6059 6 3.0771e-05 8.7e-08 
6060 5 2.2819e-05 2.12e-07 
6061 5 2.4614e-05 2.03e-07 
6062 6 2.9385e-05 9.3e-08 
6063 5 2.1079e-05 6.4e-08 
6064 5 2.2789e-05 2.28e-07 
6065 5 2.5924e-05 2.02e-07 
6066 5 1.8742e-05 6.9e-08 
6067 6 2.8227e-05 1.09e-07 
6068 5 2.0608e-05 5.6e-08 
6069 5 2.5151e-05 6.9e-08 
6070 6 2.7309e-05 1.18e-07 
6071 5 2.2978e-05 5.9e-08 
6072 5 2.0231e-05 1.85e-07 
6073 5 2.2347e-05 5.8e-08 
6074 5 1.7394e-05 6.9e-08 
6075 5 2.0442e-05 7.8e-08 
6076 5 2.0578e-05 5.8e-08 
6077 5 2.3633e-05 5.6e-08 
6078 5 1.8855e-05 7e-08 
6079 5 2.5659e-05 5.23e-07 
6080 5 3.2348e-05 7.3e-08 
6081 5 2.3321e-05 2.17e-07 
6082 5 2.1913e-05 5.8e-08 
6083 5 2.2293e-05 6e-08 
6084 5 2.2292e-05 3.91e-07 
6085 5 2.8181e-05 7.4e-08 
6086 5 2.0066e-05 2.71e-07 
6087 5 2.3555e-05 2.17e-07 
6088 5 2.2722e-05 2.07e-07 
6089 6 2.9877e-05 2.4e-07 
6090 5 2.0038e-05 1.99e-07 
6091 5 2.6421e-05 2.37e-07 
6092 5 2.4562e-05 6.4e-08 
6093 5 2.0799e-05 6e-08 
6094 6 2.578e-05 7.1e-08 
6095 5 2.1077e-05 5.5e-08 
6096 5 3.5279e-05 4.16e-07 
6097 4 2.1633e-05 9.2e-08 
6098 6 2.3581e-05 9.3e-08 
6099 5 2.321e-05 5.9e-08 
6100 5 2.2895e-05 3.41e-07 
6101 5 2.7364e-05 7.3e-08 
6102 6 2.816e-05 3.85e-07 
6103 5 3.4587e-05 2.07e-07 
6104 6 2.9638e-05 1.18e-07 
6105 5 2.2765e-05 2.38e-07 
6106 5 1.971e-05 1.51e-07 
6107 5 2.3082e-05 7.9e-08 
6108 5 2.0803e-05 6.4e-08 
6109 4 1.4844e-05 7.7e-08 
6110 6 2.4116e-05 4.27e-07 
6111 5 2.7725e-05 1.96e-07 
6112 5 2.5476e-05 7.1e-08 
6113 4 1.4909e-05 1.89e-07 
6114 6 2.701e-05 2.25e-07 
6115 5 2.3345e-05 1.18e-07 
6116 5 2.1725e-05 1.91e-07 
6117 5 2.3235e-05 5.8e-08 
6118 5 1.9338e-05 2.56e-07 
6119 5 2.4229e-05 6e-08 
6120 5 2.0972e-05 7.4e-08 
6121 5 2.381e-05 2.99e-07 
6122 6 2.7005e-05 1.28e-07 
6123 5 2.1167e-05 1.65e-07 
6124 5 2.1777e-05 3.62e-07 
6125 4 1.8642e-05 8.2e-08 
6126 6 2.9974e-05 1.77e-07 
6127 5 2.4279e-05 9.9e-08 
6128 5 2.6152e-05 2.91e-07 
6129 4 1.8538e-05 1.8e-07 
6130 5 1.8871e-05 2.1e-07 
6131 5 2.6723e-05 3.8e-07 
6132 5 2.1348e-05 1.23e-07 
6133 5 2.0948e-05 3.06e-07 
6134 6 2.775e-05 6.7e-07 
6135 5 2.3149e-05 1.73e-07 
6136 5 2.59e-05 7.4e-08 
6137 5 3.3342e-05 3.57e-07 
6138 6 2.9813e-05 2.5e-07 
6139 5 2.8891e-05 8.6e-08 
6140 5 2.6528e-05 1.98e-07 
6141 4 1.7591e-05 1e-07 
6142 5 1.9737e-05 7.5e-08 
6143 5 2.1885e-05 9.5e-08 
6144 6 3.2062e-05 1.15e-07 
6145 5 2.2629e-05 5.7e-08 
6146 5 1.7641e-05 4.88e-07 
6147 5 2.5207e-05 6.2e-08 
6148 5 1.9317e-05 5.7e-08 
6149 5 2.0857e-05 1.02e-07 
6150 5 1.9687e-05 6.4e-08 
6151 5 2.4981e-05 6.4e-08 
6152 5 2.1214e-05 6.4e-08 
6153 5 2.0699e-05 6e-08 
6154 5 1.7085e-05 5.7e-08 
6155 5 1.9147e-05 4.04e-07 
6156 5 2.9882e-05 2.34e-07 
6157 5 2.4343e-05 7.4e-08 
6158 5 2.0339e-05 7.5e-08 
6159 5 2.5896e-05 3e-07 
6160 5 2.4483e-05 2.02e-07 
6161 5 3.8038e-05 9.2e-08 
6162 6 2.3641e-05 1.14e-07 
6163 5 2.5948e-05 3.91e-07 
6164 5 2.6142e-05 6.1e-07 
6165 5 2.4388e-05 2.31e-07 
6166 5 2.1959e-05 9.3e-08 
6167 5 2.4484e-05 1.19e-07 
6168 5 2.2869e-05 8e-08 
6169 5 2.1364e-05 7.8e-08 
6170 5 1.7483e-05 9.7e-08 
6171 5 2.3643e-05 6.6e-08 
6172 5 2.6327e-05 2.72e-07 
6173 5 3.4874e-05 9.6e-08 
6174 6 2.5901e-05 1.18e-07 
6175 5 2.3484e-05 2.44e-07 
6176 5 2.3417e-05 2.27e-07 
6177 5 2.3511e-05 1.89e-07 
6178 5 2.0263e-05 1.94e-07 
6179 5 3.0025e-05 2.01e-07 
6180 5 2.2151e-05 1.9e-07 
6181 5 2.4024e-05 2.46e-07 
6182 6 2.7175e-05 2.29e-07 
6183 5 2.3089e-05 7e-08 
6184 5 2.0696e-05 8.7e-08 
6185 5 2.5169e-05 3.25e-07 
6186 5 2.0775e-05 6.1e-08 
6187 5 2.1799e-05 7.4e-08 
6188 5 2.1701e-05 7e-08 
6189 5 2.1219e-05 5.3e-08 
6190 5 1.7511e-05 9e-08 
6191 5 2.2755e-05 7.4e-08 
6192 5 1.9549e-05 6e-08 
6193 5 2.2372e-05 4.5e-07 
6194 6 3.0195e-05 2.42e-07 
6195 5 2.0955e-05 1.79e-07 
6196 5 2.3531e-05 1.84e-07 
6197 5 2.3998e-05 1.99e-07 
6198 6 3.6327e-05 1.26e-07 
6199 5 2.7814e-05 7.3e-08 
6200 5 2.0888e-05 2.34e-07 
6201 5 2.6104e-05 6.1e-08 
6202 5 1.7941e-05 8.1e-08 
6203 5 2.639e-05 1.27e-07 
6204 5 2.2035e-05 6.3e-08 
6205 5 2.4003e-05 2.86e-07 
6206 5 1.9727e-05 7.1e-08 
6207 5 2.1698e-05 6e-08 
6208 5 2.0536e-05 7.7e-08 
6209 5 2.2313e-05 2.58e-07 
6210 5 2.2736e-05 2.05e-07 
6211 6 3.3525e-05 2.3e-07 
6212 5 2.3596e-05 1.94e-07 
6213 5 2.4231e-05 1.73e-07 
6214 5 1.8786e-05 7.3e-08 
6215 5 1.964e-05 2.4e-07 
6216 5 2.6361e-05 1.86e-07 
6217 5 2.4855e-05 1.41e-07 
6218 5 1.8048e-05 2.49e-07 
6219 5 2.6283e-05 7.1e-08 
6220 5 2.2827e-05 1.66e-07 
6221 6 2.9596e-05 9.6e-08 
6222 5 1.7667e-05 6e-08 
6223 5 2.3411e-05 2.41e-07 
6224 5 2.267e-05 1.12e-07 
6225 5 2.1282e-05 2.65e-07 
6226 5 2.2739e-05 2.26e-07 
6227 5 2.5431e-05 5.7e-08 
6228 5 1.9789e-05 2.22e-07 
6229 4 1.8491e-05 7.3e-08 
6230 5 2.1069e-05 6.3e-08 
6231 5 2.7247e-05 7.5e-08 
6232 5 2.4925e-05 7.9e-08 
6233 6 3.1711e-05 8.95e-07 
6234 5 2.1993e-05 1.92e-07 
6235 5 2.1747e-05 1e-07 
6236 5 2.4219e-05 7.3e-08 
6237 5 2.2936e-05 8.6e-08 
6238 5 1.878e-05 2.78e-07 
6239 5 2.8297e-05 7.9e-08 
6240 5 2.4742e-05 2.65e-07 
6241 4 1.579e-05 3.02e-07 
6242 6 2.4929e-05 3.31e-07 
6243 5 2.2851e-05 7.5e-08 
6244 5 2.1696e-05 5.4e-08 
6245 4 1.4989e-05 7.8e-08 
6246 5 1.7872e-05 2.52e-07 
6247 5 2.5662e-05 2.34e-07 
6248 5 2.1192e-05 5.8e-08 
6249 5 2.1449e-05 7.1e-08 
6250 5 1.7399e-05 2.38e-07 
6251 5 2.6626e-05 2.75e-07 
6252 5 2.2922e-05 2.85e-07 
6253 6 2.7837e-05 8.2e-08 
6254 6 2.4018e-05 2.53e-07 
6255 5 2.0955e-05 1.26e-07 
6256 5 2.39e-05 2.27e-07 
6257 4 1.569e-05 1.9e-07 
6258 6 2.4935e-05 2.54e-07 
6259 6 3.1959e-05 8.6e-08 
6260 5 2.0259e-05 1.97e-07 
6261 4 1.7364e-05 1.83e-07 
6262 6 2.6743e-05 1.07e-07 
6263 5 2.1473e-05 6.2e-08 
6264 5 2.1064e-05 2.41e-07 
6265 5 2.303e-05 8.8e-08 
6266 6 2.3698e-05 1.05e-07 
6267 5 2.0795e-05 8e-08 
6268 5 2.1146e-05 9.7e-08 
6269 5 2.3784e-05 3.76e-07 
6270 5 2.4875e-05 1.91e-07 
6271 6 4.656e-05 3.07e-07 
6272 5 2.376e-05 8.1e-08 
6273 4 1.6021e-05 2.09e-07 
6274 5 1.9085e-05 2.04e-07 
6275 5 2.1611e-05 1.87e-07 
6276 5 2.5363e-05 6.18e-07 
6277 5 2.3038e-05 3.26e-07 
6278 5 2.2536e-05 2.24e-07 
6279 6 3.4757e-05 2.57e-07 
6280 5 2.258e-05 2.07e-07 
6281 5 4.1407e-05 2.06e-07 
6282 6 2.5217e-05 2.46e-07 
6283 5 2.2546e-05 8.7e-08 
6284 5 2.0991e-05 2.11e-07 
6285 5 2.4561e-05 2.11e-07 
6286 5 2.2134e-05 6.2e-08 
6287 5 2.4447e-05 1.96e-07 
6288 5 2.5619e-05 6.4e-08 
6289 5 2.1367e-05 7.9e-08 
6290 5 1.8076e-05 6.3e-08 
6291 5 2.5541e-05 2.27e-07 
6292 5 2.4919e-05 8e-08 
6293 5 2.1287e-05 1.56e-07 
6294 6 2.5891e-05 1.3e-07 
6295 5 2.011e-05 1.06e-07 
6296 5 1.9516e-05 2.83e-07 
6297 5 2.6066e-05 7.1e-08 
6298 5 1.7707e-05 1.1e-07 
6299 6 3.1339e-05 1.13e-07 
6300 5 2.1277e-05 2.49e-07 
6301 5 2.0923e-05 2.81e-07 
6302 5 2.3298e-05 2.26e-07 
6303 5 2.5868e-05 2.12e-07 
6304 5 2.2005e-05 2.25e-07 
6305 5 2.2406e-05 2.4e-07 
6306 6 2.7317e-05 2.63e-07 
6307 6 3.0608e-05 1.1e-07 
6308 5 2.4071e-05 2.09e-07 
6309 5 2.2702e-05 6.3e-08 
6310 5 2.062e-05 1.86e-07 
6311 7 3.964e-05 1.34e-07 
6312 5 2.2388e-05 2.37e-07 
6313 5 2.3669e-05 1.83e-07 
6314 5 1.9349e-05 8.2e-08 
6315 5 1.96e-05 7.8e-08 
6316 5 2.3705e-05 8.3e-08 
6317 5 2.083e-05 7.7e-08 
6318 6 2.5086e-05 1.01e-07 
6319 5 2.5296e-05 6.2e-08 
6320 5 2.3003e-05 7.9e-08 
6321 5 2.1848e-05 8e-08 
6322 5 1.6711e-05 8.3e-08 
6323 5 2.0813e-05 8.5e-08 
6324 5 2.0366e-05 7.7e-08 
6325 5 2.5295e-05 6.1e-08 
6326 6 2.5274e-05 8.8e-08 
6327 5 2.1584e-05 5.9e-08 
6328 5 2.1874e-05 1.66e-07 
6329 5 2.9859e-05 1.36e-07 
6330 5 1.8037e-05 8.4e-08 
6331 5 2.4981e-05 5.91e-07 
6332 5 2.7848e-05 6.6e-08 
6333 5 2.6165e-05 1.69e-07 
6334 6 2.5974e-05 1.13e-07 
6335 5 2.1357e-05 6.2e-08 
6336 5 2.1345e-05 3.43e-07 
6337 5 3.0827e-05 7.9e-08 
6338 6 2.8602e-05 9.5e-08 
6339 5 2.5662e-05 2.84e-07 
6340 5 2.7544e-05 6.1e-08 
6341 5 2.274e-05 2.36e-07 
6342 5 2.1743e-05 6.6e-08 
6343 5 2.1445e-05 9.3e-08 
6344 6 2.956e-05 2.97e-07 
6345 5 2.6732e-05 1.85e-07 
6346 5 1.9586e-05 9.6e-08 
6347 5 2.3021e-05 7.6e-08 
6348 5 2.2426e-05 6.6e-08 
6349 5 2.3498e-05 6.6e-08 
6350 5 1.7645e-05 7.9e-08 
6351 5 2.7626e-05 5.11e-07 
6352 5 2.6457e-05 9.8e-08 
6353 6 3.1753e-05 3.07e-07 
6354 5 3.7782e-05 9.8e-08 
6355 5 2.1136e-05 6.2e-08 
6356 5 2.2323e-05 9.3e-08 
6357 5 2.1918e-05 2.78e-07 
6358 6 2.9859e-05 2.73e-07 
6359 5 2.8352e-05 1.96e-07 
6360 5 2.3035e-05 2.27e-07 
6361 4 1.9683e-05 1.04e-07 
6362 5 1.8705e-05 6.4e-08 
6363 5 2.2108e-05 6.6e-08 
6364 5 2.3592e-05 5.7e-08 
6365 6 2.9582e-05 6.4e-07 
6366 6 3.0929e-05 9.8e-08 
6367 6 3.475e-05 9.2e-08 
6368 5 2.3094e-05 2.32e-07 
6369 5 2.6542e-05 1.89e-07 
6370 5 1.9905e-05 1.82e-07 
6371 5 2.5493e-05 6e-08 
6372 5 2.0965e-05 6.9e-08 
6373 4 1.4727e-05 9.3e-08 
6374 6 2.3721e-05 3.27e-07 
6375 5 2.268e-05 9.9e-08 
6376 5 2.1168e-05 5.8e-08 
6377 4 1.5393e-05 7.7e-08 
6378 5 1.7398e-05 6.6e-08 
6379 6 2.8588e-05 1.19e-07 
6380 6 2.6252e-05 3.29e-07 
6381 5 2.4716e-05 2.15e-07 
6382 5 1.8542e-05 2.2e-07 
6383 5 2.3391e-05 6.1e-08 
6384 5 2.5228e-05 7.4e-08 
6385 5 2.29e-05 2.17e-07 
6386 6 2.4404e-05 2.05e-07 
6387 5 2.4381e-05 9.3e-08 
6388 5 2.3371e-05 4.17e-07 
6389 4 1.7351e-05 9.8e-08 
6390 6 2.6058e-05 1.08e-07 
6391 5 2.7081e-05 9e-08 
6392 5 2.3502e-05 8e-08 
6393 4 1.4639e-05 7.8e-08 
6394 5 1.7013e-05 7.1e-08 
6395 5 1.9433e-05 7e-08 
6396 5 2.2043e-05 4.24e-07 
6397 5 2.493e-05 9.4e-08 
6398 6 2.2961e-05 2.74e-07 
6399 5 2.5783e-05 1.82e-07 
6400 5 2.3814e-05 1.42e-07 
6401 5 2.3764e-05 1.72e-07 
6402 6 2.5221e-05 1.1e-07 
6403 5 2.1444e-05 4.41e-07 
6404 5 2.5324e-05 5.6e-08 
6405 4 1.5216e-05 1.94e-07 
6406 5 1.9439e-05 5.9e-08 
6407 6 2.9071e-05 2.33e-07 
6408 5 2.2411e-05 1.98e-07 
6409 5 2.167e-05 6.1e-08 
6410 6 2.2965e-05 1.02e-07 
6411 5 2.3535e-05 1.63e-07 
6412 5 2.0736e-05 5.1e-08 
6413 5 2.0797e-05 6.1e-08 
6414 5 1.9122e-05 3.3e-07 
6415 5 2.2822e-05 7.9e-08 
6416 5 2.2801e-05 1.94e-07 
6417 5 2.512e-05 7.3e-08 
6418 5 1.8227e-05 7.9e-08 
6419 5 2.5071e-05 2.58e-07 
6420 5 2.8028e-05 2.26e-07 
6421 5 2.4322e-05 1.88e-07 
6422 6 2.8741e-05 1.09e-07 
6423 5 2.5148e-05 2.27e-07 
6424 5 2.5416e-05 1.97e-07 
6425 5 2.4601e-05 2.05e-07 
6426 6 2.5692e-05 7.9e-08 
6427 5 2.6089e-05 2.2e-07 
6428 5 2.2304e-05 6e-08 
6429 5 2.0154e-05 3.69e-07 
6430 5 2.351e-05 1.66e-07 
6431 5 2.6047e-05 9.5e-08 
6432 5 2.2167e-05 5.9e-08 
6433 5 2.1131e-05 6.1e-08 
6434 5 1.8623e-05 6.1e-08 
6435 5 3.2085e-05 7.2e-08 
6436 5 1.9737e-05 7.7e-08 
6437 5 1.9508e-05 8.5e-08 
6438 6 2.4236e-05 1.12e-07 
6439 5 2.4243e-05 6.2e-08 
6440 5 2.2498e-05 7.4e-08 
6441 5 2.0164e-05 5.2e-08 
6442 5 1.8836e-05 1e-07 
6443 6 2.9774e-05 4.08e-07 
6444 5 2.9588e-05 2.37e-07 
6445 5 2.3657e-05 9.7e-08 
6446 6 2.5603e-05 2.74e-07 
6447 5 2.314e-05 1.64e-07 
6448 5 2.2497e-05 8.5e-08 
6449 5 2.1525e-05 2.65e-07 
6450 6 2.6955e-05 1.82e-07 
6451 5 2.7187e-05 1.9e-07 
6452 5 2.3648e-05 5.9e-08 
6453 5 2.3619e-05 5.9e-08 
6454 5 2.2121e-05 2.05e-07 
6455 5 2.1195e-05 1.81e-07 
6456 5 3.5177e-05 1.09e-07 
6457 5 2.5189e-05 2.82e-07 
6458 5 1.9708e-05 6e-08 
6459 5 2.3972e-05 6.1e-08 
6460 5 2.3028e-05 6.1e-08 
6461 5 2.4427e-05 8.8e-08 
6462 6 2.5979e-05 9.5e-08 
6463 5 2.0595e-05 3.48e-07 
6464 5 2.5568e-05 2.12e-07 
6465 5 2.6351e-05 2.06e-07 
6466 5 1.9902e-05 7.5e-08 
6467 5 2.1975e-05 6.1e-08 
6468 5 2.2555e-05 2.32e-07 
6469 5 2.5723e-05 7.1e-08 
6470 5 1.8697e-05 8.7e-08 
6471 5 2.6215e-05 5.9e-08 
6472 5 2.2435e-05 3.82e-07 
6473 4 2.3814e-05 1.8e-07 
6474 5 1.9521e-05 8.1e-08 
6475 5 2.1463e-05 2.04e-07 
6476 5 2.3994e-05 7.2e-08 
6477 5 2.2989e-05 6.2e-08 
6478 5 1.8568e-05 6.2e-08 
6479 5 2.3931e-05 2.69e-07 
6480 5 2.4752e-05 5.8e-08 
6481 5 2.3886e-05 5.2e-08 
6482 6 2.7092e-05 1.15e-07 
6483 5 3.5809e-05 1e-07 
6484 5 2.2261e-05 7.1e-08 
6485 6 2.7803e-05 3.66e-07 
6486 5 2.3682e-05 1.46e-07 
6487 5 2.2759e-05 7.2e-08 
6488 5 2.0409e-05 5.4e-08 
6489 5 2.2337e-05 9.2e-08 
6490 5 1.8359e-05 7.4e-08 
6491 5 2.2626e-05 7.4e-08 
6492 5 2.0342e-05 5.7e-08 
6493 4 1.5478e-05 7.6e-08 
6494 5 1.7427e-05 7.3e-08 
6495 5 1.8324e-05 5.5e-08 
6496 5 2.3628e-05 7.2e-08 
6497 6 2.9192e-05 9.6e-08 
6498 5 1.8165e-05 6.9e-08 
6499 5 2.8701e-05 7.1e-08 
6500 5 2.056e-05 6.1e-08 
6501 5 2.0889e-05 8e-08 
6502 5 1.7696e-05 7.1e-08 
6503 5 2.1624e-05 6.6e-08 
6504 5 3.0619e-05 8.9e-08 
6505 4 1.3962e-05 9.4e-08 
6506 5 1.7328e-05 5.5e-08 
6507 5 2.1903e-05 5.9e-08 
6508 5 2.0312e-05 1.62e-07 
6509 4 1.4847e-05 1.11e-07 
6510 5 1.6671e-05 9.43e-07 
6511 5 3.5372e-05 1.22e-07 
6512 5 2.1636e-05 5.9e-08 
6513 5 2.1844e-05 2.78e-07 
6514 5 2.22e-05 5.8e-08 
6515 5 2.0176e-05 5.7e-08 
6516 5 2.3881e-05 4.7e-07 
6517 5 3.0859e-05 1.14e-07 
6518 6 2.4898e-05 1.22e-07 
6519 5 2.6136e-05 6.23e-07 
6520 5 2.8479e-05 5.6e-08 
6521 4 1.5758e-05 1.78e-07 
6522 5 2.1303e-05 1.87e-07 
6523 5 2.6326e-05 8.9e-08 
6524 5 2.1269e-05 5.8e-08 
6525 4 1.6534e-05 3.21e-07 
6526 6 3.1591e-05 3.71e-07 
6527 5 2.578e-05 1.23e-07 
6528 5 2.0969e-05 1.84e-07 
6529 5 2.5493e-05 1.31e-07 
6530 6 2.6853e-05 2.16e-07 
6531 6 4.6916e-05 9.2e-08 
6532 5 2.0983e-05 9.5e-08 
6533 5 2.5312e-05 3.23e-07 
6534 5 2.4483e-05 7.4e-08 
6535 5 1.9e-05 7.5e-08 
6536 5 2.2327e-05 5.17e-07 
6537 5 2.5985e-05 2.11e-07 
6538 5 1.8943e-05 8.9e-08 
6539 5 2.7198e-05 2.55e-07 
6540 5 2.6327e-05 1.81e-07 
6541 5 2.7562e-05 9.6e-08 
6542 5 2.0029e-05 5.48e-07 
6543 5 2.4734e-05 6.9e-08 
6544 5 2.3029e-05 1e-07 
6545 5 2.1551e-05 3.21e-07 
6546 6 2.9425e-05 2.33e-07 
6547 5 2.2582e-05 5.7e-08 
6548 5 2.3299e-05 2.92e-07 
6549 5 4.7362e-05 8.9e-08 
6550 5 2.2164e-05 6.2e-08 
6551 5 2.4891e-05 7.7e-08 
6552 5 2.3721e-05 1.1e-07 
6553 5 2.0965e-05 7.2e-08 
6554 6 2.2151e-05 8.6e-08 
6555 5 1.8602e-05 5.7e-08 
6556 5 2.0351e-05 6.3e-08 
6557 5 2.3164e-05 3.45e-07 
6558 6 3.0416e-05 2.38e-07 
6559 6 3.5548e-05 1.04e-07 
6560 5 2.0837e-05 2.89e-07 
6561 5 2.3464e-05 2.32e-07 
6562 5 2.0513e-05 2.01e-07 
6563 5 2.2391e-05 7.6e-08 
6564 5 2.3959e-05 4.1e-07 
6565 5 2.5827e-05 5.7e-08 
6566 5 1.9207e-05 6.5e-08 
6567 5 2.2657e-05 6.7e-08 
6568 5 2.157e-05 8e-08 
6569 5 2.3047e-05 2.34e-07 
6570 6 2.6228e-05 3.62e-07 
6571 5 2.5299e-05 1.99e-07 
6572 5 2.1935e-05 1.8e-07 
6573 5 2.1157e-05 7.1e-08 
6574 5 1.8691e-05 7.2e-08 
6575 5 1.9482e-05 2.95e-07 
6576 5 3.6669e-05 7.7e-08 
6577 5 2.1399e-05 8.6e-08 
6578 5 1.7629e-05 7.5e-08 
6579 6 3.1204e-05 1.17e-07 
6580 5 2.3052e-05 4.42e-07 
6581 5 2.3184e-05 7.1e-08 
6582 6 3.3769e-05 9.3e-08 
6583 5 2.1038e-05 3.43e-07 
6584 5 2.3347e-05 5.5e-08 
6585 5 1.9472e-05 5.5e-08 
6586 5 1.7909e-05 2.24e-07 
6587 5 2.3964e-05 1.08e-07 
6588 5 1.9541e-05 1.37e-07 
6589 5 2.4001e-05 7.5e-08 
6590 6 2.5011e-05 9.3e-08 
6591 6 3.0669e-05 8.7e-08 
6592 5 2.2515e-05 8.9e-08 
6593 5 2.2938e-05 5.7e-08 
6594 6 2.0631e-05 8.6e-08 
6595 5 1.8125e-05 3.66e-07 
6596 5 2.5605e-05 1.92e-07 
6597 5 2.3663e-05 1.99e-07 
6598 6 2.44e-05 1.18e-07 
6599 6 3.0639e-05 3.46e-07 
6600 5 2.1249e-05 1.98e-07 
6601 5 2.5279e-05 7e-08 
6602 5 1.7189e-05 9.7e-08 
6603 5 2.3731e-05 6.4e-08 
6604 5 2.0795e-05 6e-08 
6605 5 2.3144e-05 5.45e-07 
6606 5 2.1797e-05 1.75e-07 
6607 5 2.1769e-05 5.6e-08 
6608 5 2.0265e-05 6e-08 
6609 5 2.4228e-05 6.9e-08 
6610 5 1.6884e-05 3.96e-07 
6611 5 2.8467e-05 1.24e-07 
6612 5 2.2188e-05 2e-07 
6613 5 2.1973e-05 2.29e-07 
6614 5 1.798e-05 1.98e-07 
6615 5 2.0024e-05 1.75e-07 
6616 5 2.2782e-05 1.16e-07 
6617 6 3.0155e-05 2.77e-07 
6618 5 1.8123e-05 5.8e-08 
6619 6 2.9436e-05 3.12e-07 
6620 5 2.3584e-05 1.93e-07 
6621 5 2.2918e-05 1.96e-07 
6622 6 2.5508e-05 6.02e-07 
6623 5 0.000103335 4.97e-07 
6624 5 2.8563e-05 2.41e-07 
6625 4 1.7671e-05 7e-08 
6626 6 2.501e-05 1.23e-07 
6627 5 2.0533e-05 2.27e-07 
6628 5 2.163e-05 5.6e-08 
6629 6 2.6302e-05 1.79e-07 
6630 6 2.519e-05 1.04e-07 
6631 5 2.4287e-05 2.72e-07 
6632 5 2.5876e-05 9.5e-08 
6633 5 2.3422e-05 8.4e-08 
6634 5 1.7563e-05 2.27e-07 
6635 5 2.4547e-05 1.75e-07 
6636 5 3.0097e-05 2.11e-07 
6637 4 1.6739e-05 1.61e-07 
6638 6 2.7124e-05 8.6e-08 
6639 5 2.5014e-05 1.9e-07 
6640 5 2.1885e-05 7.3e-08 
6641 5 1.9759e-05 3.67e-07 
6642 5 1.847e-05 6.1e-08 
6643 5 2.0357e-05 2.18e-07 
6644 5 2.308e-05 8.1e-08 
6645 5 2.1293e-05 5.8e-08 
6646 5 1.7813e-05 6.1e-08 
6647 6 2.7069e-05 4.82e-07 
6648 5 3.4954e-05 7.8e-08 
6649 5 2.2404e-05 1.93e-07 
6650 5 1.7885e-05 1.83e-07 
6651 7 3.764e-05 1.18e-07 
6652 5 2.1403e-05 5.8e-08 
6653 4 1.5559e-05 1.91e-07 
6654 6 2.8008e-05 2.06e-07 
6655 5 1.9439e-05 9.1e-08 
6656 5 2.2146e-05 2.17e-07 
6657 4 1.6883e-05 1.88e-07 
6658 5 1.704e-05 7.1e-08 
6659 5 2.469e-05 2.36e-07 
6660 6 2.9642e-05 1.24e-07 
6661 5 2.1773e-05 6.8e-08 
6662 6 2.4384e-05 5.82e-07 
6663 5 2.5816e-05 2.01e-07 
6664 5 2.054e-05 2.75e-07 
6665 5 2.223e-05 2.24e-07 
6666 5 1.9527e-05 2.05e-07 
6667 5 2.394e-05 5.5e-08 
6668 5 2.3305e-05 7.5e-08 
6669 5 2.1989e-05 7.5e-08 
6670 5 2.1867e-05 1.04e-07 
6671 5 2.4992e-05 3.28e-07 
6672 5 2.5733e-05 1.85e-07 
6673 5 4.8131e-05 6.5e-08 
6674 6 2.5757e-05 1.1e-07 
6675 5 1.9866e-05 1.67e-07 
6676 5 2.124e-05 1.81e-07 
6677 5 2.1845e-05 5.7e-08 
6678 6 2.2301e-05 1.35e-07 
6679 5 2.3644e-05 6.4e-08 
6680 5 4.6978e-05 2.82e-07 
6681 5 2.4266e-05 1.58e-07 
6682 5 1.7883e-05 2.52e-07 
6683 5 2.1772e-05 1.8e-07 
6684 5 2.3293e-05 7.4e-08 
6685 5 3.2742e-05 2.31e-07 
6686 6 2.766e-05 2.39e-07 
6687 5 2.2184e-05 7.3e-08 
6688 5 2.1359e-05 7.2e-08 
6689 5 2.2733e-05 5.9e-08 
6690 6 2.4011e-05 7.5e-08 
6691 6 2.9626e-05 8.6e-08 
6692 5 2.1065e-05 3.36e-07 
6693 5 2.3875e-05 2.4e-07 
6694 5 1.8829e-05 5.7e-08 
6695 5 1.8696e-05 7.4e-08 
6696 5 2.3523e-05 6.7e-08 
6697 5 2.0955e-05 6.5e-08 
6698 6 2.2606e-05 1.05e-07 
6699 6 2.7167e-05 9.2e-08 
6700 5 2.0551e-05 6e-08 
6701 5 2.1142e-05 3.64e-07 
6702 6 2.6403e-05 9.9e-08 
6703 5 1.9111e-05 2.45e-07 
6704 5 2.2138e-05 5.5e-08 
6705 5 2.1228e-05 5.7e-08 
6706 5 1.7281e-05 2.35e-07 
6707 6 3.0107e-05 2.46e-07 
6708 5 2.2684e-05 7e-08 
6709 5 2.0664e-05 1.86e-07 
6710 6 2.5089e-05 8.3e-08 
6711 5 2.3411e-05 5.4e-08 
6712 5 2.1471e-05 3.5e-07 
6713 5 2.1753e-05 5.9e-08 
6714 6 2.2954e-05 9.7e-08 
6715 6 2.5638e-05 7.5e-08 
6716 5 2.4373e-05 3.26e-07 
6717 5 2.7224e-05 3.47e-07 
6718 5 2.3884e-05 2.38e-07 
6719 5 2.8516e-05 2.69e-07 
6720 5 2.7107e-05 2.52e-07 
6721 5 3.4399e-05 1.88e-07 
6722 5 1.8202e-05 2.09e-07 
6723 5 2.3036e-05 2.06e-07 
6724 5 2.1259e-05 1.436e-06 
6725 5 2.5365e-05 6.5e-08 
6726 6 2.6494e-05 5.31e-07 
6727 5 2.286e-05 1.69e-07 
6728 6 2.7019e-05 8.5e-08 
6729 4 1.7837e-05 1.73e-07 
6730 5 1.846e-05 7.5e-08 
6731 5 2.5906e-05 1.17e-07 
6732 5 2.3946e-05 6.97e-07 
6733 4 2.6589e-05 2.31e-07 
6734 5 2.0589e-05 3.86e-07 
6735 5 2.7873e-05 2.68e-07 
6736 5 2.7554e-05 7.7e-08 
6737 5 2.7512e-05 2.78e-07 
6738 6 2.8752e-05 1.29e-07 
6739 5 3.059e-05 1.05e-07 
6740 5 2.5495e-05 7.7e-08 
6741 5 2.9537e-05 7.46e-07 
6742 6 3.0571e-05 4.22e-07 
6743 5 2.7898e-05 2.77e-07 
6744 5 4.8155e-05 1.19e-07 
6745 5 2.7775e-05 8.5e-08 
6746 5 2.1906e-05 4.22e-07 
6747 6 3.8827e-05 3.23e-07 
6748 5 3.6736e-05 4.36e-07 
6749 6 4.1811e-05 3.73e-07 
6750 5 2.5501e-05 3.48e-07 
6751 5 4.2334e-05 1.07e-07 
6752 5 2.6577e-05 4.3e-07 
6753 5 3.0988e-05 3.36e-07 
6754 5 2.4361e-05 2.58e-07 
6755 5 2.8174e-05 2.73e-07 
6756 5 0.000139798 8.12e-07 
6757 4 2.8535e-05 3.25e-07 
6758 5 2.7001e-05 2.26e-07 
6759 5 2.8159e-05 2.02e-07 
6760 5 2.3503e-05 1e-07 
6761 6 2.9118e-05 1.18e-07 
6762 5 1.8775e-05 1.03e-07 
6763 5 2.2563e-05 8.2e-08 
6764 5 2.2148e-05 6.8e-08 
6765 5 2.2329e-05 1.02e-07 
6766 5 1.8525e-05 8.1e-08 
6767 5 2.2953e-05 9.6e-08 
6768 5 2.2796e-05 9.4e-08 
6769 4 1.4646e-05 4.25e-07 
6770 6 3.0686e-05 3.51e-07 
6771 5 2.6721e-05 2.01e-07 
6772 5 2.4766e-05 1.15e-07 
6773 5 3.1972e-05 5.67e-07 
6774 5 3.3368e-05 3.8e-07 
6775 5 3.3268e-05 3.96e-07 
6776 5 3.823e-05 3.98e-07 
6777 5 4.8678e-05 1.99e-07 
6778 5 3.515e-05 5.11e-07 
6779 5 4.1014e-05 4.08e-07 
6780 5 3.9548e-05 5.8e-07 
6781 5 3.9476e-05 1.27e-07 
6782 6 7.2014e-05 7.96e-07 
6783 5 4.2762e-05 5.05e-07 
6784 5 3.9485e-05 5.3e-07 
6785 4 3.9336e-05 4.34e-07 
6786 5 4.2463e-05 5.61e-07 
6787 5 4.6961e-05 5.13e-07 
6788 5 4.5833e-05 5.7e-07 
6789 4 3.7054e-05 4.48e-07 
6790 6 4.9633e-05 7.04e-07 
6791 5 5.0353e-05 5.37e-07 
6792 5 4.0044e-05 5.17e-07 
6793 5 4.0663e-05 3.65e-07 
6794 5 3.7772e-05 1.61e-07 
6795 5 2.6241e-05 2.79e-07 
6796 5 2.2059e-05 2.73e-07 
6797 5 2.4802e-05 2.32e-07 
6798 5 2.4345e-05 1.04e-07 
6799 5 2.5805e-05 2.65e-07 
6800 5 2.1584e-05 5.6e-08 
6801 5 2.1437e-05 3.74e-07 
6802 5 1.9912e-05 7.5e-08 
6803 5 2.009e-05 8.9e-08 
6804 5 2.1005e-05 8.9e-08 
6805 5 2.1755e-05 5.9e-08 
6806 5 1.88e-05 6e-08 
6807 5 2.4112e-05 6.8e-07 
6808 5 2.4668e-05 7.4e-08 
6809 5 1.9737e-05 2.78e-07 
6810 5 1.8831e-05 1.96e-07 
6811 5 2.3812e-05 1.86e-07 
6812 5 2.1051e-05 1.79e-07 
6813 5 2.1978e-05 1.98e-07 
6814 5 2.159e-05 1.91e-07 
6815 5 2.1003e-05 2e-07 
6816 5 2.1891e-05 1.85e-07 
6817 5 2.3131e-05 8.1e-08 
6818 6 2.5881e-05 4.09e-07 
6819 5 3.0132e-05 2.54e-07 
6820 5 2.4467e-05 2.6e-07 
6821 5 2.4804e-05 2.56e-07 
6822 5 2.514e-05 1.01e-07 
6823 5 2.3295e-05 2.96e-07 
6824 5 2.9345e-05 7.8e-08 
6825 5 2.5693e-05 8e-08 
6826 5 2.2775e-05 8.7e-08 
6827 6 3.325e-05 1.02e-07 
6828 5 2.357e-05 8.3e-08 
6829 5 2.3635e-05 1.24e-07 
6830 6 2.8241e-05 1.6e-07 
6831 5 2.6812e-05 7.1e-08 
6832 5 2.5947e-05 7.7e-08 
6833 5 2.4911e-05 6.28e-07 
6834 6 3.6419e-05 2.58e-07 
6835 5 2.2307e-05 1.54e-07 
6836 5 2.1405e-05 2.31e-07 
6837 5 2.2937e-05 2.13e-07 
6838 5 1.9729e-05 1.81e-07 
6839 5 2.6813e-05 2.06e-07 
6840 5 2.5076e-05 2.58e-07 
6841 5 2.5059e-05 2.14e-07 
6842 6 2.5341e-05 2.86e-07 
6843 5 2.0292e-05 3.55e-07 
6844 5 2.2402e-05 9.4e-08 
6845 5 2.0144e-05 2.26e-07 
6846 6 2.6088e-05 1.09e-07 
6847 5 2.3099e-05 6.1e-08 
6848 5 2.3863e-05 7.7e-08 
6849 5 2.1599e-05 4.65e-07 
6850 5 2.0299e-05 2.7e-07 
6851 5 2.4245e-05 1.99e-07 
6852 5 2.3972e-05 5.9e-08 
6853 5 2.4978e-05 6.8e-08 
6854 6 2.4469e-05 1.08e-07 
6855 5 1.8569e-05 6e-08 
6856 5 2.0093e-05 6.9e-08 
6857 5 2.2982e-05 6e-08 
6858 6 2.1463e-05 9.2e-08 
6859 5 2.2143e-05 4.65e-07 
6860 5 2.4255e-05 1.92e-07 
6861 4 1.8253e-05 1.86e-07 
6862 5 1.9967e-05 1.98e-07 
6863 5 2.0067e-05 1.99e-07 
6864 5 2.163e-05 1.88e-07 
6865 4 1.7824e-05 8.9e-08 
6866 5 1.9037e-05 2.36e-07 
6867 5 2.1676e-05 6.2e-08 
6868 5 2.0519e-05 6.6e-08 
6869 5 2.1692e-05 3.11e-07 
6870 5 1.9326e-05 8e-08 
6871 5 2.178e-05 5.2e-08 
6872 5 1.9981e-05 7.8e-08 
6873 5 2.275e-05 2.98e-07 
6874 5 1.5178e-05 7.1e-08 
6875 5 1.7825e-05 4.24e-07 
6876 6 5.1456e-05 3.51e-07 
6877 5 2.5755e-05 3.81e-07 
6878 5 2.0037e-05 1.69e-07 
6879 6 2.9725e-05 3.11e-07 
6880 5 2.2014e-05 1.91e-07 
6881 6 3.1684e-05 2.33e-07 
6882 6 2.3665e-05 1.27e-07 
6883 5 2.0323e-05 5.9e-08 
6884 5 2.3439e-05 1.85e-07 
6885 5 2.2299e-05 3.18e-07 
6886 6 2.4325e-05 2.44e-07 
6887 5 2.1382e-05 1.74e-07 
6888 5 2.2228e-05 6.1e-08 
6889 4 1.6095e-05 7.7e-08 
6890 5 1.6209e-05 6.1e-08 
6891 5 3.3434e-05 1.31e-07 
6892 5 2.0544e-05 8.6e-08 
6893 6 2.6861e-05 1.34e-07 
6894 6 2.5023e-05 7.1e-08 
6895 5 1.9053e-05 5.4e-08 
6896 5 2.3046e-05 8.6e-08 
6897 6 3.5208e-05 1.015e-06 
6898 5 3.2258e-05 2.05e-07 
6899 6 3.8208e-05 1.1e-07 
6900 5 2.3474e-05 7.4e-08 
6901 4 1.4771e-05 9.1e-08 
6902 6 2.3893e-05 1.05e-07 
6903 5 2.1361e-05 6.4e-08 
6904 5 2.072e-05 7.7e-08 
6905 5 2.3241e-05 8.5e-08 
6906 5 2.026e-05 6.65e-07 
6907 5 3.2253e-05 9.5e-08 
6908 5 2.4104e-05 7.1e-08 
6909 5 2.5504e-05 3.83e-07 
6910 5 2.4545e-05 2.26e-07 
6911 6 3.2812e-05 1.93e-07 
6912 5 2.0469e-05 1.93e-07 
6913 5 2.1512e-05 8e-08 
6914 6 2.5208e-05 9.2e-08 
6915 5 1.9513e-05 9.6e-08 
6916 5 2.4785e-05 8.2e-08 
6917 4 1.4996e-05 9.3e-08 
6918 6 2.2766e-05 3.64e-07 
6919 6 3.4718e-05 7.6e-08 
6920 5 2.1408e-05 7.3e-08 
6921 5 2.3395e-05 1.13e-07 
6922 5 1.86e-05 7e-08 
6923 5 2.021e-05 3.08e-07 
6924 5 2.4023e-05 8.4e-08 
6925 5 2.1475e-05 2.76e-07 
6926 6 2.8588e-05 2.12e-07 
6927 5 2.1155e-05 6.5e-08 
6928 5 2.2849e-05 7.2e-08 
6929 5 2.2686e-05 5.4e-08 
6930 5 1.6709e-05 6.8e-08 
6931 5 2.1767e-05 3.14e-07 
6932 5 2.343e-05 2.24e-07 
6933 5 2.323e-05 2.23e-07 
6934 5 1.8038e-05 2.14e-07 
6935 5 1.9734e-05 2.03e-07 
6936 5 2.3373e-05 3.25e-07 
6937 5 2.1793e-05 1.94e-07 
6938 5 1.976e-05 1.97e-07 
6939 6 3.2893e-05 3.69e-07 
6940 5 2.1622e-05 1.56e-07 
6941 5 2.2017e-05 2.14e-07 
6942 6 2.545e-05 1.29e-07 
6943 6 2.613e-05 8.7e-08 
6944 5 2.0042e-05 5.8e-08 
6945 5 2.2481e-05 2.27e-07 
6946 5 2.0234e-05 1.93e-07 
6947 5 2.1349e-05 1.82e-07 
6948 5 2.3569e-05 1.88e-07 
6949 5 2.1419e-05 9.7e-08 
6950 6 2.2685e-05 1.22e-07 
6951 5 2.2275e-05 7.7e-08 
6952 5 2.017e-05 6.5e-08 
6953 5 2.1489e-05 6.9e-08 
6954 5 1.6548e-05 5.7e-08 
6955 5 1.8099e-05 5.7e-08 
6956 5 1.989e-05 5.9e-08 
6957 5 2.0125e-05 1.12e-07 
6958 5 1.6673e-05 5.5e-08 
6959 5 2.3588e-05 5.9e-08 
6960 5 2.1964e-05 4.21e-07 
6961 5 2.223e-05 2.01e-07 
6962 6 2.3023e-05 1.07e-07 
6963 5 2.1909e-05 2.18e-07 
6964 5 2.4363e-05 1.92e-07 
6965 5 2.0702e-05 2.75e-07 
6966 6 2.3394e-05 1.2e-07 
6967 5 1.9694e-05 6.1e-08 
6968 6 2.4327e-05 8.3e-08 
6969 5 1.9924e-05 6.8e-08 
6970 5 1.591e-05 2.51e-07 
6971 6 3.0878e-05 9.2e-08 
6972 5 2.344e-05 2.4e-07 
6973 5 2.1862e-05 6.2e-08 
6974 6 2.097e-05 2.3e-07 
6975 5 2.0217e-05 7.3e-08 
6976 5 2.3733e-05 8.7e-08 
6977 5 2.0369e-05 5.8e-08 
6978 6 2.4022e-05 7.3e-08 
6979 6 2.977e-05 3.65e-07 
6980 5 2.2936e-05 8.9e-08 
6981 5 2.7457e-05 7.1e-08 
6982 5 1.7287e-05 6.2e-08 
6983 5 1.9969e-05 7.3e-08 
6984 6 2.6802e-05 4.37e-07 
6985 5 2.9108e-05 2.24e-07 
6986 6 2.4131e-05 2.02e-07 
6987 6 2.7394e-05 8.8e-08 
6988 5 2.1445e-05 6.2e-08 
6989 5 2.35e-05 7.5e-08 
6990 6 2.366e-05 9.7e-08 
6991 5 2.2323e-05 3.25e-07 
6992 5 2.6293e-05 1.62e-07 
6993 4 1.812e-05 2.67e-07 
6994 5 3.1365e-05 6.15e-07 
6995 5 2.2471e-05 2.39e-07 
6996 5 2.4207e-05 1.9e-07 
6997 5 2.5352e-05 1.92e-07 
6998 5 1.8086e-05 1.79e-07 
6999 5 2.7528e-05 2.08e-07 
7000 5 2.4531e-05 2.2e-07 
7001 5 2.6589e-05 1e-07 
7002 6 2.3305e-05 8.9e-08 
7003 5 2.5641e-05 2.07e-07 
7004 5 2.4728e-05 9.2e-08 
7005 5 3.6886e-05 4.18e-07 
7006 6 2.7697e-05 2.78e-07 
7007 5 2.4215e-05 1.42e-07 
7008 5 2.1491e-05 6.22e-07 
7009 5 2.5798e-05 1.99e-07 
7010 5 1.8808e-05 2.02e-07 
7011 5 2.5853e-05 2.03e-07 
7012 5 2.4133e-05 2.01e-07 
7013 6 2.8699e-05 2.86e-07 
7014 5 1.9576e-05 1.78e-07 
7015 5 1.8701e-05 1.78e-07 
7016 5 2.1704e-05 9.6e-08 
7017 5 2.3235e-05 1.92e-07 
7018 5 1.8519e-05 6.1e-08 
7019 6 2.7543e-05 2.41e-07 
7020 5 2.1948e-05 2.18e-07 
7021 4 1.7649e-05 2.2e-07 
7022 5 2.0771e-05 1.99e-07 
7023 5 2.2098e-05 1.76e-07 
7024 5 2.1854e-05 7.3e-08 
7025 6 2.5859e-05 2.91e-07 
7026 6 2.4838e-05 2.2e-07 
7027 5 2.3129e-05 1.78e-07 
7028 5 2.1749e-05 2.24e-07 
7029 5 2.2993e-05 7.8e-08 
7030 5 1.8394e-05 2.95e-07 
7031 6 3.2097e-05 9.4e-08 
7032 5 2.2074e-05 7e-08 
7033 4 1.4286e-05 8e-08 
7034 5 1.6969e-05 6.3e-08 
7035 5 1.7782e-05 6e-08 
7036 5 2.2668e-05 3.36e-07 
7037 5 2.2362e-05 2e-07 
7038 5 1.8155e-05 7.3e-08 
7039 5 2.2033e-05 2.03e-07 
7040 5 2.4619e-05 2.21e-07 
7041 5 2.2787e-05 1.95e-07 
7042 5 1.901e-05 7.3e-08 
7043 5 1.9603e-05 1.9e-07 
7044 5 2.2142e-05 1.85e-07 
7045 5 2.5046e-05 2.1e-07 
7046 6 2.5679e-05 2.41e-07 
7047 6 3.2697e-05 2.32e-07 
7048 5 2.4742e-05 2.85e-07 
7049 4 1.6272e-05 2.02e-07 
7050 5 1.9557e-05 2.26e-07 
7051 5 2.3698e-05 6e-08 
7052 5 2.2999e-05 6.8e-08 
7053 5 2.0993e-05 2.37e-07 
7054 6 2.6705e-05 2.48e-07 
7055 5 1.9857e-05 1.84e-07 
7056 5 2.2538e-05 2.02e-07 
7057 5 2.1511e-05 6e-08 
7058 6 2.5926e-05 9.4e-08 
7059 5 2.437e-05 9.1e-08 
7060 5 1.9995e-05 2e-07 
7061 5 2.3881e-05 2.26e-07 
7062 5 2.0021e-05 1.9e-07 
7063 5 2.074e-05 8.9e-08 
7064 5 2.0923e-05 2.77e-07 
7065 5 2.1455e-05 2.19e-07 
7066 6 2.3778e-05 1.27e-07 
7067 5 2.0453e-05 2.16e-07 
7068 5 2.5125e-05 1.64e-07 
7069 5 2.0442e-05 5.9e-08 
7070 5 1.9361e-05 7.5e-08 
7071 6 3.2055e-05 2.5e-07 
7072 5 2.2731e-05 2.01e-07 
7073 5 2.1251e-05 1.97e-07 
7074 5 1.8345e-05 1.81e-07 
7075 5 1.9989e-05 1.39e-07 
7076 5 2.4313e-05 6e-08 
7077 5 2.0653e-05 1.1e-07 
7078 5 1.9278e-05 5.5e-08 
7079 5 2.0509e-05 2.97e-07 
7080 5 2.571e-05 1.94e-07 
7081 5 2.0923e-05 6.5e-08 
7082 5 1.7075e-05 7e-08 
7083 5 2.1847e-05 2.32e-07 
7084 5 2.3912e-05 9.5e-08 
7085 5 2.2062e-05 1.88e-07 
7086 5 9.197e-05 2.01e-07 
7087 6 3.0004e-05 2.63e-07 
7088 5 2.4891e-05 7.6e-08 
7089 5 2.217e-05 5.9e-08 
7090 5 1.7518e-05 2.55e-07 
7091 5 2.3779e-05 2.72e-07 
7092 5 2.2047e-05 1.97e-07 
7093 5 6.2857e-05 5.36e-07 
7094 6 2.9813e-05 1.34e-07 
7095 5 2.012e-05 8.2e-08 
7096 6 2.8978e-05 2.27e-07 
7097 5 2.259e-05 9e-08 
7098 5 1.7056e-05 2.23e-07 
7099 5 2.4205e-05 1.01e-07 
7100 5 1.9868e-05 3.02e-07 
7101 5 2.2384e-05 1.52e-07 
7102 5 1.8415e-05 2.06e-07 
7103 5 2.174e-05 6.8e-08 
7104 5 1.9771e-05 1.98e-07 
7105 5 2.2345e-05 6.7e-08 
7106 6 2.4152e-05 1.01e-07 
7107 5 2.2422e-05 2.17e-07 
7108 5 2.2658e-05 1.72e-07 
7109 5 2.0593e-05 5.8e-08 
7110 6 2.3861e-05 1.41e-07 
7111 5 2.1621e-05 5.3e-08 
7112 5 2.0714e-05 7.2e-08 
7113 5 1.9979e-05 9.2e-08 
7114 5 1.6662e-05 3.02e-07 
7115 5 2.0857e-05 1.33e-07 
7116 5 2.0299e-05 2.31e-07 
7117 5 2.566e-05 9.2e-08 
7118 6 2.6196e-05 2.46e-07 
7119 5 2.3712e-05 5.4e-08 
7120 5 1.9128e-05 1.94e-07 
7121 5 2.3876e-05 1.94e-07 
7122 6 2.5793e-05 2.36e-07 
7123 5 2.0271e-05 8.1e-08 
7124 5 2.1562e-05 6.1e-08 
7125 4 1.6823e-05 2.49e-07 
7126 5 1.9058e-05 1.92e-07 
7127 5 2.0743e-05 6.5e-08 
7128 5 2.2332e-05 5.8e-08 
7129 5 2.3471e-05 1.23e-07 
7130 6 2.2401e-05 3.39e-07 
7131 5 2.4117e-05 8.3e-08 
7132 5 1.9797e-05 1.1e-07 
7133 4 1.6649e-05 2.4e-07 
7134 5 1.8978e-05 1.83e-07 
7135 5 1.9173e-05 7.4e-08 
7136 5 4.7557e-05 9e-08 
7137 5 2.2313e-05 2.62e-07 
7138 6 2.3405e-05 1.17e-07 
7139 5 2.4354e-05 1.85e-07 
7140 5 2.186e-05 7.3e-08 
7141 5 2.193e-05 6.2e-08 
7142 5 1.7321e-05 9.2e-08 
7143 5 2.2142e-05 2.42e-07 
7144 5 2.3019e-05 6e-08 
7145 6 2.7122e-05 9.2e-08 
7146 6 2.3291e-05 1.12e-07 
7147 5 2.2709e-05 6e-08 
7148 5 2.2892e-05 3.18e-07 
7149 5 2.3497e-05 5.9e-08 
7150 6 2.2212e-05 9e-08 
7151 5 2.1966e-05 2.12e-07 
7152 5 2.3631e-05 2.78e-07 
7153 4 1.9614e-05 1.83e-07 
7154 5 1.8309e-05 7.4e-08 
7155 5 1.9777e-05 6e-08 
7156 5 2.2142e-05 4.25e-07 
7157 5 2.4271e-05 1.96e-07 
7158 6 2.3916e-05 2.39e-07 
7159 5 2.4665e-05 2.17e-07 
7160 5 2.2653e-05 1.75e-07 
7161 5 2.2534e-05 6.9e-08 
7162 5 1.6774e-05 2.52e-07 
7163 5 2.6522e-05 1.02e-07 
7164 5 2.4018e-05 2.2e-07 
7165 4 1.4741e-05 1.89e-07 
7166 6 2.3992e-05 7.8e-08 
7167 6 2.6946e-05 2.29e-07 
7168 5 3.3206e-05 2.25e-07 
7169 5 2.227e-05 1.01e-07 
7170 6 3.0709e-05 6.13e-07 
7171 5 3.9599e-05 5.83e-07 
7172 5 4.0313e-05 4.73e-07 
7173 5 4.5612e-05 4.36e-07 
7174 5 4.4835e-05 5.18e-07 
7175 5 4.3655e-05 4.42e-07 
7176 5 4.6137e-05 5.83e-07 
7177 5 5.1279e-05 5.69e-07 
7178 5 3.9524e-05 3.6e-07 
7179 5 3.4249e-05 3.87e-07 
7180 5 3.0985e-05 1.92e-07 
7181 4 1.559e-05 1.85e-07 
7182 6 2.4685e-05 2.34e-07 
7183 5 1.9775e-05 7.4e-08 
7184 5 1.9703e-05 7.5e-08 
7185 5 2.0185e-05 4.27e-07 
7186 5 1.8213e-05 1.86e-07 
7187 5 2.2126e-05 9.3e-08 
7188 5 2.2582e-05 6.7e-08 
7189 5 2.3551e-05 3.88e-07 
7190 6 2.5428e-05 7.55e-07 
7191 5 5.48e-05 3.41e-07 
7192 5 3.2463e-05 2.95e-07 
7193 5 3.0839e-05 6.7e-08 
7194 5 1.9764e-05 8.1e-08 
7195 5 1.9566e-05 7e-08 
7196 5 2.1941e-05 4.2e-07 
7197 5 2.5922e-05 3.34e-07 
7198 5 4.7402e-05 2.73e-07 
7199 6 3.6337e-05 3.18e-07 
7200 5 2.7885e-05 1.94e-07 
7201 5 2.1165e-05 1.03e-07 
7202 6 2.6141e-05 2.67e-07 
7203 5 2.1788e-05 1.75e-07 
7204 5 2.4744e-05 1.48e-07 
7205 5 2.0354e-05 1.72e-07 
7206 6 2.5822e-05 2.35e-07 
7207 5 2.1071e-05 2.26e-07 
7208 5 2.1526e-05 2.54e-07 
7209 5 2.4966e-05 5.7e-08 
7210 6 2.3928e-05 9.9e-08 
7211 5 2.3153e-05 2.35e-07 
7212 5 2.1996e-05 9.3e-08 
7213 5 2.2421e-05 1.43e-07 
7214 6 3.7343e-05 1.26e-07 
7215 5 2.1065e-05 2.06e-07 
7216 5 2.2549e-05 2.14e-07 
7217 5 2.394e-05 7.6e-08 
7218 5 1.7502e-05 4.32e-07 
7219 6 3.6551e-05 2.53e-07 
7220 5 2.4005e-05 2.25e-07 
7221 5 2.0779e-05 1.36e-07 
7222 5 1.6812e-05 5.6e-08 
7223 5 2.3236e-05 6.5e-08 
7224 5 2.3463e-05 2.51e-07 
7225 5 2.3007e-05 2.68e-07 
7226 5 1.9445e-05 1.81e-07 
7227 5 2.1842e-05 6.4e-08 
7228 5 2.2826e-05 2.21e-07 
7229 5 2.2541e-05 1.94e-07 
7230 6 2.5601e-05 8.6e-08 
7231 5 2.3332e-05 1.98e-07 
7232 6 2.8581e-05 9.8e-08 
7233 5 2.2068e-05 2.13e-07 
7234 5 2.1581e-05 1.8e-07 
7235 5 1.9639e-05 5.8e-08 
7236 5 2.1386e-05 2.17e-07 
7237 5 2.1939e-05 1.54e-07 
7238 6 2.4326e-05 1.14e-07 
7239 6 2.9669e-05 7.2e-08 
7240 5 2.1278e-05 2.28e-07 
7241 5 2.1733e-05 6.8e-08 
7242 5 1.7728e-05 3.33e-07 
7243 5 3.2692e-05 8.1e-08 
7244 5 2.1809e-05 3.05e-07 
7245 5 2.3635e-05 7.4e-08 
7246 5 1.852e-05 5.6e-08 
7247 5 2.588e-05 2.23e-07 
7248 5 2.1969e-05 5.9e-08 
7249 5 2.473e-05 5.7e-08 
7250 6 2.5982e-05 2.12e-07 
7251 5 2.4604e-05 7e-08 
7252 5 1.9974e-05 5.8e-08 
7253 5 2.4125e-05 5.9e-08 
7254 6 2.6367e-05 4.44e-07 
7255 5 2.0733e-05 7.7e-08 
7256 5 2.066e-05 8.2e-08 
7257 5 2.6891e-05 5.06e-07 
7258 5 2.1635e-05 1.93e-07 
7259 7 3.8791e-05 1.82e-07 
7260 5 2.1205e-05 5.9e-08 
7261 4 1.7323e-05 8.6e-08 
7262 5 1.9422e-05 1.62e-07 
7263 5 2.2347e-05 1.81e-07 
7264 5 2.153e-05 7.4e-08 
7265 5 2.1785e-05 6e-08 
7266 6 2.5677e-05 1.08e-07 
7267 5 2.1307e-05 2.56e-07 
7268 5 2.3049e-05 5.7e-08 
7269 5 2.5378e-05 7.08e-07 
7270 6 2.7479e-05 2.32e-07 
7271 5 2.4081e-05 2.03e-07 
7272 5 2.176e-05 1.87e-07 
7273 5 2.4094e-05 2.13e-07 
7274 6 2.6373e-05 3.84e-07 
7275 5 2.0257e-05 1.73e-07 
7276 5 2.7315e-05 1.14e-07 
7277 6 3.3179e-05 1e-07 
7278 5 1.7837e-05 2.04e-07 
7279 5 2.7642e-05 6.8e-08 
7280 5 2.5489e-05 2.08e-07 
7281 5 2.21e-05 7.1e-08 
7282 6 2.5157e-05 1.2e-07 
7283 5 2.0614e-05 2.23e-07 
7284 5 2.2076e-05 7.4e-08 
7285 4 1.6464e-05 2.16e-07 
7286 5 2.1994e-05 2.17e-07 
7287 5 2.3053e-05 1.27e-07 
7288 5 2.035e-05 7.6e-08 
7289 6 2.7164e-05 1.25e-07 
7290 6 2.8062e-05 4.3e-07 
7291 6 3.2769e-05 1e-07 
7292 5 2.1489e-05 2.26e-07 
7293 5 2.3851e-05 3.51e-07 
7294 5 2.008e-05 1.78e-07 
7295 5 2.02e-05 1.65e-07 
7296 5 2.4204e-05 5.6e-08 
7297 4 1.4703e-05 7.5e-08 
7298 5 1.9075e-05 7.1e-08 
7299 6 3.2542e-05 2.88e-07 
7300 5 2.6773e-05 2.09e-07 
7301 5 2.1637e-05 2.69e-07 
7302 5 2.0222e-05 1.11e-07 
7303 5 2.2398e-05 5.6e-08 
7304 5 2.3562e-05 2.36e-07 
7305 6 2.9053e-05 2.31e-07 
7306 5 1.8364e-05 8.9e-08 
7307 5 2.0654e-05 1.87e-07 
7308 5 2.5464e-05 1.36e-07 
7309 5 4.0112e-05 9e-08 
7310 6 2.3569e-05 2.43e-07 
7311 5 2.5019e-05 6.7e-08 
7312 5 3.3652e-05 3.33e-07 
7313 4 1.8557e-05 1.77e-07 
7314 6 2.3707e-05 2.17e-07 
7315 5 2.0695e-05 5.8e-08 
7316 5 2.4284e-05 2.25e-07 
7317 5 2.1473e-05 7.1e-08 
7318 6 2.5354e-05 2.3e-07 
7319 5 2.5884e-05 5.9e-08 
7320 5 2.1682e-05 2.92e-07 
7321 5 2.2465e-05 2.04e-07 
7322 5 1.9976e-05 1.79e-07 
7323 5 2.3685e-05 1.51e-07 
7324 5 2.208e-05 2.35e-07 
7325 5 2.433e-05 2.28e-07 
7326 5 2.3557e-05 1.81e-07 
7327 6 3.1499e-05 2.01e-07 
7328 5 2.1899e-05 5.9e-08 
7329 5 2.0627e-05 5.8e-08 
7330 5 2.0067e-05 1.98e-07 
7331 5 2.4035e-05 3.83e-07 
7332 5 2.2215e-05 8.9e-08 
7333 5 2.1212e-05 1.02e-07 
7334 5 2.5342e-05 3.91e-07 
7335 5 2.2311e-05 1.81e-07 
7336 6 2.914e-05 2.54e-07 
7337 5 2.1993e-05 5.8e-08 
7338 5 1.7735e-05 1.89e-07 
7339 6 3.1747e-05 2.27e-07 
7340 5 2.1688e-05 2.13e-07 
7341 5 2.2028e-05 5.7e-08 
7342 5 1.9815e-05 2.08e-07 
7343 5 2.1289e-05 2.08e-07 
7344 5 2.1901e-05 6e-08 
7345 5 2.0383e-05 2.5e-07 
7346 6 2.7352e-05 4.57e-07 
7347 5 2.2704e-05 1.21e-07 
7348 5 2.0199e-05 9.1e-08 
7349 5 2.1964e-05 2.29e-07 
7350 6 2.732e-05 2.41e-07 
7351 6 3.7342e-05 2.52e-07 
7352 5 2.4458e-05 5.8e-08 
7353 5 2.059e-05 5.6e-08 
7354 6 2.5126e-05 7.6e-08 
7355 5 1.9935e-05 5.7e-08 
7356 5 2.1919e-05 8.9e-08 
7357 5 1.9175e-05 9.7e-08 
7358 6 2.6264e-05 1.34e-07 
7359 5 2.4072e-05 6e-08 
7360 5 1.9664e-05 7.5e-08 
7361 5 2.0485e-05 7.9e-08 
7362 5 3.9403e-05 7e-08 
7363 5 2.1692e-05 6.6e-07 
7364 5 2.5291e-05 2.06e-07 
7365 5 2.3018e-05 1.6e-07 
7366 5 2.0885e-05 2.11e-07 
7367 5 2.2346e-05 1.63e-07 
7368 5 2.0425e-05 2.1e-07 
7369 5 2.1264e-05 5.9e-08 
7370 5 1.833e-05 5.9e-08 
7371 5 2.6068e-05 5.7e-08 
7372 5 2.4441e-05 8.9e-08 
7373 5 1.9726e-05 4.57e-07 
7374 6 3.0337e-05 1.46e-07 
7375 5 2.2434e-05 1.52e-07 
7376 5 2.3175e-05 2.04e-07 
7377 5 2.2302e-05 7.8e-08 
7378 5 1.9275e-05 2.02e-07 
7379 5 3.6347e-05 8.8e-08 
7380 5 2.3879e-05 7.8e-08 
7381 5 2.4443e-05 6.6e-08 
7382 6 2.9393e-05 3.04e-07 
7383 5 2.4153e-05 8.4e-08 
7384 5 2.4753e-05 7.8e-08 
7385 5 2.5311e-05 2.37e-07 
7386 5 2.1721e-05 5.6e-08 
7387 6 2.8294e-05 1.17e-07 
7388 5 2.0539e-05 7.6e-08 
7389 5 2.7019e-05 7e-08 
7390 6 2.3137e-05 3.3e-07 
7391 5 2.7161e-05 8.3e-08 
7392 5 2.3543e-05 4.42e-07 
7393 4 2.2317e-05 2.19e-07 
7394 6 2.6992e-05 1.25e-07 
7395 5 1.9432e-05 2.04e-07 
7396 5 2.2224e-05 6.2e-08 
7397 5 2.1904e-05 2.51e-07 
7398 5 2.3524e-05 1.62e-07 
7399 5 2.4736e-05 1.72e-07 
7400 5 2.0869e-05 9.2e-08 
7401 5 2.3272e-05 4.2e-07 
7402 5 2.0273e-05 5.7e-08 
7403 5 2.3497e-05 2.17e-07 
7404 5 2.276e-05 6e-08 
7405 5 2.3101e-05 2.09e-07 
7406 6 2.7772e-05 9.4e-08 
7407 5 2.2073e-05 1.81e-07 
7408 5 2.2181e-05 5.9e-08 
7409 6 3.0112e-05 2.46e-07 
7410 6 2.5893e-05 1.05e-07 
7411 6 3.3533e-05 7.6e-08 
7412 5 2.1111e-05 7.4e-08 
7413 5 2.3612e-05 2.51e-07 
7414 6 2.7562e-05 2.49e-07 
7415 5 2.0189e-05 1.9e-07 
7416 5 2.3383e-05 1.47e-07 
7417 4 1.7479e-05 2.03e-07 
7418 6 2.6604e-05 2.29e-07 
7419 5 2.5676e-05 6.6e-08 
7420 5 2.1473e-05 7.4e-08 
7421 6 2.726e-05 7.4e-08 
7422 6 2.6478e-05 1e-07 
7423 5 2.0779e-05 1e-07 
7424 5 1.9949e-05 4.05e-07 
7425 5 2.5505e-05 5.9e-08 
7426 6 2.3324e-05 8.7e-08 
7427 6 3.0209e-05 9.1e-08 
7428 5 2.6523e-05 2.01e-07 
7429 4 1.6093e-05 8.9e-08 
7430 6 2.3126e-05 2.39e-07 
7431 5 2.5715e-05 2.05e-07 
7432 5 2.3893e-05 1.77e-07 
7433 5 2.1072e-05 2.81e-07 
7434 6 2.3853e-05 7.5e-08 
7435 5 3.4436e-05 2.03e-07 
7436 5 2.1909e-05 1.72e-07 
7437 5 2.2776e-05 1.81e-07 
7438 5 1.983e-05 1.79e-07 
7439 5 2.4192e-05 6e-08 
7440 5 2.0379e-05 1.91e-07 
7441 5 2.2972e-05 3.12e-07 
7442 5 1.9532e-05 1.65e-06 
7443 6 2.9569e-05 2.17e-07 
7444 5 2.2584e-05 3.32e-07 
7445 4 1.5927e-05 1.83e-07 
7446 7 3.0485e-05 1.31e-07 
7447 6 3.0141e-05 5.86e-07 
7448 5 2.3781e-05 1.93e-07 
7449 5 2.1749e-05 6.1e-08 
7450 5 1.7987e-05 2.11e-07 
7451 6 3.1659e-05 7.7e-08 
7452 5 2.3119e-05 1.99e-07 
7453 5 2.2882e-05 7.3e-08 
7454 6 2.4011e-05 2.48e-07 
7455 5 2.0922e-05 1.82e-07 
7456 5 2.3251e-05 8.8e-08 
7457 5 2.2309e-05 3.16e-07 
7458 6 2.4623e-05 2.49e-07 
7459 5 2.7857e-05 6.9e-08 
7460 5 2.3148e-05 9.3e-08 
7461 5 2.2441e-05 2.86e-07 
7462 5 2.0967e-05 1.3e-07 
7463 5 2.212e-05 2.1e-07 
7464 5 2.2546e-05 2.25e-07 
7465 5 2.1055e-05 6e-08 
7466 5 1.7299e-05 1.83e-07 
7467 5 2.4782e-05 5.5e-08 
7468 5 2.1048e-05 2.22e-07 
7469 5 2.155e-05 2.14e-07 
7470 6 2.5067e-05 2.59e-07 
7471 5 2.5327e-05 5.8e-08 
7472 5 2.1671e-05 2.14e-07 
7473 5 2.4533e-05 3.25e-07 
7474 5 3.2737e-05 1.08e-07 
7475 5 2.0857e-05 1.81e-07 
7476 5 2.1966e-05 2.12e-07 
7477 5 2.2106e-05 7.9e-08 
7478 6 2.5078e-05 1.74e-07 
7479 5 2.7177e-05 7.6e-08 
7480 5 2.0078e-05 7.1e-08 
7481 5 2.0681e-05 2.16e-07 
7482 5 1.9656e-05 7.7e-08 
7483 5 2.2433e-05 6.4e-08 
7484 5 2.4939e-05 1.9e-07 
7485 5 2.1629e-05 2.12e-07 
7486 5 1.92e-05 7e-08 
7487 5 2.2443e-05 2.84e-07 
7488 5 2.2063e-05 7.4e-08 
7489 5 4.4164e-05 1.69e-07 
7490 6 2.9224e-05 1.29e-07 
7491 5 2.8464e-05 1.85e-07 
7492 5 2.4166e-05 5.9e-08 
7493 5 2.1231e-05 1.85e-07 
7494 6 2.6795e-05 7.7e-08 
7495 5 1.9849e-05 5.8e-08 
7496 5 2.0041e-05 5.7e-08 
7497 5 2.2126e-05 3.67e-07 
7498 6 2.9138e-05 1.18e-07 
7499 5 2.5304e-05 4.48e-07 
7500 5 2.1233e-05 1.99e-07 
7501 5 3.3605e-05 1.99e-07 
7502 6 2.4829e-05 2.16e-07 
7503 5 2.1997e-05 1.75e-07 
7504 5 2.3443e-05 1.7e-07 
7505 5 2.1595e-05 5.8e-08 
7506 5 1.7371e-05 2.24e-07 
7507 6 3.214e-05 2.36e-07 
7508 5 2.453e-05 6e-08 
7509 5 2.105e-05 5.9e-08 
7510 5 1.7927e-05 5.7e-08 
7511 5 2.2835e-05 6.9e-08 
7512 6 3.2998e-05 1.1e-07 
7513 5 2.4237e-05 9.2e-08 
7514 5 1.7063e-05 1.06e-07 
7515 5 1.9318e-05 5.4e-08 
7516 5 2.0929e-05 5.7e-08 
7517 5 2.3776e-05 5.9e-08 
7518 6 2.3959e-05 9.1e-08 
7519 6 3.0579e-05 9e-08 
7520 6 2.7095e-05 4.27e-07 
7521 5 2.3767e-05 5.9e-08 
7522 5 1.7039e-05 6.86e-07 
7523 5 2.8674e-05 2.05e-07 
7524 5 6.6795e-05 1.53e-07 
7525 5 2.5761e-05 7.9e-08 
7526 5 1.7457e-05 6.1e-08 
7527 5 2.3706e-05 6.7e-08 
7528 5 2.2697e-05 5.5e-08 
7529 5 2.22e-05 8.4e-08 
7530 5 1.6308e-05 5.6e-08 
7531 5 2.3887e-05 3.76e-07 
7532 5 2.6141e-05 6.1e-08 
7533 5 2.4002e-05 8.8e-08 
7534 6 2.6211e-05 3.28e-07 
7535 5 2.2253e-05 1.78e-07 
7536 5 2.6598e-05 1.51e-07 
7537 5 2.357e-05 1.99e-07 
7538 6 2.3657e-05 9.1e-08 
7539 6 3.1855e-05 3.78e-07 
7540 5 2.5884e-05 2.9e-07 
7541 6 3.1874e-05 1.09e-07 
7542 5 1.8392e-05 1.92e-07 
7543 5 2.332e-05 8.4e-08 
7544 5 2.1425e-05 3.3e-07 
7545 5 2.2676e-05 5.7e-08 
7546 5 1.8363e-05 3.07e-07 
7547 5 2.321e-05 5.6e-08 
7548 5 2.2203e-05 2.06e-07 
7549 4 1.8715e-05 2.15e-07 
7550 5 1.9767e-05 5.8e-08 
7551 5 2.4432e-05 5.8e-08 
7552 5 1.9921e-05 7.5e-08 
7553 6 2.6704e-05 8.7e-08 
7554 6 3.5619e-05 5.71e-07 
7555 5 2.395e-05 2.01e-07 
7556 5 2.0961e-05 2.27e-07 
7557 5 2.2066e-05 5.9e-08 
7558 5 1.8074e-05 2.23e-07 
7559 6 3.1615e-05 3e-07 
7560 5 2.1353e-05 5.6e-08 
7561 4 1.4276e-05 2.44e-07 
7562 6 5.1206e-05 8.7e-08 
7563 5 2.0758e-05 2.14e-07 
7564 5 2.1047e-05 5.9e-08 
7565 5 2.0085e-05 3.18e-07 
7566 5 1.9487e-05 1.9e-07 
7567 5 3.5249e-05 8.9e-08 
7568 5 2.0882e-05 5.7e-08 
7569 5 2.1474e-05 5.7e-08 
7570 6 2.9204e-05 2.18e-07 
7571 5 2.7932e-05 1.91e-07 
7572 5 2.1683e-05 5.7e-08 
7573 5 5.0357e-05 3.37e-07 
7574 6 2.5486e-05 1.24e-07 
7575 5 2.0241e-05 5.8e-08 
7576 5 2.0401e-05 2.45e-07 
7577 4 1.8909e-05 1.93e-07 
7578 6 2.347e-05 2.2e-07 
7579 6 3.2056e-05 2.89e-07 
7580 5 2.2813e-05 6.7e-08 
7581 5 2.194e-05 2.05e-07 
7582 6 2.9854e-05 2.56e-07 
7583 5 2.3689e-05 1.84e-07 
7584 5 2.4291e-05 1.83e-07 
7585 5 2.2335e-05 5.8e-08 
7586 5 0.000104212 2.45e-07 
7587 5 2.54e-05 8.9e-08 
7588 5 1.9475e-05 2.03e-07 
7589 5 3.822e-05 7.7e-08 
7590 5 2.0796e-05 7e-08 
7591 5 2.4271e-05 6e-08 
7592 5 2.2003e-05 3.19e-07 
7593 5 2.4059e-05 1.9e-07 
7594 5 1.8603e-05 5.9e-08 
7595 5 2.0751e-05 1.97e-07 
7596 5 2.1962e-05 1.99e-07 
7597 5 2.2477e-05 1.85e-07 
7598 5 2.1336e-05 7.3e-08 
7599 6 3.1236e-05 1.98e-07 
7600 5 2.2865e-05 5.8e-08 
7601 5 2.0595e-05 9.3e-08 
7602 6 2.1062e-05 8.8e-08 
7603 5 2.1645e-05 3.86e-07 
7604 5 2.7064e-05 6e-08 
7605 5 2.1547e-05 1.96e-07 
7606 5 3.7075e-05 1.56e-07 
7607 5 2.1167e-05 2.98e-07 
7608 5 2.4257e-05 2e-07 
7609 5 2.1504e-05 8.4e-08 
7610 5 2.7966e-05 2.29e-07 
7611 5 2.6268e-05 1.97e-07 
7612 5 2.3364e-05 7.4e-08 
7613 5 2.265e-05 1.86e-07 
7614 6 2.7873e-05 2.21e-07 
7615 6 2.7342e-05 8.9e-08 
7616 5 2.2222e-05 1.02e-07 
7617 5 2.1963e-05 3.47e-07 
7618 5 2.0062e-05 7.4e-08 
7619 6 4.3794e-05 1.12e-07 
7620 5 2.0957e-05 7.7e-08 
7621 5 2.049e-05 6.3e-08 
7622 6 2.4858e-05 9.4e-08 
7623 5 2.1065e-05 6e-08 
7624 5 2.1454e-05 7.3e-08 
7625 5 2.116e-05 4.12e-07 
7626 5 2.4835e-05 5.9e-08 
7627 5 2.2052e-05 1.86e-07 
7628 5 2.2847e-05 1.94e-07 
7629 5 2.1708e-05 1.69e-07 
7630 5 2.1668e-05 6e-08 
7631 5 2.5161e-05 9.4e-08 
7632 5 2.0745e-05 1.97e-07 
7633 5 2.5242e-05 1.61e-07 
7634 6 2.9967e-05 2.32e-07 
7635 5 2.2138e-05 7.2e-08 
7636 5 2.0426e-05 2.07e-07 
7637 5 2.2119e-05 8.8e-08 
7638 6 2.6073e-05 7.8e-08 
7639 5 2.7246e-05 2.28e-07 
7640 5 2.4952e-05 1.95e-07 
7641 5 2.2421e-05 6e-08 
7642 6 2.3778e-05 2.65e-07 
7643 5 2.2983e-05 5.9e-08 
7644 5 2.1083e-05 6e-08 
7645 5 2.6505e-05 1.74e-07 
7646 6 2.7967e-05 2.43e-07 
7647 5 2.2861e-05 1.59e-07 
7648 5 2.1035e-05 5.8e-08 
7649 5 2.2847e-05 5.8e-08 
7650 5 1.8153e-05 2.02e-07 
7651 5 2.7037e-05 1.92e-07 
7652 5 2.1994e-05 1.59e-07 
7653 5 2.6001e-05 3.05e-07 
7654 6 6.0204e-05 4.07e-07 
7655 5 2.9273e-05 1.63e-07 
7656 5 2.4088e-05 9.7e-08 
7657 5 2.3732e-05 6e-08 
7658 5 1.8678e-05 9.7e-08 
7659 6 3.2815e-05 9.4e-08 
7660 5 2.4512e-05 3.39e-07 
7661 5 2.6639e-05 7.3e-08 
7662 5 1.9318e-05 1.95e-07 
7663 6 3.0588e-05 1.1e-07 
7664 5 2.0578e-05 8e-08 
7665 5 2.6638e-05 2.05e-07 
7666 5 2.0964e-05 2.3e-07 
7667 6 3.0348e-05 2.29e-07 
7668 5 2.1925e-05 7.3e-08 
7669 5 2.2572e-05 6.8e-08 
7670 6 2.4921e-05 8.6e-08 
7671 6 3.1318e-05 2.8e-07 
7672 5 2.258e-05 6e-08 
7673 6 3.0721e-05 7.9e-08 
7674 5 1.7282e-05 7.8e-08 
7675 5 1.9352e-05 5.4e-08 
7676 5 2.2767e-05 3.02e-07 
7677 5 2.7436e-05 1.88e-07 
7678 6 2.875e-05 7.8e-08 
7679 5 2.5256e-05 5.5e-08 
7680 5 3.6583e-05 7.4e-08 
7681 4 1.743e-05 7e-08 
7682 7 3.0295e-05 4.37e-07 
7683 5 2.3521e-05 6.7e-08 
7684 5 2.2724e-05 1.35e-07 
7685 6 3.0105e-05 2.59e-07 
7686 6 2.9362e-05 2.44e-07 
7687 5 2.2536e-05 1.83e-07 
7688 5 2.2941e-05 2.79e-07 
7689 5 2.1625e-05 1.144e-06 
7690 5 3.0176e-05 5.38e-07 
7691 5 3.508e-05 2.07e-07 
7692 5 2.8775e-05 2.15e-07 
7693 4 2.1654e-05 1.44e-07 
7694 6 3.2734e-05 9.1e-07 
7695 5 3.1056e-05 2.28e-07 
7696 5 2.7534e-05 2.15e-07 
7697 5 2.9416e-05 2.08e-07 
7698 6 2.9839e-05 1.589e-06 
7699 5 5.6239e-05 5.06e-07 
7700 6 3.234e-05 1.14e-07 
7701 5 2.4772e-05 1.41e-07 
7702 5 2.4058e-05 2.14e-07 
7703 5 2.6335e-05 2.05e-07 
7704 5 2.3375e-05 2.48e-07 
7705 5 3.0567e-05 1.038e-06 
7706 6 3.8101e-05 4.01e-07 
7707 5 3.1004e-05 5.13e-07 
7708 5 3.0032e-05 7.2137e-05 
7709 4 4.1276e-05 2.79e-07 
7710 7 4.3937e-05 3e-07 
7711 5 3.2123e-05 1.09e-07 
7712 5 2.9268e-05 3.01e-07 
7713 5 2.6889e-05 6.25e-07 
7714 6 3.5573e-05 2.138e-06 
7715 5 3.9564e-05 5.7e-07 
7716 5 3.1476e-05 4.59e-07 
7717 5 3.0028e-05 9.77e-07 
7718 6 6.0861e-05 1.014e-06 
7719 5 3.832e-05 2.19e-07 
7720 5 2.6081e-05 1.91e-07 
7721 5 2.681e-05 1.072e-06 
7722 6 6.5751e-05 6.98e-07 
7723 5 4.1833e-05 9.8e-08 
7724 5 0.000128894 7.73e-07 
7725 5 2.6802e-05 1.76e-07 
7726 5 2.3407e-05 1.9e-07 
7727 6 3.0694e-05 2.51e-07 
7728 5 2.0459e-05 1.88e-07 
7729 5 2.1984e-05 2.09e-07 
7730 5 1.9969e-05 1.83e-07 
7731 6 3.3524e-05 3.43e-07 
7732 5 2.2352e-05 1.95e-07 
7733 5 2.3372e-05 2.6e-07 
7734 6 2.7975e-05 8.3e-08 
7735 5 1.9599e-05 6.2e-08 
7736 5 3.751e-05 3.36e-07 
7737 5 2.5319e-05 1.3e-07 
7738 5 1.8214e-05 2.23e-07 
7739 5 2.9726e-05 1.78e-07 
7740 5 2.0431e-05 4.12e-07 
7741 5 2.2193e-05 3.26e-07 
7742 6 2.9004e-05 2.16e-07 
7743 5 2.3028e-05 1.95e-07 
7744 5 2.0768e-05 1.98e-07 
7745 5 2.4227e-05 3.66e-07 
7746 6 2.5994e-05 1.19e-07 
7747 5 2.3281e-05 1.8e-07 
7748 5 2.331e-05 4.01e-07 
7749 5 2.3373e-05 1.95e-07 
7750 5 2.2198e-05 6.4e-08 
7751 5 2.7269e-05 7.9e-08 
7752 5 2.3057e-05 6.1e-08 
7753 5 2.1554e-05 1.02e-07 
7754 5 2.1767e-05 8.09e-07 
7755 5 2.5218e-05 2e-07 
7756 5 2.4568e-05 1.5e-07 
7757 5 2.3297e-05 2.52e-07 
7758 6 2.7219e-05 2.31e-07 
7759 5 2.6203e-05 8.3e-08 
7760 5 4.2192e-05 3.49e-07 
7761 5 2.4139e-05 8.9e-08 
7762 5 1.9402e-05 5.7e-08 
7763 5 2.1421e-05 5.7e-08 
7764 5 2.2372e-05 5.27e-07 
7765 5 2.5614e-05 1.68e-07 
7766 6 2.9837e-05 2.26e-07 
7767 6 3.1658e-05 2.26e-07 
7768 5 2.3526e-05 6.3e-08 
7769 5 2.1211e-05 1.32e-07 
7770 5 1.881e-05 2.96e-07 
7771 5 2.8747e-05 5.9e-08 
7772 5 2.4155e-05 3.06e-07 
7773 5 2.3922e-05 1.95e-07 
7774 5 3.804e-05 2.07e-07 
7775 5 2.318e-05 2.08e-07 
7776 5 2.2163e-05 8.3e-08 
7777 4 1.925e-05 1.04e-07 
7778 6 2.7898e-05 4.28e-07 
7779 5 3.0087e-05 8e-08 
7780 5 2.2277e-05 2.07e-07 
7781 5 2.6633e-05 2.11e-07 
7782 6 3.0478e-05 2.14e-07 
7783 5 2.3133e-05 9.1e-08 
7784 5 2.5601e-05 2.26e-07 
7785 5 2.722e-05 4.61e-07 
7786 6 2.7706e-05 1.07e-07 
7787 6 2.8827e-05 2.67e-07 
7788 5 2.2147e-05 6.1e-08 
7789 5 2.2458e-05 1.96e-07 
7790 5 2.0707e-05 1.56e-07 
7791 7 4.1694e-05 3.54e-07 
7792 5 2.1981e-05 6.2e-08 
7793 5 2.2351e-05 2.15e-07 
7794 5 2.0095e-05 6.5e-08 
7795 5 2.0076e-05 2e-07 
7796 5 2.2854e-05 8e-08 
7797 5 2.4219e-05 7.3e-08 
7798 6 2.4674e-05 3.61e-07 
7799 5 2.707e-05 6.4e-08 
7800 5 2.0977e-05 7.7e-08 
7801 5 2.2864e-05 7e-08 
7802 5 1.8891e-05 5.26e-07 
7803 5 2.4451e-05 2.32e-07 
7804 5 2.1271e-05 2.25e-07 
7805 6 3.0397e-05 8.5e-08 
7806 5 1.7747e-05 6.2e-08 
7807 5 2.1882e-05 2.26e-07 
7808 5 2.4767e-05 2.79e-07 
7809 5 2.2783e-05 2.4e-07 
7810 5 1.9884e-05 2.97e-07 
7811 5 2.5366e-05 2.59e-07 
7812 5 2.5225e-05 1.19e-07 
7813 4 1.5998e-05 8.9e-08 
7814 6 2.6334e-05 4.61e-07 
7815 5 2.21e-05 2.4e-07 
7816 5 2.2434e-05 2.18e-07 
7817 6 2.8808e-05 2.53e-07 
7818 5 1.9842e-05 2.06e-07 
7819 5 2.751e-05 1.2e-07 
7820 5 2.47e-05 1.03e-07 
7821 5 2.6173e-05 2.28e-07 
7822 6 2.5976e-05 1.16e-07 
7823 5 2.07e-05 3.63e-07 
7824 5 2.2569e-05 2.29e-07 
7825 4 1.559e-05 9.8e-08 
7826 6 2.376e-05 1.01e-07 
7827 5 2.2943e-05 3.99e-07 
7828 5 2.5853e-05 2.98e-07 
7829 5 2.1968e-05 6.4e-08 
7830 5 1.9046e-05 3.08e-07 
7831 6 3.1087e-05 1.07e-07 
7832 5 2.3956e-05 2.64e-07 
7833 5 2.3116e-05 2.31e-07 
7834 5 1.9454e-05 6.9e-08 
7835 5 2.0063e-05 1.93e-07 
7836 5 2.4436e-05 1.16e-07 
7837 5 2.4849e-05 3.53e-07 
7838 6 2.5699e-05 2.69e-07 
7839 6 3.1284e-05 9.2e-08 
7840 5 2.219e-05 6.3e-08 
7841 4 1.6429e-05 1.2e-07 
7842 6 2.5534e-05 4.67e-07 
7843 5 2.3256e-05 6.1e-08 
7844 5 2.1696e-05 2.48e-07 
7845 5 2.1496e-05 7.8e-08 
7846 6 2.5375e-05 2.78e-07 
7847 6 2.7954e-05 9.3e-08 
7848 5 2.4603e-05 2.19e-07 
7849 5 4.4612e-05 9.9e-08 
7850 6 2.4562e-05 3.18e-07 
7851 5 2.4631e-05 7.2e-08 
7852 5 2.1558e-05 2.22e-07 
7853 5 2.2688e-05 7.9e-08 
7854 5 2.0374e-05 6.2e-08 
7855 5 2.0895e-05 7.9e-08 
7856 5 2.0982e-05 9.8e-08 
7857 5 1.9421e-05 6.55e-07 
7858 6 3.7195e-05 2.69e-07 
7859 6 3.1775e-05 1.08e-07 
7860 5 2.1253e-05 6.8e-08 
7861 5 2.1505e-05 8.8e-08 
7862 5 2.0129e-05 7.7e-08 
7863 5 1.9876e-05 7e-08 
7864 5 2.0036e-05 4.63e-07 
7865 5 2.5777e-05 1.97e-07 
7866 6 2.4321e-05 2.5e-07 
7867 5 2.2923e-05 6.2e-08 
7868 5 2.2519e-05 2.95e-07 
7869 5 2.3748e-05 7.2e-08 
7870 5 2.0256e-05 2.21e-07 
7871 5 2.4632e-05 6.5e-08 
7872 5 2.3076e-05 6.2e-08 
7873 5 2.3301e-05 2.51e-07 
7874 5 1.9335e-05 7.7e-08 
7875 5 1.8952e-05 2.16e-07 
7876 5 2.3373e-05 7e-08 
7877 5 2.1532e-05 1.42e-07 
7878 6 2.5096e-05 1.01e-07 
7879 6 2.9653e-05 5.02e-07 
7880 5 2.2879e-05 2.24e-07 
7881 5 2.383e-05 6.4e-08 
7882 5 1.7674e-05 7.8e-08 
7883 5 1.9734e-05 7.7e-08 
7884 5 2.288e-05 5.9e-08 
7885 5 2.0437e-05 6.6e-08 
7886 6 2.4943e-05 1.15e-07 
7887 5 2.0395e-05 7.6e-08 
7888 5 2.3155e-05 7.5e-08 
7889 5 2.0506e-05 6.5e-08 
7890 6 2.2408e-05 1.27e-07 
7891 5 2.2595e-05 6.5e-08 
7892 5 2.0914e-05 5.6e-08 
7893 5 2.0393e-05 1.93e-07 
7894 5 1.9549e-05 6.4e-08 
7895 5 1.9168e-05 4.69e-07 
7896 5 2.3571e-05 8.3e-08 
7897 5 2.0375e-05 2.74e-07 
7898 5 1.9173e-05 2.11e-07 
7899 6 2.9086e-05 4.02e-07 
7900 5 2.1301e-05 2.25e-07 
7901 5 2.0993e-05 8.2e-08 
7902 6 2.4542e-05 2.58e-07 
7903 5 2.1533e-05 6.5e-08 
7904 5 2.2499e-05 1.95e-07 
7905 5 2.2056e-05 9.2e-08 
7906 5 2.0003e-05 1.44e-07 
7907 5 2.182e-05 1.98e-07 
7908 5 2.4402e-05 5.9e-08 
7909 4 1.85e-05 8.6e-08 
7910 6 2.5121e-05 2.89e-07 
7911 5 2.4417e-05 8.5e-08 
7912 5 2.2381e-05 6.2e-08 
7913 5 2.3703e-05 2.57e-07 
7914 5 2.0576e-05 9.1e-08 
7915 5 1.8907e-05 2.47e-07 
7916 5 2.5118e-05 8.7e-08 
7917 5 3.5621e-05 2.76e-07 
7918 6 2.6295e-05 2.78e-07 
7919 6 2.9777e-05 3.13e-07 
7920 5 2.4462e-05 2.19e-07 
7921 5 2.4758e-05 8e-08 
7922 6 2.7271e-05 2.98e-07 
7923 5 2.4142e-05 6.2e-08 
7924 5 2.5494e-05 3.1e-07 
7925 5 2.3716e-05 4.08e-07 
7926 5 1.9702e-05 6.1e-08 
7927 5 2.2964e-05 1.91e-07 
7928 5 2.1727e-05 2.02e-07 
7929 5 2.5631e-05 2.2e-07 
7930 6 2.4861e-05 3.51e-07 
7931 5 2.4484e-05 1.7e-07 
7932 5 2.0499e-05 7.8e-08 
7933 5 2.3737e-05 2.38e-07 
7934 6 2.5791e-05 1.11e-07 
7935 5 1.9075e-05 2.68e-07 
7936 5 2.2397e-05 8e-08 
7937 6 2.8866e-05 2.76e-07 
7938 5 1.8697e-05 2.1e-07 
7939 6 3.2358e-05 9.9e-08 
7940 5 2.1312e-05 1.98e-07 
7941 5 2.2312e-05 7.6e-08 
7942 6 2.6023e-05 2.59e-07 
7943 6 2.8956e-05 3.17e-07 
7944 5 2.3114e-05 6.4e-08 
7945 4 1.7284e-05 9.7e-08 
7946 5 1.9545e-05 1.98e-07 
7947 5 2.2712e-05 2.19e-07 
7948 5 2.1878e-05 2.09e-07 
7949 6 2.8009e-05 2.49e-07 
7950 6 2.4823e-05 9.5e-08 
7951 5 2.2817e-05 2.3e-07 
7952 5 2.2728e-05 2.87e-07 
7953 5 2.337e-05 8.5e-08 
7954 5 1.7879e-05 2.11e-07 
7955 5 2.1157e-05 7.7e-08 
7956 5 2.0592e-05 4.74e-07 
7957 4 1.6314e-05 1e-07 
7958 6 2.5202e-05 2.72e-07 
7959 6 2.8022e-05 8e-08 
7960 5 2.1511e-05 2.08e-07 
7961 5 2.126e-05 1.89e-07 
7962 5 1.8318e-05 5.9e-08 
7963 5 2.0506e-05 2.17e-07 
7964 5 2.392e-05 2.03e-07 
7965 5 2.2967e-05 6.6e-08 
7966 5 1.7987e-05 2.05e-07 
7967 5 2.436e-05 1.54e-07 
7968 5 2.2937e-05 2.16e-07 
7969 5 2.4238e-05 1.02e-07 
7970 6 2.3394e-05 2.59e-07 
7971 5 2.3277e-05 2.97e-07 
7972 5 2.2054e-05 6.2e-08 
7973 4 1.7979e-05 2.75e-07 
7974 7 5.1408e-05 6.2e-07 
7975 5 2.2223e-05 6.9e-08 
7976 5 2.4961e-05 1.91e-07 
7977 5 2.3185e-05 2.11e-07 
7978 6 2.6294e-05 8.6e-08 
7979 6 3.1834e-05 2.78e-07 
7980 5 2.6721e-05 1.84e-07 
7981 5 2.2442e-05 3.44e-07 
7982 6 2.4236e-05 2.46e-07 
7983 5 2.2046e-05 2.93e-07 
7984 5 2.456e-05 6.6e-08 
7985 5 2.1585e-05 2.19e-07 
7986 6 2.5459e-05 1.02e-07 
7987 5 2.0754e-05 1.7e-07 
7988 5 2.4538e-05 2.16e-07 
7989 5 2.3008e-05 2.61e-07 
7990 5 1.9181e-05 6.8e-08 
7991 5 2.3633e-05 2.22e-07 
7992 5 3.4757e-05 8.8e-08 
7993 5 2.1654e-05 8.3e-08 
7994 6 2.5442e-05 3.01e-07 
7995 5 2.0749e-05 1.74e-07 
7996 5 2.2787e-05 1.26e-07 
7997 5 2.1838e-05 1.13e-07 
7998 6 2.5016e-05 3.03e-07 
7999 5 2.7197e-05 1e-07 
8000 5 2.2198e-05 7.3e-08 
8001 5 2.3573e-05 2.55e-07 
8002 6 2.5879e-05 9.1e-08 
8003 5 2.0916e-05 6.1e-08 
8004 5 2.1636e-05 6.51e-07 
8005 5 2.4625e-05 3.46e-07 
8006 6 2.4696e-05 1.36e-07 
8007 6 2.707e-05 8.6e-08 
8008 5 2.1635e-05 3.87e-07 
8009 5 2.3914e-05 8.2e-08 
8010 6 2.3408e-05 2.77e-07 
8011 5 2.5316e-05 7.9e-08 
8012 5 2.4182e-05 2.22e-07 
8013 5 2.1937e-05 2.93e-07 
8014 5 1.9733e-05 9.4e-08 
8015 5 1.9171e-05 2.13e-07 
8016 5 2.2293e-05 6.5e-08 
8017 5 2.0304e-05 2.32e-07 
8018 5 1.9529e-05 6.5e-08 
8019 5 2.2905e-05 7.5e-08 
8020 5 2.3413e-05 1.05e-07 
8021 5 2.1011e-05 7.9e-08 
8022 6 2.3336e-05 1.08e-07 
8023 5 2.0352e-05 3.75e-07 
8024 5 2.5102e-05 2.14e-07 
8025 5 2.22e-05 2.14e-07 
8026 6 2.4784e-05 1.07e-07 
8027 5 2.148e-05 6.8e-08 
8028 5 2.1793e-05 5.8e-08 
8029 5 2.0188e-05 3.54e-07 
8030 6 2.788e-05 2.08e-07 
8031 5 2.1759e-05 5.9e-08 
8032 5 2.1936e-05 3.74e-07 
8033 5 2.4254e-05 2e-07 
8034 6 2.362e-05 9.7e-08 
8035 5 2.1694e-05 8e-08 
8036 5 2.2789e-05 8e-08 
8037 5 2.2832e-05 2.98e-07 
8038 5 2.0249e-05 6.1e-08 
8039 5 2.3784e-05 5.6e-08 
8040 5 2.293e-05 7.4e-08 
8041 4 1.9714e-05 9.9e-08 
8042 5 1.7389e-05 6.9e-08 
8043 5 2.0049e-05 8.6e-08 
8044 5 2.2444e-05 5.41e-07 
8045 5 2.8771e-05 6.8e-08 
8046 6 2.6943e-05 1.71e-07 
8047 5 2.2495e-05 8.1e-08 
8048 5 2.0731e-05 9.5e-08 
8049 5 2.4886e-05 5.9e-08 
8050 5 1.7374e-05 6.4e-08 
8051 6 3.096e-05 3.65e-07 
8052 5 2.3679e-05 6.4e-08 
8053 5 2.4708e-05 1.17e-07 
8054 5 1.7571e-05 5.9e-08 
8055 5 1.9177e-05 5.8e-08 
8056 5 2.2127e-05 6.4e-08 
8057 5 2.2923e-05 3.14e-07 
8058 5 2.0405e-05 7.6e-08 
8059 5 2.4273e-05 6.7e-08 
8060 5 2.4243e-05 6.4e-08 
8061 5 2.7073e-05 2.49e-07 
8062 6 2.7408e-05 1.17e-07 
8063 5 2.0171e-05 6e-08 
8064 5 4.1019e-05 6.37e-07 
8065 6 3.2795e-05 1.03e-07 
8066 6 2.7398e-05 1.1e-07 
8067 6 2.8641e-05 2.81e-07 
8068 5 2.4157e-05 8e-08 
8069 6 3.0417e-05 2.68e-07 
8070 5 1.8854e-05 6.5e-08 
8071 5 2.1222e-05 8.4e-08 
8072 5 2.1469e-05 3.71e-07 
8073 5 2.5982e-05 2.14e-07 
8074 6 2.6395e-05 4.95e-07 
8075 5 2.334e-05 1.98e-07 
8076 5 2.1793e-05 2.15e-07 
8077 5 2.4402e-05 8.8e-08 
8078 6 2.4668e-05 1.56e-07 
8079 5 2.5004e-05 6.7e-08 
8080 5 2.2733e-05 3.05e-07 
8081 6 3.1439e-05 2.46e-07 
8082 5 1.9776e-05 9e-08 
8083 5 2.1988e-05 2.17e-07 
8084 5 2.2672e-05 2.05e-07 
8085 5 2.3835e-05 1.36e-07 
8086 6 2.411e-05 2.56e-07 
8087 5 2.392e-05 1.25e-07 
8088 5 2.2912e-05 7.1e-08 
8089 4 2.6042e-05 2.57e-07 
8090 5 1.9481e-05 8.2e-08 
8091 5 2.2531e-05 2.08e-07 
8092 5 2.2523e-05 5.8e-08 
8093 5 2.1393e-05 6.3e-08 
8094 5 2.0166e-05 6.3e-08 
8095 5 1.9851e-05 2.4e-07 
8096 5 2.5339e-05 3.04e-07 
8097 5 2.2597e-05 7.5e-08 
8098 5 1.8211e-05 2.17e-07 
8099 5 2.71e-05 8e-08 
8100 5 2.1606e-05 2.24e-07 
8101 5 2.4211e-05 3.11e-07 
8102 6 2.464e-05 1.03e-07 
8103 6 2.9399e-05 1.07e-07 
8104 5 2.4256e-05 5.9e-08 
8105 5 2.136e-05 4.88e-07 
8106 5 1.9952e-05 8e-08 
8107 6 2.7776e-05 2.76e-07 
8108 5 2.1771e-05 2.06e-07 
8109 5 3.0438e-05 2.31e-07 
8110 6 2.6477e-05 2.7e-07 
8111 6 3.1541e-05 2.7e-07 
8112 5 2.701e-05 1.18e-07 
8113 5 2.242e-05 8.3e-08 
8114 6 2.2763e-05 1.04e-07 
8115 5 1.9412e-05 9e-08 
8116 5 2.3364e-05 8.2e-08 
8117 5 2.2136e-05 3.62e-07 
8118 5 2.2818e-05 7.9e-08 
8119 5 2.5023e-05 6.1e-08 
8120 5 2.2987e-05 2.14e-07 
8121 5 2.2955e-05 6.7e-08 
8122 6 2.5511e-05 1e-07 
8123 5 2.0282e-05 6e-08 
8124 5 2.1195e-05 6.4e-08 
8125 5 2.0788e-05 6.7e-08 
8126 5 3.0984e-05 4.13e-07 
8127 6 3.1084e-05 1.07e-07 
8128 5 2.2059e-05 2.51e-07 
8129 5 2.2022e-05 7.9e-08 
8130 6 2.5224e-05 2.84e-07 
8131 5 2.6307e-05 1.88e-07 
8132 5 2.3915e-05 5.9e-08 
8133 5 2.2267e-05 6.1e-08 
8134 5 2.1238e-05 5.8e-08 
8135 5 1.8847e-05 2.66e-07 
8136 5 2.6871e-05 2e-07 
8137 5 3.3791e-05 9.9e-08 
8138 6 2.8355e-05 2.11e-07 
8139 5 2.5475e-05 1.67e-07 
8140 5 2.4094e-05 8.3e-08 
8141 5 6.1482e-05 9.6e-08 
8142 6 2.6308e-05 1.23e-07 
8143 5 2.3006e-05 7.9e-08 
8144 5 2.2863e-05 8.2e-08 
8145 5 1.9894e-05 3.54e-07 
8146 6 2.7106e-05 8.2e-08 
8147 5 2.3106e-05 1.92e-07 
8148 5 2.2381e-05 5.9e-08 
8149 5 2.0947e-05 2.62e-07 
8150 6 2.7485e-05 9.9e-08 
8151 5 2.3085e-05 2.46e-07 
8152 5 2.5086e-05 1.58e-07 
8153 5 2.132e-05 2.31e-07 
8154 6 2.2532e-05 1.11e-07 
8155 5 1.9314e-05 5.3e-08 
8156 5 2.208e-05 3.27e-07 
8157 5 2.2609e-05 2.08e-07 
8158 5 2.019e-05 2.11e-07 
8159 6 2.9426e-05 9.7e-08 
8160 5 2.063e-05 5.7e-08 
8161 5 2.0584e-05 1.87e-07 
8162 6 2.4255e-05 1.2e-07 
8163 6 2.8141e-05 9.1e-08 
8164 5 2.1756e-05 2.54e-07 
8165 5 2.3223e-05 2.14e-07 
8166 6 2.5861e-05 2.47e-07 
8167 5 2.2667e-05 6.5e-08 
8168 5 2.1926e-05 2.04e-07 
8169 5 2.4038e-05 8e-08 
8170 6 2.3449e-05 8.2e-08 
8171 6 3.0613e-05 1.11e-07 
8172 5 2.1239e-05 2.68e-07 
8173 4 4.0105e-05 8.7e-08 
8174 6 2.6524e-05 2.48e-07 
8175 5 2.0026e-05 7.8e-08 
8176 5 2.1244e-05 2.25e-07 
8177 5 2.6279e-05 2.48e-07 
8178 6 2.3039e-05 1.23e-07 
8179 6 2.9137e-05 2.79e-07 
8180 5 2.2594e-05 6.6e-08 
8181 5 2.4466e-05 3.28e-07 
8182 6 2.6088e-05 7.7e-08 
8183 5 2.1842e-05 1.53e-07 
8184 5 2.0204e-05 7.9e-08 
8185 5 2.5738e-05 6.4e-08 
8186 6 2.3388e-05 2.74e-07 
8187 6 3.3117e-05 2.24e-07 
8188 5 2.6175e-05 2.09e-07 
8189 5 4.7608e-05 3.46e-07 
8190 5 2.117e-05 1.61e-07 
8191 5 2.2788e-05 6e-08 
8192 5 2.4298e-05 1.61e-07 
8193 5 2.3476e-05 2.41e-07 
8194 5 1.8784e-05 6.1e-08 
8195 5 2.0265e-05 2.16e-07 
8196 5 2.211e-05 4.57e-07 
8197 5 2.2951e-05 8.5e-08 
8198 5 1.7689e-05 8.9e-08 
8199 6 2.84e-05 4.32e-07 
8200 5 2.3814e-05 5.6e-08 
8201 6 3.0359e-05 2.82e-07 
8202 5 1.9213e-05 6.1e-08 
8203 5 2.2083e-05 1.94e-07 
8204 5 2.1369e-05 3.47e-07 
8205 6 3.1875e-05 2.8e-07 
8206 6 2.5073e-05 2.43e-07 
8207 5 2.1838e-05 1.22e-07 
8208 5 2.3246e-05 2.04e-07 
8209 5 2.3127e-05 2.06e-07 
8210 6 2.8365e-05 1.74e-07 
8211 6 2.9424e-05 2.52e-07 
8212 5 2.4121e-05 6.6e-08 
8213 6 2.7464e-05 2.17e-07 
8214 6 2.6163e-05 9.1e-08 
8215 5 1.8551e-05 6.7e-08 
8216 5 2.3787e-05 2.35e-07 
8217 5 2.3647e-05 7.5e-08 
8218 6 2.4699e-05 9.1e-08 
8219 6 2.9176e-05 4.31e-07 
8220 5 2.3807e-05 2.32e-07 
8221 4 1.6565e-05 1.95e-07 
8222 6 2.5472e-05 1.03e-07 
8223 5 2.1929e-05 6.5e-08 
8224 5 2.1319e-05 2.33e-07 
8225 5 2.403e-05 2.31e-07 
8226 6 2.4839e-05 2.69e-07 
8227 5 2.1415e-05 2.36e-07 
8228 5 2.3122e-05 1.17e-07 
8229 5 2.4153e-05 8.9e-08 
8230 5 1.8341e-05 7.4e-08 
8231 5 2.2565e-05 1.04e-07 
8232 5 2.1116e-05 2.75e-07 
8233 5 3.5673e-05 1.06e-07 
8234 6 2.2409e-05 2.78e-07 
8235 5 2.023e-05 2.03e-07 
8236 5 2.3541e-05 6.2e-08 
8237 5 2.4488e-05 2.12e-07 
8238 7 3.2056e-05 1.09e-07 
8239 6 2.8782e-05 2.8e-07 
8240 5 2.2785e-05 2.22e-07 
8241 5 2.187e-05 2.15e-07 
8242 5 1.8801e-05 2.22e-07 
8243 5 2.2301e-05 2.14e-07 
8244 5 2.2105e-05 7.4e-08 
8245 5 2.0776e-05 7.9e-08 
8246 6 2.5652e-05 3.58e-07 
8247 5 2.2965e-05 2.22e-07 
8248 5 2.3474e-05 7.6e-08 
8249 5 2.2304e-05 1.2e-07 
8250 5 2.1961e-05 2.01e-07 
8251 5 2.3294e-05 2.45e-07 
8252 5 2.3687e-05 8.2e-08 
8253 5 2.4564e-05 4.16e-07 
8254 5 1.9759e-05 6.6e-08 
8255 5 1.9114e-05 7.5e-08 
8256 5 2.1586e-05 7.8e-08 
8257 5 2.2178e-05 2.64e-07 
8258 6 2.5296e-05 2.48e-07 
8259 6 3.3556e-05 2.45e-07 
8260 5 2.0864e-05 2.38e-07 
8261 5 2.4358e-05 2.75e-07 
8262 6 2.9719e-05 2.45e-07 
8263 5 2.1294e-05 6.1e-08 
8264 5 2.2321e-05 7.5e-08 
8265 5 2.2544e-05 5.8e-08 
8266 6 2.5144e-05 9.15e-07 
8267 6 3.7622e-05 1.38e-07 
8268 5 2.5386e-05 9.6e-08 
8269 5 2.1931e-05 2.8e-07 
8270 6 2.8775e-05 2.48e-07 
8271 5 2.4192e-05 2.51e-07 
8272 5 2.2114e-05 2.05e-07 
8273 5 2.6177e-05 7.7e-08 
8274 6 2.5113e-05 2.37e-07 
8275 5 2.1379e-05 1.89e-07 
8276 5 2.0733e-05 1.45e-07 
8277 5 2.546e-05 2.78e-07 
8278 5 2.1354e-05 8.1e-08 
8279 6 3.0279e-05 2.63e-07 
8280 5 2.5634e-05 2.64e-07 
8281 5 2.2856e-05 1.29e-07 
8282 6 2.7782e-05 1.27e-07 
8283 5 2.2776e-05 6.5e-08 
8284 5 2.2458e-05 2.3e-07 
8285 5 2.5541e-05 6e-08 
8286 6 2.9315e-05 8.2e-08 
8287 5 2.4571e-05 1.98e-07 
8288 5 3.2273e-05 6.5e-08 
8289 5 2.3253e-05 2.11e-07 
8290 6 2.6237e-05 2.57e-07 
8291 5 2.7257e-05 2.12e-07 
8292 5 2.7506e-05 6.7e-08 
8293 5 2.3234e-05 1.39e-07 
8294 6 2.9593e-05 1.01e-07 
8295 5 2.1467e-05 1.15e-07 
8296 5 2.2457e-05 3.53e-07 
8297 5 2.2398e-05 2.18e-07 
8298 6 2.6531e-05 1.05e-07 
8299 6 2.8e-05 3e-07 
8300 5 2.4796e-05 1.3e-07 
8301 5 2.31e-05 4.85e-07 
8302 5 2.0774e-05 2.46e-07 
8303 5 2.3837e-05 1.94e-07 
8304 5 2.4859e-05 5.8e-08 
8305 4 2.0161e-05 1.78e-07 
8306 6 2.5735e-05 3.02e-07 
8307 5 2.5669e-05 2.1e-07 
8308 5 2.2372e-05 2.08e-07 
8309 5 2.493e-05 6.5e-08 
8310 6 2.4125e-05 2.51e-07 
8311 5 2.4795e-05 1.9e-07 
8312 5 2.273e-05 7.4e-08 
8313 5 2.4874e-05 6.7e-08 
8314 6 2.4408e-05 2.75e-07 
8315 5 2.1198e-05 1.99e-07 
8316 5 2.2017e-05 7.6e-08 
8317 5 2.4351e-05 2.29e-07 
8318 5 1.8257e-05 9.8e-08 
8319 5 2.2024e-05 6.3e-08 
8320 5 2.2815e-05 1.62e-07 
8321 6 3.2016e-05 1.01e-07 
8322 6 2.2833e-05 8.2e-08 
8323 5 2.0189e-05 2.06e-07 
8324 5 2.3141e-05 3.31e-07 
8325 5 2.659e-05 6e-08 
8326 6 2.3801e-05 2.49e-07 
8327 5 2.2829e-05 6.4e-08 
8328 5 2.1423e-05 2.41e-07 
8329 5 2.7639e-05 4.98e-07 
8330 6 7.0032e-05 5.72e-07 
8331 5 3.8608e-05 9.7e-08 
8332 5 2.0895e-05 1.93e-07 
8333 6 3.0442e-05 2.51e-07 
8334 5 1.8347e-05 8.6e-08 
8335 5 2.0053e-05 1.86e-07 
8336 6 3.0225e-05 2.41e-07 
8337 5 2.2284e-05 6.6e-08 
8338 5 1.7838e-05 5.8e-08 
8339 5 2.0533e-05 1.98e-07 
8340 5 2.3478e-05 2.31e-07 
8341 5 2.3041e-05 7.6e-08 
8342 6 2.3762e-05 3.98e-07 
8343 5 2.2497e-05 1.01e-07 
8344 5 2.3895e-05 2.21e-07 
8345 6 2.8398e-05 1.02e-07 
8346 5 1.7188e-05 1.83e-07 
8347 6 2.7182e-05 1.01e-07 
8348 5 1.9964e-05 8e-08 
8349 5 2.1291e-05 6.8e-08 
8350 6 2.2892e-05 2.99e-07 
8351 5 2.3322e-05 6.4e-08 
8352 5 1.9368e-05 2.47e-07 
8353 4 1.7929e-05 1.87e-07 
8354 6 2.8376e-05 1.1e-07 
8355 5 1.9073e-05 1.43e-07 
8356 5 2.0159e-05 3.12e-07 
8357 5 2.4227e-05 1.32e-07 
8358 5 1.9347e-05 1.86e-07 
8359 5 2.1835e-05 1.97e-07 
8360 5 2.3685e-05 2.16e-07 
8361 5 2.3121e-05 8.88e-07 
8362 6 3.1636e-05 3.86e-07 
8363 5 2.3351e-05 2.25e-07 
8364 5 5.4024e-05 5.99e-07 
8365 5 5.681e-05 2.19e-07 
8366 6 2.4839e-05 2.57e-07 
8367 5 2.1895e-05 2.35e-07 
8368 5 4.0708e-05 1.99e-07 
8369 5 3.9788e-05 4.78e-07 
8370 6 2.4977e-05 9e-08 
8371 5 2.2166e-05 4e-07 
8372 5 2.5816e-05 3.87e-07 
8373 5 2.4208e-05 6.4e-08 
8374 6 2.4765e-05 4.16e-07 
8375 5 2.1683e-05 6e-08 
8376 5 2.2072e-05 9.2e-08 
8377 5 2.1984e-05 3.17e-07 
8378 6 2.4097e-05 2.64e-07 
8379 5 2.2663e-05 6.7e-08 
8380 5 2.1811e-05 6.2e-08 
8381 5 2.2931e-05 2.35e-07 
8382 5 2.1635e-05 1.95e-07 
8383 5 2.5752e-05 6.2e-08 
8384 5 2.2302e-05 7.5e-08 
8385 5 2.3034e-05 6.2e-08 
8386 5 1.9857e-05 6.4e-08 
8387 5 1.9545e-05 6.5e-08 
8388 5 2.8542e-05 2.55e-07 
8389 5 2.5328e-05 8.1e-08 
8390 5 2.1799e-05 2.34e-07 
8391 5 2.229e-05 1.82e-07 
8392 5 2.2495e-05 6.2e-08 
8393 5 2.0551e-05 2.97e-07 
8394 5 2.024e-05 8.2e-08 
8395 5 2.5788e-05 8.6e-08 
8396 6 2.8595e-05 1.25e-07 
8397 5 2.4401e-05 1.49e-07 
8398 6 2.7349e-05 4.34e-07 
8399 5 2.6241e-05 2.49e-07 
8400 5 2.6169e-05 1.14e-07 
8401 5 4.3006e-05 8.1e-08 
8402 6 3.132e-05 3.19e-07 
8403 5 2.7467e-05 9.1e-08 
8404 5 2.4972e-05 2.57e-07 
8405 5 2.8941e-05 9.4e-08 
8406 6 3.0334e-05 3.62e-07 
8407 6 3.656e-05 3.43e-07 
8408 6 3.7976e-05 3.94e-07 
8409 5 3.0118e-05 2.85e-07 
8410 6 3.2817e-05 3.07e-07 
8411 5 3.0865e-05 2.65e-07 
8412 5 2.5778e-05 9.2e-08 
8413 5 2.6222e-05 3.79e-07 
8414 6 3.2635e-05 3.11e-07 
8415 5 2.3646e-05 1.24e-07 
8416 5 3.1763e-05 9.9e-08 
8417 5 2.9344e-05 1.53e-06 
8418 6 6.132e-05 7.43e-07 
8419 6 6.9356e-05 8.94e-07 
8420 5 6.7283e-05 2.21e-07 
8421 5 5.5119e-05 5.76e-07 
8422 5 4.6978e-05 1.06e-07 
8423 5 2.965e-05 4.85e-07 
8424 5 3.1265e-05 3.3e-07 
8425 5 3.1095e-05 6.9e-07 
8426 6 7.134e-05 2.42e-07 
8427 5 2.9432e-05 1.82e-07 
8428 5 2.8556e-05 1.13e-07 
8429 5 2.8306e-05 9.6e-08 
8430 6 3.7149e-05 2.01e-07 
8431 6 4.403e-05 1.77e-07 
8432 5 3.5107e-05 2.11e-07 
8433 5 3.6742e-05 1.22e-07 
8434 6 3.5564e-05 4.66e-07 
8435 5 3.1633e-05 3.36e-07 
8436 5 3.447e-05 3.38e-07 
8437 4 2.67e-05 3.5e-07 
8438 6 3.7699e-05 3.97e-07 
8439 5 3.5271e-05 3.48e-07 
8440 5 3.254e-05 3.39e-07 
8441 5 3.6444e-05 1.11e-07 
8442 6 3.1455e-05 1.6e-07 
8443 6 3.7651e-05 2.174e-06 
8444 5 3.4051e-05 2.83e-07 
8445 5 3.0642e-05 3.39e-07 
8446 6 3.2018e-05 1.25e-07 
8447 6 3.6879e-05 3.36e-07 
8448 5 2.7694e-05 2.94e-07 
8449 5 2.9686e-05 1.19e-07 
8450 6 2.9311e-05 3.83e-07 
8451 5 2.983e-05 3.02e-07 
8452 5 2.8318e-05 9.5e-08 
8453 5 2.7288e-05 2.43e-07 
8454 6 3.3485e-05 2.73e-07 
8455 5 2.4234e-05 2.56e-07 
8456 5 2.7438e-05 7e-08 
8457 5 2.696e-05 2.39e-07 
8458 6 3.0648e-05 2.73e-07 
8459 5 4.1346e-05 9.6e-08 
8460 5 3.6483e-05 2.18e-07 
8461 5 2.7908e-05 2.17e-07 
8462 6 2.812e-05 2.53e-07 
8463 5 2.7973e-05 1.41e-07 
8464 5 2.254e-05 6.7e-08 
8465 6 3.0922e-05 1.03e-07 
8466 6 2.5242e-05 1.635e-06 
8467 6 3.1599e-05 3.34e-07 
8468 5 2.2711e-05 2.17e-07 
8469 5 2.5168e-05 2.06e-07 
8470 6 2.7995e-05 1.95e-07 
8471 5 2.5657e-05 7.9e-08 
8472 5 2.3365e-05 4.28e-07 
8473 5 3.0976e-05 1.19e-07 
8474 6 2.6549e-05 2.64e-07 
8475 5 2.4297e-05 2.01e-07 
8476 5 2.2613e-05 6.3e-08 
8477 6 2.6763e-05 2.79e-07 
8478 6 2.6996e-05 2.45e-07 
8479 6 3.4091e-05 2.84e-07 
8480 5 2.4182e-05 2.11e-07 
8481 5 2.3974e-05 1.98e-07 
8482 5 1.982e-05 2.04e-07 
8483 5 2.3543e-05 6.4e-08 
8484 5 2.0755e-05 2.18e-07 
8485 4 1.8552e-05 1.92e-07 
8486 6 2.6441e-05 2.5e-07 
8487 5 2.3202e-05 8.3e-08 
8488 5 2.2113e-05 2.2e-07 
8489 5 2.2506e-05 1.02e-07 
8490 6 2.5694e-05 9.4e-08 
8491 6 3.347e-05 9.5e-08 
8492 5 2.2545e-05 8.4e-08 
8493 5 2.2125e-05 7.7e-08 
8494 5 1.7965e-05 7.9e-08 
8495 5 1.9924e-05 5.5e-08 
8496 5 2.4742e-05 5.4e-08 
8497 5 2.3653e-05 9e-08 
8498 6 2.652e-05 1.31e-07 
8499 6 3.3603e-05 8.3e-08 
8500 5 2.0763e-05 1.1e-07 
8501 5 2.1471e-05 5.81e-07 
8502 7 3.6499e-05 3.58e-07 
8503 5 2.3858e-05 1.93e-07 
8504 5 2.686e-05 2.48e-07 
8505 5 2.4534e-05 2.47e-07 
8506 6 2.7814e-05 2.89e-07 
8507 5 3.2409e-05 3.94e-07 
8508 5 3.5848e-05 3.36e-07 
8509 5 3.4156e-05 3.22e-07 
8510 6 2.4136e-05 9.3e-08 
8511 6 3.4393e-05 4.87e-07 
8512 5 2.5254e-05 2.03e-07 
8513 5 2.3167e-05 2.07e-07 
8514 6 2.5348e-05 1.06e-07 
8515 6 2.5316e-05 7.7e-08 
8516 5 2.3677e-05 8.2e-08 
8517 5 2.5083e-05 6.7e-08 
8518 6 2.5779e-05 9.2e-08 
8519 6 3.1763e-05 9.8e-08 
8520 5 2.4129e-05 7e-08 
8521 5 2.1266e-05 1.01e-07 
8522 6 2.5988e-05 7.8e-08 
8523 5 2.1494e-05 7.5e-08 
8524 5 2.3783e-05 5.54e-07 
8525 5 2.6412e-05 8.7e-08 
8526 6 3.6262e-05 1.17e-07 
8527 6 2.9249e-05 3.65e-07 
8528 5 2.609e-05 2.11e-07 
8529 5 2.2352e-05 3.64e-07 
8530 5 5.4207e-05 4.16e-07 
8531 5 0.000111165 1.18e-07 
8532 5 3.9982e-05 3.47e-07 
8533 5 3.6568e-05 4.04e-07 
8534 6 3.865e-05 4.46e-07 
8535 5 3.5023e-05 3.31e-07 
8536 5 3.3368e-05 3.1e-07 
8537 5 3.4567e-05 6.1e-08 
8538 6 2.5972e-05 2.98e-07 
8539 6 3.4251e-05 2.51e-07 
8540 5 2.5689e-05 1.83e-07 
8541 5 3.9345e-05 2.43e-07 
8542 5 2.1788e-05 1.71e-07 
8543 5 2.3774e-05 8.8e-08 
8544 5 2.1639e-05 2.35e-07 
8545 5 2.3129e-05 6.5e-08 
8546 6 2.563e-05 9.2e-08 
8547 5 2.3342e-05 3.33e-07 
8548 5 2.6106e-05 5.9e-08 
8549 5 2.209e-05 2.87e-07 
8550 6 2.8499e-05 1.65e-07 
8551 6 4.9919e-05 1.59e-07 
8552 5 2.9163e-05 2.89e-07 
8553 5 3.4253e-05 1.16e-07 
8554 6 3.9218e-05 9.3e-08 
8555 5 2.4119e-05 3.76e-07 
8556 5 2.852e-05 9.7e-08 
8557 5 2.0276e-05 6.49e-07 
8558 6 3.6432e-05 3.38e-07 
8559 6 4.3505e-05 3.56e-07 
8560 5 3.1912e-05 3.52e-07 
8561 5 3.1087e-05 6.1e-08 
8562 6 2.7335e-05 7.4e-08 
8563 5 2.2521e-05 3.15e-07 
8564 5 2.8603e-05 7.4e-08 
8565 5 2.6367e-05 1.13e-07 
8566 5 2.6467e-05 8.6e-08 
8567 5 2.8337e-05 8.7e-08 
8568 5 2.8562e-05 8.3e-08 
8569 5 2.386e-05 6.6e-08 
8570 6 2.6402e-05 9.6e-08 
8571 5 2.5875e-05 1.18e-07 
8572 5 2.3693e-05 7.8e-08 
8573 4 1.8568e-05 5.16e-07 
8574 6 4.7172e-05 3.26e-07 
8575 5 2.2365e-05 9e-08 
8576 5 2.1375e-05 2.72e-07 
8577 5 3.6721e-05 6.18e-07 
8578 6 3.2481e-05 1.42e-07 
8579 6 3.2919e-05 4.56e-07 
8580 5 2.3448e-05 2.38e-07 
8581 5 2.6894e-05 1.33e-07 
8582 5 2.3413e-05 7e-08 
8583 5 2.5087e-05 1.29e-07 
8584 5 2.8106e-05 5.74e-07 
8585 5 3.459e-05 1.21e-07 
8586 6 2.7858e-05 4.43e-07 
8587 5 2.4568e-05 2.31e-07 
8588 5 2.6625e-05 2.12e-07 
8589 5 2.9219e-05 2.14e-07 
8590 6 2.8042e-05 1e-07 
8591 6 3.157e-05 1.24e-07 
8592 5 2.406e-05 6.4e-08 
8593 5 2.5682e-05 5.83e-07 
8594 6 3.1012e-05 2.58e-07 
8595 5 2.2947e-05 2.35e-07 
8596 5 2.9081e-05 2.66e-07 
8597 6 3.3723e-05 2.96e-07 
8598 5 2.195e-05 1.98e-07 
8599 6 3.4827e-05 2.51e-07 
8600 5 2.5013e-05 2.35e-07 
8601 5 2.2781e-05 7.8e-08 
8602 6 2.6898e-05 9.3e-08 
8603 6 2.8016e-05 8.3e-08 
8604 5 2.2181e-05 1.08e-07 
8605 5 2.3099e-05 8.8e-08 
8606 6 2.8406e-05 9e-08 
8607 6 2.8972e-05 8.6e-08 
8608 5 2.3436e-05 8.13e-07 
8609 6 3.2033e-05 2.81e-07 
8610 6 2.8357e-05 1.76e-07 
8611 5 4.3202e-05 9.6e-08 
8612 5 2.463e-05 1.74e-07 
8613 5 2.5597e-05 2.02e-07 
8614 6 2.7146e-05 2.44e-07 
8615 5 2.1264e-05 1.91e-07 
8616 5 2.2897e-05 8.7e-08 
8617 5 2.1392e-05 6.4e-08 
8618 6 2.3761e-05 2.96e-07 
8619 6 3.2637e-05 9.8e-08 
8620 5 2.2774e-05 7e-08 
8621 5 2.0756e-05 2.25e-07 
8622 5 2.403e-05 1.16e-07 
8623 5 2.235e-05 1.95e-07 
8624 5 2.1544e-05 2.28e-07 
8625 5 2.4869e-05 2.33e-07 
8626 5 2.028e-05 6.3e-08 
8627 5 2.2935e-05 1.97e-07 
8628 5 3.3103e-05 1.41e-07 
8629 5 2.7334e-05 4e-07 
8630 6 2.8054e-05 1.19e-07 
8631 6 5.9151e-05 3.93e-07 
8632 5 2.4782e-05 8.9e-08 
8633 5 2.238e-05 4.74e-07 
8634 6 3.2941e-05 1.17e-07 
8635 5 2.038e-05 1.74e-07 
8636 5 2.0917e-05 7.7e-08 
8637 5 2.1116e-05 7.3e-08 
8638 6 2.6651e-05 3.24e-07 
8639 5 2.6076e-05 9.5e-08 
8640 5 2.1561e-05 9.9e-08 
8641 5 2.21e-05 1.97e-07 
8642 6 3.0132e-05 1.01e-07 
8643 5 2.3281e-05 6.2e-08 
8644 5 2.4272e-05 9.2e-08 
8645 5 2.3619e-05 6.6e-08 
8646 5 2.1987e-05 7.12e-07 
8647 5 2.7257e-05 3.16e-07 
8648 5 2.6513e-05 6.2e-08 
8649 5 5.1845e-05 2.52e-07 
8650 6 3.1181e-05 1.29e-07 
8651 5 2.4698e-05 3.26e-07 
8652 5 2.4327e-05 2.24e-07 
8653 5 2.6472e-05 1.03e-07 
8654 5 2.1936e-05 2.7e-07 
8655 5 2.1898e-05 1.98e-07 
8656 5 2.1787e-05 2.3e-07 
8657 5 2.2819e-05 2.15e-07 
8658 6 2.613e-05 3.19e-07 
8659 5 2.734e-05 7.6e-08 
8660 6 3.2791e-05 1.01e-07 
8661 5 2.2828e-05 6e-08 
8662 6 2.8138e-05 3.2e-07 
8663 6 3.5392e-05 1.76e-07 
8664 5 2.4588e-05 7.5e-08 
8665 5 2.3277e-05 2.69e-07 
8666 6 2.7882e-05 2.45e-07 
8667 5 2.4068e-05 7.8e-08 
8668 5 2.3909e-05 2.22e-07 
8669 5 2.5155e-05 3.05e-07 
8670 6 3.0937e-05 2.39e-07 
8671 5 2.8078e-05 2.04e-07 
8672 5 2.6259e-05 2.89e-07 
8673 5 2.529e-05 6.9e-08 
8674 5 2.1287e-05 6.2e-08 
8675 5 2.2705e-05 2.05e-07 
8676 5 2.6753e-05 2.11e-07 
8677 5 2.1727e-05 2.2e-07 
8678 6 2.8889e-05 9.7e-08 
8679 5 2.5451e-05 6.4e-08 
8680 5 2.3983e-05 2.56e-07 
8681 5 2.3024e-05 1.91e-07 
8682 6 2.5222e-05 2.68e-07 
8683 5 3.7174e-05 9.4e-08 
8684 5 2.2233e-05 2.98e-07 
8685 5 2.3502e-05 2.29e-07 
8686 5 3.3228e-05 2.1e-07 
8687 6 3.1307e-05 2.43e-07 
8688 5 2.1417e-05 7.9e-08 
8689 5 2.0211e-05 7.7e-08 
8690 6 2.4916e-05 2.72e-07 
8691 5 3.112e-05 6.2e-08 
8692 5 2.2919e-05 7.5e-08 
8693 5 2.1908e-05 6.5e-08 
8694 6 3.0224e-05 3.58e-07 
8695 5 2.5169e-05 2.32e-07 
8696 5 2.5012e-05 2.18e-07 
8697 5 3.8808e-05 3.11e-07 
8698 6 2.7493e-05 2.56e-07 
8699 5 2.5648e-05 2.11e-07 
8700 5 2.1582e-05 2.16e-07 
8701 5 2.6888e-05 8.3e-08 
8702 6 2.658e-05 9.1e-08 
8703 5 2.5561e-05 2.27e-07 
8704 5 2.3844e-05 1.94e-07 
8705 5 2.7276e-05 2.35e-07 
8706 6 3.0449e-05 2.5e-07 
8707 5 2.7093e-05 1.82e-07 
8708 5 2.3089e-05 6.8e-08 
8709 5 2.6421e-05 1e-07 
8710 6 2.7387e-05 3.8e-07 
8711 5 2.8372e-05 2.27e-07 
8712 5 2.4643e-05 2.12e-07 
8713 5 2.5518e-05 2.48e-07 
8714 6 2.605e-05 2.36e-07 
8715 5 2.2256e-05 9.2e-08 
8716 5 2.0767e-05 5.7e-08 
8717 5 2.252e-05 7.5e-08 
8718 6 2.5406e-05 3.31e-07 
8719 5 2.6426e-05 6.9e-08 
8720 5 2.2929e-05 6.5e-08 
8721 5 2.5998e-05 2.71e-07 
8722 6 2.6066e-05 2.44e-07 
8723 5 2.38e-05 8.2e-08 
8724 5 2.4282e-05 2.1e-07 
8725 5 2.7989e-05 2.9e-07 
8726 6 2.611e-05 9.7e-08 
8727 5 2.2873e-05 2.16e-07 
8728 5 2.3744e-05 2.41e-07 
8729 6 3.1331e-05 1.23e-07 
8730 6 2.4879e-05 1.22e-07 
8731 5 2.7913e-05 4.01e-07 
8732 5 2.5524e-05 2.64e-07 
8733 5 2.4806e-05 2.96e-07 
8734 6 2.7817e-05 1.14e-07 
8735 5 2.1026e-05 6e-08 
8736 5 2.2166e-05 2.49e-07 
8737 5 2.4509e-05 3.74e-07 
8738 6 2.6621e-05 2.51e-07 
8739 6 4.3137e-05 2.23e-07 
8740 5 4.1721e-05 2.07e-07 
8741 6 3.0056e-05 2.46e-07 
8742 6 2.7631e-05 2.83e-07 
8743 5 3.4788e-05 2.05e-07 
8744 5 2.4612e-05 7.5e-08 
8745 5 2.3604e-05 1.1e-07 
8746 6 2.476e-05 1.03e-07 
8747 6 3.0385e-05 1.05e-07 
8748 5 2.3645e-05 7.7e-08 
8749 5 1.8802e-05 3.27e-07 
8750 6 2.8014e-05 2.31e-07 
8751 5 2.7032e-05 5.9e-08 
8752 5 2.28e-05 6.1e-08 
8753 5 2.0888e-05 2.61e-07 
8754 6 2.5721e-05 2.4e-07 
8755 5 2.2208e-05 2.26e-07 
8756 5 2.4565e-05 2.84e-07 
8757 5 2.3479e-05 2.29e-07 
8758 5 2.0334e-05 2.23e-07 
8759 5 2.995e-05 2.07e-07 
8760 5 5.4571e-05 2.59e-07 
8761 5 2.4218e-05 3.07e-07 
8762 6 2.4936e-05 2.45e-07 
8763 5 2.3291e-05 6.1e-08 
8764 5 2.5202e-05 1.97e-07 
8765 5 2.504e-05 2.68e-07 
8766 7 3.4053e-05 4.84e-07 
8767 5 2.4343e-05 1.87e-07 
8768 5 2.1782e-05 7.5e-08 
8769 5 2.623e-05 2.03e-07 
8770 6 2.4503e-05 2.47e-07 
8771 5 2.8361e-05 1.86e-07 
8772 5 2.281e-05 9.5e-08 
8773 5 2.3115e-05 4.18e-07 
8774 6 2.7683e-05 2.74e-07 
8775 5 2.3253e-05 2.08e-07 
8776 5 3.6454e-05 2.29e-07 
8777 5 2.3837e-05 2.38e-07 
8778 6 2.4796e-05 1.05e-07 
8779 6 3.389e-05 2.56e-07 
8780 5 2.2781e-05 6.2e-08 
8781 5 2.3732e-05 2.13e-07 
8782 6 2.7337e-05 2.4e-07 
8783 5 2.5512e-05 2.38e-07 
8784 6 2.7038e-05 2.52e-07 
8785 5 2.3373e-05 7.7e-08 
8786 6 3.6708e-05 3.36e-07 
8787 6 3.228e-05 1.06e-07 
8788 5 2.2748e-05 9.9e-08 
8789 5 2.1476e-05 2.92e-07 
8790 6 2.7962e-05 1.14e-07 
8791 5 2.7857e-05 2.42e-07 
8792 5 2.3567e-05 2.02e-07 
8793 5 2.4653e-05 6.6e-08 
8794 6 2.8424e-05 2.69e-07 
8795 5 2.2512e-05 9.8e-08 
8796 5 2.4066e-05 3.56e-07 
8797 5 2.4478e-05 8.1e-08 
8798 6 2.4575e-05 2.7e-07 
8799 6 3.4145e-05 2.51e-07 
8800 5 2.436e-05 9.1e-08 
8801 5 2.4846e-05 1.57e-07 
8802 6 2.5742e-05 9.1e-08 
8803 5 2.1834e-05 9.9e-08 
8804 5 2.0347e-05 2.12e-07 
8805 5 2.3949e-05 2.35e-07 
8806 5 1.948e-05 1.96e-07 
8807 6 3.0231e-05 8.3e-08 
8808 5 2.0994e-05 5.7e-08 
8809 5 2.0808e-05 2.51e-07 
8810 6 2.5767e-05 9.9e-08 
8811 6 3.185e-05 2.67e-07 
8812 5 2.2471e-05 2.17e-07 
8813 5 3.8123e-05 2.27e-07 
8814 6 2.5963e-05 2.53e-07 
8815 5 2.041e-05 2.58e-07 
8816 5 2.4713e-05 2.06e-07 
8817 5 2.3373e-05 2.2e-07 
8818 6 2.7164e-05 2.79e-07 
8819 6 9.314e-05 3.76e-07 
8820 5 2.4167e-05 2.93e-07 
8821 5 2.3189e-05 1.79e-07 
8822 6 2.5843e-05 8.7e-08 
8823 5 3.3409e-05 1.83e-07 
8824 5 2.7514e-05 2.01e-07 
8825 5 2.122e-05 2.06e-07 
8826 6 2.5493e-05 2.59e-07 
8827 5 2.421e-05 2.15e-07 
8828 5 2.7049e-05 2.09e-07 
8829 5 2.2596e-05 2.29e-07 
8830 5 1.9981e-05 2.81e-07 
8831 5 2.5309e-05 2.14e-07 
8832 5 2.2903e-05 6.2e-08 
8833 4 1.8295e-05 1.02e-07 
8834 6 2.4666e-05 3.51e-07 
8835 5 2.3853e-05 1.95e-07 
8836 5 2.3311e-05 7.8e-08 
8837 5 2.4706e-05 6.5e-08 
8838 6 2.5542e-05 2.48e-07 
8839 6 3.4458e-05 7.9e-08 
8840 5 2.1312e-05 2.93e-07 
8841 5 2.9629e-05 2.23e-07 
8842 6 2.7966e-05 9.9e-08 
8843 5 2.1388e-05 9.5e-08 
8844 5 2.2708e-05 1.8e-07 
8845 5 2.7118e-05 2.24e-07 
8846 5 2.1071e-05 1.72e-07 
8847 5 2.4295e-05 8.9e-08 
8848 5 2.3647e-05 1.29e-07 
8849 5 2.4024e-05 2.09e-07 
8850 6 2.7763e-05 2.29e-07 
8851 5 2.7091e-05 2.3e-07 
8852 5 2.1831e-05 6e-08 
8853 5 2.1951e-05 4.28e-07 
8854 6 2.6567e-05 2.23e-07 
8855 5 2.194e-05 5.9e-08 
8856 5 2.3122e-05 2.02e-07 
8857 5 2.9515e-05 1.86e-07 
8858 6 2.636e-05 2.21e-07 
8859 6 3.2757e-05 3.29e-07 
8860 5 2.2548e-05 3.7e-07 
8861 6 3.1544e-05 3.85e-07 
8862 5 2.0404e-05 7.7e-08 
8863 5 2.2828e-05 2.19e-07 
8864 5 2.2747e-05 1.99e-07 
8865 5 4.6788e-05 3.15e-07 
8866 6 2.4611e-05 2.27e-07 
8867 6 4.2506e-05 2.24e-07 
8868 5 2.1836e-05 7.8e-08 
8869 5 2.3898e-05 2.35e-07 
8870 6 2.6649e-05 2.52e-07 
8871 6 3.7955e-05 3.35e-07 
8872 5 2.4408e-05 2.28e-07 
8873 6 2.9974e-05 1.01e-07 
8874 6 2.4954e-05 3.02e-07 
8875 5 2.3222e-05 8.4e-08 
8876 5 2.296e-05 2.22e-07 
8877 5 2.5467e-05 1.57e-07 
8878 6 2.4693e-05 2.39e-07 
8879 6 3.2099e-05 1.14e-07 
8880 5 2.2281e-05 2.2e-07 
8881 5 2.4312e-05 2.4e-07 
8882 6 2.4876e-05 2.41e-07 
8883 5 2.2556e-05 8.2e-08 
8884 5 2.0156e-05 1.02e-07 
8885 5 2.1193e-05 7.8e-08 
8886 6 2.5623e-05 2.89e-07 
8887 5 2.2729e-05 2.98e-07 
8888 5 2.3893e-05 1.97e-07 
8889 5 2.2187e-05 2.14e-07 
8890 6 2.6317e-05 2.7e-07 
8891 6 3.4314e-05 9.7e-08 
8892 5 2.5536e-05 6.9e-08 
8893 5 2.6148e-05 3.77e-07 
8894 6 2.9764e-05 8.74e-07 
8895 5 2.7229e-05 2.23e-07 
8896 5 2.4678e-05 6.1e-08 
8897 5 2.0998e-05 9.2e-08 
8898 6 2.595e-05 2.9e-07 
8899 6 3.2508e-05 2.98e-07 
8900 5 2.464e-05 2.06e-07 
8901 5 2.1473e-05 1.83e-07 
8902 6 2.9095e-05 2.24e-07 
8903 5 2.2942e-05 5.9e-08 
8904 5 2.3847e-05 5.8e-08 
8905 5 2.189e-05 2.96e-07 
8906 6 2.7773e-05 1.8e-07 
8907 5 2.4582e-05 1.99e-07 
8908 5 2.518e-05 1.96e-07 
8909 5 2.3524e-05 1.42e-07 
8910 5 2.2246e-05 7.5e-08 
8911 5 2.7004e-05 7.3e-08 
8912 5 2.2839e-05 2.67e-07 
8913 5 2.2425e-05 5.8e-08 
8914 6 2.2415e-05 2.86e-07 
8915 5 2.3599e-05 1.94e-07 
8916 5 2.3328e-05 2.01e-07 
8917 5 2.1328e-05 7.1e-08 
8918 5 3.7925e-05 3.61e-07 
8919 6 3.6611e-05 2.61e-07 
8920 5 2.4477e-05 1.45e-07 
8921 5 2.343e-05 2.81e-07 
8922 6 3.3266e-05 2.64e-07 
8923 5 2.4702e-05 5.7e-08 
8924 5 2.098e-05 2.46e-07 
8925 5 2.3123e-05 6.6e-08 
8926 6 3.0264e-05 2.63e-07 
8927 5 2.7041e-05 1.74e-07 
8928 6 3.1932e-05 1.04e-07 
8929 5 2.1797e-05 8.4e-08 
8930 6 2.8465e-05 2.72e-07 
8931 8 4.6712e-05 1.71e-07 
8932 5 2.2866e-05 2.19e-07 
8933 5 2.3018e-05 5.28e-07 
8934 6 2.8887e-05 1.09e-07 
8935 5 2.1219e-05 6.1e-08 
8936 5 2.222e-05 7.5e-08 
8937 5 2.2343e-05 2.48e-07 
8938 6 2.6467e-05 4.7e-07 
8939 6 9.7554e-05 2.32e-07 
8940 5 2.4122e-05 2.26e-07 
8941 5 2.4198e-05 3.3e-07 
8942 6 2.9129e-05 2.49e-07 
8943 6 3.0917e-05 8.3e-08 
8944 5 2.1021e-05 6.1e-08 
8945 5 2.0876e-05 3.21e-07 
8946 6 2.5853e-05 9.2e-08 
8947 6 3.022e-05 2.33e-07 
8948 5 2.4334e-05 5.9e-08 
8949 5 2.1294e-05 4.21e-07 
8950 6 2.8824e-05 2.24e-07 
8951 5 2.6115e-05 7.1e-08 
8952 5 2.2795e-05 6.9e-08 
8953 5 2.1175e-05 2.76e-07 
8954 6 2.76e-05 1.02e-07 
8955 5 2.0657e-05 5.7e-08 
8956 6 2.8987e-05 3.4e-07 
8957 5 2.3551e-05 2.11e-07 
8958 6 3.0191e-05 2.7e-07 
8959 5 2.7657e-05 2.6e-07 
8960 6 3.2617e-05 5.55e-07 
8961 5 2.7475e-05 2.48e-07 
8962 6 2.8705e-05 2.44e-07 
8963 5 2.536e-05 1.72e-07 
8964 5 2.2635e-05 2.17e-07 
8965 4 5.2482e-05 2.25e-07 
8966 6 3.1172e-05 3.3e-07 
8967 5 2.5279e-05 4.5e-07 
8968 5 2.4618e-05 2.04e-07 
8969 5 2.4053e-05 6.6e-08 
8970 6 3.013e-05 8.2e-08 
8971 7 4.2203e-05 4.29e-07 
8972 5 2.5422e-05 2.25e-07 
8973 5 2.8656e-05 2.14e-07 
8974 6 6.5563e-05 3.23e-07 
8975 5 2.3212e-05 8.5e-08 
8976 5 2.5154e-05 2.18e-07 
8977 5 2.5551e-05 2.35e-07 
8978 6 2.5353e-05 2.72e-07 
8979 5 2.5274e-05 8.4e-08 
8980 5 2.2194e-05 7.7e-08 
8981 5 2.2849e-05 2.95e-07 
8982 6 2.5703e-05 2.84e-07 
8983 5 2.4449e-05 1.87e-07 
8984 5 2.3634e-05 2.26e-07 
8985 5 2.4966e-05 2.09e-07 
8986 6 2.8232e-05 2.71e-07 
8987 5 2.5572e-05 2.43e-07 
8988 5 2.3182e-05 2.18e-07 
8989 5 2.4022e-05 2.05e-07 
8990 6 2.846e-05 2.56e-07 
8991 5 2.6338e-05 2.72e-07 
8992 5 2.4931e-05 2.45e-07 
8993 6 3.1323e-05 1e-07 
8994 6 2.9262e-05 2.47e-07 
8995 5 2.3534e-05 1.83e-07 
8996 5 2.1599e-05 5.8e-08 
8997 6 2.5941e-05 1.05e-07 
8998 6 3.1684e-05 1.01e-07 
8999 5 3.0794e-05 2.25e-07 
9000 5 2.2374e-05 8.1e-08 
9001 5 2.4119e-05 2.3e-07 
9002 6 2.6227e-05 2.54e-07 
9003 5 2.3486e-05 2.05e-07 
9004 5 2.3716e-05 2.2e-07 
9005 6 2.9455e-05 2.71e-07 
9006 6 2.6223e-05 4.36e-07 
9007 5 2.2259e-05 2.08e-07 
9008 5 2.3638e-05 2.13e-07 
9009 5 2.4426e-05 2.08e-07 
9010 6 2.3367e-05 1.11e-07 
9011 6 3.1765e-05 3.45e-07 
9012 5 2.5009e-05 2.11e-07 
9013 5 2.0225e-05 2.1e-07 
9014 6 2.4854e-05 8.3e-08 
9015 5 1.9867e-05 7.7e-08 
9016 5 2.2636e-05 2.67e-07 
9017 5 2.3421e-05 2.2e-07 
9018 6 2.4646e-05 1.07e-07 
9019 5 2.337e-05 2.65e-07 
9020 5 2.313e-05 1.27e-07 
9021 5 2.2963e-05 2.6e-07 
9022 5 2.1317e-05 1.95e-07 
9023 5 2.4463e-05 2.19e-07 
9024 5 2.2975e-05 6.2e-08 
9025 6 2.7955e-05 9.1e-08 
9026 6 4.1856e-05 1.07e-07 
9027 6 2.8505e-05 4.2e-07 
9028 5 2.5595e-05 6.6e-08 
9029 5 2.0968e-05 3.28e-07 
9030 7 3.6022e-05 3.92e-07 
9031 5 2.4892e-05 6.5e-08 
9032 5 2.101e-05 6.2e-08 
9033 5 2.1573e-05 2.74e-07 
9034 6 2.5973e-05 2.31e-07 
9035 5 2.085e-05 6.4e-08 
9036 5 1.9266e-05 2.23e-07 
9037 5 2.3971e-05 9.4e-08 
9038 6 2.6183e-05 1.45e-07 
9039 5 2.5095e-05 2.62e-07 
9040 5 2.3698e-05 8e-08 
9041 5 2.343e-05 1.88e-07 
9042 6 2.6659e-05 8.4e-08 
9043 5 2.1662e-05 2.21e-07 
9044 5 2.5329e-05 2.14e-07 
9045 5 2.2133e-05 9e-08 
9046 6 2.5973e-05 3.01e-07 
9047 5 2.4378e-05 1.94e-07 
9048 5 2.4848e-05 1.96e-07 
9049 5 2.1978e-05 2.29e-07 
9050 6 2.4996e-05 2.24e-07 
9051 5 2.5617e-05 3.52e-07 
9052 5 2.5863e-05 2.23e-07 
9053 5 2.5024e-05 1.96e-07 
9054 6 2.7819e-05 2.79e-07 
9055 5 2.066e-05 1.91e-07 
9056 5 2.4402e-05 1.96e-07 
9057 5 2.4141e-05 3.84e-07 
9058 6 2.5341e-05 2.64e-07 
9059 6 3.6623e-05 2.55e-07 
9060 5 2.2445e-05 2.28e-07 
9061 5 2.4057e-05 1.94e-07 
9062 6 2.5084e-05 2.41e-07 
9063 5 2.3292e-05 2.02e-07 
9064 5 2.1241e-05 6e-08 
9065 5 2.2734e-05 7.1e-08 
9066 6 2.3111e-05 8.3e-08 
9067 5 2.035e-05 2.69e-07 
9068 5 2.4574e-05 6.2e-08 
9069 5 2.3402e-05 2.37e-07 
9070 5 1.9601e-05 1.84e-07 
9071 5 2.4665e-05 2.58e-07 
9072 5 2.2463e-05 3.74e-07 
9073 5 2.1931e-05 2.84e-07 
9074 6 2.7885e-05 2.33e-07 
9075 5 2.0607e-05 2.19e-07 
9076 5 2.4396e-05 1.9e-07 
9077 5 2.089e-05 7.9e-08 
9078 6 2.3292e-05 9.8e-08 
9079 5 2.438e-05 2.08e-07 
9080 5 2.3565e-05 2.16e-07 
9081 5 2.3117e-05 2.5e-07 
9082 6 5.2736e-05 3.46e-07 
9083 5 2.3319e-05 7.7e-08 
9084 6 2.6311e-05 7.4e-08 
9085 5 2.0098e-05 2.57e-07 
9086 6 4.6425e-05 4.18e-07 
9087 6 3.1588e-05 2.52e-07 
9088 5 2.4404e-05 2.34e-07 
9089 5 2.2312e-05 6.2e-08 
9090 6 2.486e-05 2.93e-07 
9091 5 2.536e-05 4.08e-07 
9092 5 2.3516e-05 2.18e-07 
9093 5 2.4348e-05 2.38e-07 
9094 5 1.8435e-05 2.9e-07 
9095 5 2.0823e-05 2e-07 
9096 5 2.1023e-05 6.1e-08 
9097 5 2.5519e-05 2.18e-07 
9098 6 2.3755e-05 2.66e-07 
9099 6 3.0758e-05 3.69e-07 
9100 5 2.4699e-05 2.23e-07 
9101 5 2.4735e-05 2.1e-07 
9102 6 2.5605e-05 9.6e-08 
9103 6 2.7277e-05 2.5e-07 
9104 5 2.5336e-05 2.01e-07 
9105 5 2.4812e-05 1.19e-07 
9106 6 2.7569e-05 2.27e-07 
9107 5 2.381e-05 1.94e-07 
9108 5 2.3166e-05 8e-08 
9109 5 2.4239e-05 2.22e-07 
9110 5 1.9517e-05 1.7e-07 
9111 5 2.4637e-05 9.4e-08 
9112 5 2.1411e-05 2.51e-07 
9113 5 2.3463e-05 6.9e-08 
9114 6 2.2435e-05 2.45e-07 
9115 5 2.0581e-05 9.1e-08 
9116 5 2.0895e-05 2.38e-07 
9117 5 2.4458e-05 3.19e-07 
9118 6 2.6564e-05 9.8e-08 
9119 6 3.162e-05 9.5e-08 
9120 5 2.3681e-05 2.88e-07 
9121 6 3.039e-05 2.51e-07 
9122 6 2.6328e-05 2.74e-07 
9123 5 2.5417e-05 2.14e-07 
9124 5 2.3426e-05 1.96e-07 
9125 6 2.9792e-05 2.92e-07 
9126 5 1.8115e-05 9.2e-08 
9127 6 2.7227e-05 1.17e-07 
9128 5 2.576e-05 2.7e-07 
9129 5 2.3326e-05 6.4e-08 
9130 6 2.5027e-05 3.42e-07 
9131 5 2.345e-05 1.01e-07 
9132 6 2.7819e-05 2.89e-07 
9133 5 2.3422e-05 6.4e-08 
9134 6 2.3681e-05 3.22e-07 
9135 5 1.9351e-05 1.83e-07 
9136 5 2.2163e-05 2.2e-07 
9137 6 2.9707e-05 1.02e-07 
9138 6 2.5492e-05 1.52e-07 
9139 6 3.2164e-05 3.19e-07 
9140 5 2.4356e-05 2.16e-07 
9141 5 2.433e-05 7.7e-08 
9142 6 2.6013e-05 2.42e-07 
9143 5 2.14e-05 2.18e-07 
9144 6 3.5196e-05 2.69e-07 
9145 5 2.1231e-05 2.02e-07 
9146 6 2.3894e-05 2.53e-07 
9147 6 2.9457e-05 8.2e-08 
9148 5 2.0728e-05 1.98e-07 
9149 5 2.2823e-05 7.5e-08 
9150 6 2.4751e-05 3.35e-07 
9151 5 3.0332e-05 2.28e-07 
9152 5 2.4884e-05 2.14e-07 
9153 5 2.3522e-05 2.5e-07 
9154 6 2.4683e-05 2.66e-07 
9155 5 2.0009e-05 2.28e-07 
9156 5 2.5617e-05 1.84e-07 
9157 5 2.3803e-05 8.6e-08 
9158 6 2.3569e-05 2.73e-07 
9159 6 3.2795e-05 2.47e-07 
9160 5 3.4601e-05 2.29e-07 
9161 5 2.3154e-05 2.07e-07 
9162 6 2.8329e-05 1.62e-07 
9163 6 3.2702e-05 1.01e-07 
9164 6 2.6181e-05 3.63e-07 
9165 5 2.325e-05 2.21e-07 
9166 6 2.6048e-05 2.71e-07 
9167 5 2.0922e-05 2.28e-07 
9168 5 2.4809e-05 1.83e-07 
9169 5 2.2402e-05 3.62e-07 
9170 6 2.4564e-05 2.34e-07 
9171 5 2.3008e-05 7.9e-08 
9172 5 2.0103e-05 2.49e-07 
9173 5 2.3908e-05 2.24e-07 
9174 5 2.1043e-05 6.5e-08 
9175 5 2.0967e-05 1.83e-07 
9176 5 2.2629e-05 9.4e-08 
9177 5 2.0905e-05 6.4e-08 
9178 6 2.2949e-05 5.87e-07 
9179 6 3.4961e-05 3.47e-07 
9180 5 2.7202e-05 1.95e-07 
9181 5 2.3894e-05 3.39e-07 
9182 5 2.0675e-05 2.32e-07 
9183 5 2.2162e-05 9.1e-08 
9184 5 2.1286e-05 6e-08 
9185 5 2.1431e-05 6.4e-08 
9186 6 2.2338e-05 1.33e-07 
9187 5 2.0754e-05 8e-08 
9188 5 2.0332e-05 7.9e-08 
9189 5 2.283e-05 9.9e-08 
9190 6 2.5377e-05 1.22e-07 
9191 6 2.902e-05 8.2e-08 
9192 5 2.0237e-05 7.6e-08 
9193 5 2.4586e-05 2.85e-07 
9194 6 2.6614e-05 2.48e-07 
9195 5 2.0646e-05 1.84e-07 
9196 5 2.4214e-05 7.9e-08 
9197 5 2.4059e-05 3.31e-07 
9198 6 2.9954e-05 3.58e-07 
9199 6 2.9495e-05 9.2e-08 
9200 5 2.3615e-05 7.6e-08 
9201 5 2.0272e-05 2.87e-07 
9202 6 2.5832e-05 2.84e-07 
9203 5 2.1394e-05 2.27e-07 
9204 5 2.7517e-05 2.24e-07 
9205 5 2.346e-05 1.86e-07 
9206 6 2.8861e-05 2.35e-07 
9207 6 2.996e-05 2.57e-07 
9208 5 2.445e-05 2.06e-07 
9209 5 2.2201e-05 2.26e-07 
9210 6 2.4531e-05 2.31e-07 
9211 5 2.4865e-05 2.08e-07 
9212 5 2.4121e-05 2.19e-07 
9213 5 2.2206e-05 2.37e-07 
9214 6 2.496e-05 3.4e-07 
9215 5 1.9939e-05 1.72e-07 
9216 5 2.612e-05 6.7e-08 
9217 5 2.1132e-05 8.1e-08 
9218 6 2.6615e-05 3.52e-07 
9219 6 3.5649e-05 6.57e-07 
9220 5 2.5476e-05 2.01e-07 
9221 5 2.2052e-05 1.95e-07 
9222 6 2.5865e-05 2.26e-07 
9223 5 2.2103e-05 7.4e-08 
9224 5 2.1519e-05 6.3e-08 
9225 5 2.4198e-05 2.46e-07 
9226 6 2.5716e-05 2.41e-07 
9227 5 2.2809e-05 1.93e-07 
9228 5 2.0812e-05 1.94e-07 
9229 5 2.4773e-05 2.39e-07 
9230 6 2.6373e-05 1.08e-07 
9231 5 2.109e-05 7.5e-08 
9232 5 1.9919e-05 5.7e-08 
9233 6 2.93e-05 7.7e-08 
9234 6 2.1058e-05 8.4e-08 
9235 5 1.7744e-05 2.54e-07 
9236 5 2.3201e-05 3.29e-07 
9237 5 3.6154e-05 7.5e-08 
9238 6 3.4614e-05 2.31e-07 
9239 6 2.9733e-05 2.1e-07 
9240 5 2.4666e-05 1.91e-07 
9241 5 2.5176e-05 2.2e-07 
9242 6 2.3233e-05 1.13e-07 
9243 5 1.9576e-05 2.94e-07 
9244 5 2.2113e-05 2.63e-07 
9245 5 2.4226e-05 9e-08 
9246 6 2.3521e-05 2.28e-07 
9247 5 3.0188e-05 2.05e-07 
9248 5 2.1774e-05 2.39e-07 
9249 5 2.8106e-05 1.03e-07 
9250 6 2.6468e-05 9.3e-08 
9251 6 2.932e-05 2.66e-07 
9252 5 2.555e-05 1.89e-07 
9253 5 2.265e-05 6.8e-08 
9254 6 2.4591e-05 3.32e-07 
9255 5 2.1907e-05 2.32e-07 
9256 5 2.5728e-05 1.92e-07 
9257 6 3.1531e-05 2.15e-07 
9258 6 2.5507e-05 2.6e-07 
9259 6 2.6797e-05 2.68e-07 
9260 5 2.3182e-05 7.2e-08 
9261 5 1.9751e-05 2.14e-07 
9262 6 2.6042e-05 2.41e-07 
9263 5 2.036e-05 2.24e-07 
9264 5 2.1108e-05 2.2e-07 
9265 5 2.3113e-05 2.25e-07 
9266 6 4.1509e-05 7.6e-08 
9267 5 3.0587e-05 1.16e-07 
9268 5 2.3518e-05 2.68e-07 
9269 6 2.8541e-05 1.15e-07 
9270 6 2.6101e-05 3.34e-07 
9271 6 3.0466e-05 3.13e-07 
9272 5 2.4821e-05 3.72e-07 
9273 5 2.222e-05 2.28e-07 
9274 6 2.896e-05 6.39e-07 
9275 5 3.8077e-05 1.31e-07 
9276 5 2.3223e-05 2.13e-07 
9277 5 2.0029e-05 7.2e-08 
9278 7 5.2391e-05 3.5e-07 
9279 5 2.2689e-05 2.27e-07 
9280 5 2.2917e-05 6.2e-08 
9281 5 1.9986e-05 5.2e-08 
9282 6 2.4764e-05 3.21e-07 
9283 5 2.2312e-05 6.3e-08 
9284 5 2.09e-05 2.42e-07 
9285 5 2.3392e-05 1.98e-07 
9286 5 1.82e-05 1.88e-07 
9287 6 3.0203e-05 2.11e-07 
9288 5 2.3588e-05 1.21e-07 
9289 5 2.3121e-05 6.3e-08 
9290 6 2.4261e-05 9.5e-08 
9291 5 2.7749e-05 2.93e-07 
9292 5 2.8034e-05 2.45e-07 
9293 5 2.2212e-05 1.93e-07 
9294 7 3.1968e-05 2.6e-07 
9295 5 2.0582e-05 1.86e-07 
9296 6 2.755e-05 2.86e-07 
9297 5 2.2165e-05 2.19e-07 
9298 6 2.3138e-05 1.01e-07 
9299 5 2.1167e-05 2.03e-07 
9300 5 2.1876e-05 2.15e-07 
9301 5 2.1327e-05 2.78e-07 
9302 6 2.4241e-05 2.5e-07 
9303 5 2e-05 5.4e-08 
9304 5 2.1496e-05 1.13e-07 
9305 5 2.332e-05 2.13e-07 
9306 6 2.2175e-05 2.28e-07 
9307 5 2.1966e-05 1.85e-07 
9308 5 2.0794e-05 1.82e-07 
9309 5 2.1188e-05 1.56e-07 
9310 6 2.3544e-05 2.48e-07 
9311 6 3.1289e-05 2.69e-07 
9312 5 2.1924e-05 6.6e-08 
9313 5 2.0894e-05 2.94e-07 
9314 6 5.9253e-05 3.37e-07 
9315 5 2.0222e-05 1.72e-07 
9316 5 2.4365e-05 2.1e-07 
9317 5 2.1999e-05 1.82e-07 
9318 6 2.5839e-05 9.5e-08 
9319 6 2.6368e-05 8.9e-08 
9320 5 2.0606e-05 2.73e-07 
9321 5 2.3629e-05 2.11e-07 
9322 6 2.548e-05 1.73e-07 
9323 5 2.0501e-05 1.94e-07 
9324 5 2.179e-05 5.7e-08 
9325 5 2.0963e-05 3.58e-07 
9326 6 2.4823e-05 2.47e-07 
9327 5 2.0212e-05 1.95e-07 
9328 5 2.2173e-05 2.22e-07 
9329 5 2.1797e-05 2.09e-07 
9330 6 2.3256e-05 1.15e-07 
9331 5 2.2785e-05 2.15e-07 
9332 5 2.5943e-05 1.88e-07 
9333 5 2.2911e-05 2.34e-07 
9334 5 1.9384e-05 1.92e-07 
9335 5 2.1395e-05 6.2e-08 
9336 5 2.2804e-05 6.5e-08 
9337 5 2.3367e-05 1.9e-07 
9338 6 2.7788e-05 2.71e-07 
9339 5 1.9977e-05 2.25e-07 
9340 5 2.0472e-05 2.61e-07 
9341 5 2.5305e-05 2.4e-07 
9342 6 3.0823e-05 2.82e-07 
9343 5 2.487e-05 2.19e-07 
9344 5 2.3172e-05 3.96e-07 
9345 5 3.4927e-05 3e-07 
9346 6 2.3716e-05 2.51e-07 
9347 5 2.3267e-05 8e-08 
9348 5 2.5788e-05 6.8e-08 
9349 5 2.1698e-05 2.21e-07 
9350 6 2.7724e-05 8.8e-08 
9351 6 2.9062e-05 2.4e-07 
9352 5 2.2579e-05 2.55e-07 
9353 5 2.1888e-05 2.21e-07 
9354 6 2.3619e-05 2.18e-07 
9355 5 1.9629e-05 2.48e-07 
9356 5 2.2255e-05 5.7e-08 
9357 5 2.0639e-05 1.93e-07 
9358 5 1.8146e-05 1.86e-07 
9359 5 1.972e-05 2.72e-07 
9360 5 2.2387e-05 3.06e-07 
9361 5 2.9333e-05 2.35e-07 
9362 6 2.6403e-05 1.26e-07 
9363 5 2.0672e-05 7.7e-08 
9364 5 2.2068e-05 3.18e-07 
9365 5 2.4892e-05 5.6e-08 
9366 6 2.5415e-05 3.55e-07 
9367 6 2.7301e-05 9.2e-08 
9368 5 2.4075e-05 2.31e-07 
9369 5 2.6677e-05 2.31e-07 
9370 6 2.7935e-05 2.9e-07 
9371 5 7.5778e-05 1.94e-07 
9372 5 2.668e-05 2.22e-07 
9373 5 3.6883e-05 1.84e-07 
9374 5 1.8795e-05 7.8e-08 
9375 5 1.9139e-05 2.09e-07 
9376 6 3.037e-05 2.9e-07 
9377 5 2.3269e-05 7.3e-08 
9378 6 2.3918e-05 2.27e-07 
9379 6 3.1867e-05 3.28e-07 
9380 5 2.2109e-05 9.1e-08 
9381 5 2.4436e-05 1.19e-07 
9382 6 2.2945e-05 2.37e-07 
9383 5 2.1171e-05 3.55e-07 
9384 5 3.675e-05 2.06e-07 
9385 5 2.4751e-05 2.08e-07 
9386 6 2.7817e-05 2.43e-07 
9387 5 2.2452e-05 6e-08 
9388 5 2.1919e-05 2.29e-07 
9389 6 3.198e-05 1.97e-07 
9390 5 1.7574e-05 2.02e-07 
9391 6 3.1189e-05 1.88e-07 
9392 5 2.4972e-05 2.33e-07 
9393 5 2.4707e-05 2.87e-07 
9394 6 2.8211e-05 2.55e-07 
9395 5 2.4201e-05 2.03e-07 
9396 5 2.3183e-05 3.14e-07 
9397 5 3.9791e-05 2.05e-07 
9398 6 2.7411e-05 2.3e-07 
9399 5 2.4811e-05 2.41e-07 
9400 6 2.8668e-05 3.51e-07 
9401 6 3.027e-05 2.5e-07 
9402 6 2.6132e-05 3.4e-07 
9403 5 2.1827e-05 4.12e-07 
9404 5 2.3453e-05 2.15e-07 
9405 5 2.3511e-05 6.6e-08 
9406 6 2.4388e-05 2.42e-07 
9407 5 2.1671e-05 2.79e-07 
9408 5 2.415e-05 3.08e-07 
9409 5 2.2367e-05 2.38e-07 
9410 6 2.5827e-05 2.74e-07 
9411 5 2.6069e-05 2.18e-07 
9412 5 2.1616e-05 2.05e-07 
9413 5 2.1924e-05 2.04e-07 
9414 6 2.7478e-05 4.4e-07 
9415 6 2.5951e-05 1.78e-07 
9416 5 2.049e-05 8e-08 
9417 5 2.2446e-05 8.2e-08 
9418 6 2.5978e-05 9.3e-08 
9419 6 4.0528e-05 1.19e-07 
9420 5 2.1777e-05 1.04e-07 
9421 5 2.289e-05 8.5e-08 
9422 6 2.3905e-05 1.26e-07 
9423 5 2.0644e-05 6.1e-08 
9424 5 2.3076e-05 6.27e-07 
9425 5 2.6255e-05 6.7e-08 
9426 7 2.977e-05 4.62e-07 
9427 6 2.9558e-05 2.26e-07 
9428 5 2.2815e-05 7.6e-08 
9429 5 1.9759e-05 1.87e-07 
9430 6 2.5328e-05 2.27e-07 
9431 5 2.2178e-05 5.7e-08 
9432 5 2.1741e-05 1.01e-07 
9433 5 2.3008e-05 6.1e-08 
9434 6 2.5086e-05 9.9e-08 
9435 5 2.0597e-05 5.9e-08 
9436 5 2.1928e-05 6.5e-08 
9437 5 4.9333e-05 9.4e-08 
9438 5 2.0817e-05 5.9e-08 
9439 6 3.9098e-05 1.15e-07 
9440 5 2.1083e-05 7.9e-08 
9441 5 2.3594e-05 6.29e-07 
9442 6 3.0969e-05 2.51e-07 
9443 6 3.0255e-05 2.69e-07 
9444 5 3.551e-05 3.66e-07 
9445 5 2.2195e-05 2.37e-07 
9446 5 2.0919e-05 1.89e-07 
9447 5 2.3085e-05 1.95e-07 
9448 5 2.2867e-05 1.99e-07 
9449 5 2.2335e-05 6.4e-08 
9450 6 2.6551e-05 1.604e-06 
9451 5 2.5024e-05 2.3e-07 
9452 5 2.1797e-05 2.02e-07 
9453 5 2.4392e-05 2.48e-07 
9454 6 2.9975e-05 2.45e-07 
9455 5 2.1443e-05 2.07e-07 
9456 5 2.557e-05 7.1e-08 
9457 5 2.1801e-05 2.77e-07 
9458 6 3.0793e-05 6.31e-07 
9459 6 3.4471e-05 8.5e-08 
9460 5 2.0782e-05 4.18e-07 
9461 5 4.4197e-05 2.99e-07 
9462 6 2.9435e-05 1.7e-07 
9463 5 2.4501e-05 9.3e-08 
9464 5 2.3176e-05 1.58e-07 
9465 5 2.3094e-05 2.3e-07 
9466 6 2.6471e-05 9.3e-08 
9467 6 3.0701e-05 4.29e-07 
9468 5 2.3783e-05 2.18e-07 
9469 5 2.2612e-05 1.78e-07 
9470 6 3.6623e-05 2.96e-07 
9471 5 2.9287e-05 3.14e-07 
9472 5 2.5407e-05 2.57e-07 
9473 6 3.1803e-05 2.49e-07 
9474 6 2.6376e-05 2.01e-07 
9475 5 2.0039e-05 7.7e-08 
9476 5 2.2072e-05 1.47e-07 
9477 5 2.2188e-05 4.21e-07 
9478 6 2.8161e-05 3.97e-07 
9479 6 4.0776e-05 1.09e-07 
9480 5 2.3187e-05 6.4e-08 
9481 5 2.0755e-05 5.8e-08 
9482 6 2.2647e-05 8.3e-08 
9483 5 2.1323e-05 6.5e-08 
9484 5 2.4008e-05 7.7e-08 
9485 5 1.9951e-05 6.3e-08 
9486 6 2.4505e-05 8.9e-08 
9487 6 2.9731e-05 7.7e-08 
9488 5 2.0113e-05 6.04e-07 
9489 5 2.6403e-05 2.35e-07 
9490 6 2.6409e-05 1.02e-07 
9491 5 3.7332e-05 9.2e-08 
9492 5 2.2706e-05 1.63e-07 
9493 5 2.7116e-05 6.2e-08 
9494 6 2.7975e-05 2.9e-07 
9495 5 2.1372e-05 6.2e-08 
9496 5 2.0578e-05 5.8e-08 
9497 5 2.653e-05 2.05e-07 
9498 6 2.6445e-05 2.3e-07 
9499 6 3.2e-05 8.5e-08 
9500 5 2.5185e-05 2.08e-07 
9501 6 3.4397e-05 5.78e-07 
9502 6 8.0187e-05 2.78e-07 
9503 5 2.2925e-05 9.6e-08 
9504 5 2.371e-05 2.2e-07 
9505 5 2.4699e-05 9.7e-08 
9506 6 2.6678e-05 2.66e-07 
9507 5 2.4912e-05 2.03e-07 
9508 5 2.5376e-05 2.48e-07 
9509 5 2.4745e-05 1.93e-07 
9510 6 2.4766e-05 2.16e-07 
9511 5 2.4353e-05 7.6e-08 
9512 5 2.524e-05 5.9e-08 
9513 5 2.2713e-05 2.82e-07 
9514 6 2.8437e-05 1.07e-07 
9515 5 2.0494e-05 2.2452e-05 
9516 5 2.3527e-05 6.4e-08 
9517 5 2.4381e-05 2.09e-07 
9518 6 2.5149e-05 3.13e-07 
9519 6 3.3208e-05 2.3e-07 
9520 5 2.4507e-05 6.2e-08 
9521 6 3.2417e-05 2.45e-07 
9522 6 2.6893e-05 2.71e-07 
9523 5 2.2331e-05 2.16e-07 
9524 5 2.1835e-05 1.97e-07 
9525 5 2.1559e-05 1.56e-07 
9526 6 3.6788e-05 1.12e-07 
9527 5 2.2367e-05 2.05e-07 
9528 5 2.2198e-05 8.7e-08 
9529 5 2.19e-05 2.04e-07 
9530 6 2.3898e-05 2.7e-07 
9531 5 2.4478e-05 2.18e-07 
9532 5 2.2592e-05 3.1e-07 
9533 6 2.8567e-05 3.88e-07 
9534 6 2.526e-05 8.4e-08 
9535 5 1.9373e-05 1.95e-07 
9536 5 2.2234e-05 2.05e-07 
9537 5 2.1937e-05 6.2e-08 
9538 6 2.3905e-05 4.57e-07 
9539 6 3.3896e-05 2.54e-07 
9540 5 2.4879e-05 1.92e-07 
9541 5 2.2076e-05 2.16e-07 
9542 6 2.5903e-05 2.46e-07 
9543 5 2.1072e-05 1.84e-07 
9544 6 2.8028e-05 2.57e-07 
9545 5 2.1822e-05 7.6e-08 
9546 6 2.3962e-05 2.35e-07 
9547 6 2.8432e-05 2.61e-07 
9548 5 2.159e-05 7.9e-08 
9549 5 2.0947e-05 2.22e-07 
9550 5 2.0919e-05 1.86e-07 
9551 5 2.3148e-05 7.3e-08 
9552 5 2.0421e-05 5.7e-08 
9553 5 2.2525e-05 3.92e-07 
9554 6 2.5705e-05 1.07e-07 
9555 5 1.9836e-05 6.4e-08 
9556 5 2.553e-05 2.78e-07 
9557 5 2.4943e-05 2.39e-07 
9558 7 3.403e-05 3.08e-07 
9559 6 3.522e-05 2.76e-07 
9560 5 2.6991e-05 3.31e-07 
9561 5 2.959e-05 3.38e-07 
9562 6 4.0504e-05 5.09e-07 
9563 5 5.7089e-05 4.47e-07 
9564 5 6.5114e-05 5.25e-07 
9565 5 3.5755e-05 1.19e-07 
9566 6 4.0905e-05 1.68e-07 
9567 6 4.2192e-05 1.7e-07 
9568 5 3.1912e-05 5.24e-07 
9569 5 3.7705e-05 5.99e-07 
9570 6 4.5087e-05 4.63e-07 
9571 6 4.6698e-05 3.34e-07 
9572 5 2.7552e-05 2.58e-07 
9573 5 2.8168e-05 2.65e-07 
9574 6 3.0166e-05 1.37e-07 
9575 5 2.84e-05 7.7e-08 
9576 5 2.7432e-05 3.38e-07 
9577 5 2.1859e-05 6.3e-08 
9578 6 2.3223e-05 8.4e-08 
9579 6 3.144e-05 1e-07 
9580 5 2.3147e-05 1.01e-07 
9581 5 2.1193e-05 6.03e-07 
9582 6 3.715e-05 2.34e-07 
9583 5 2.4944e-05 1.01e-07 
9584 5 2.3884e-05 8.6e-08 
9585 5 2.2873e-05 6.1e-08 
9586 6 2.431e-05 6.73e-07 
9587 5 2.4987e-05 1.95e-07 
9588 5 2.4322e-05 2.69e-07 
9589 5 4.6219e-05 2.92e-07 
9590 6 2.6914e-05 2.72e-07 
9591 5 2.613e-05 2e-07 
9592 5 2.4081e-05 6.6e-08 
9593 5 2.1409e-05 7.6e-08 
9594 6 2.4406e-05 1.45e-07 
9595 5 2.1084e-05 9.9e-08 
9596 5 2.0799e-05 7.6e-08 
9597 5 2.0778e-05 8.3e-08 
9598 5 1.7798e-05 6.2e-08 
9599 5 2.4463e-05 6.1e-08 
9600 5 2.0587e-05 7.6e-08 
9601 5 1.9846e-05 8.2e-08 
9602 6 2.3774e-05 9.5e-08 
9603 6 2.8606e-05 6.79e-07 
9604 5 2.5104e-05 2.17e-07 
9605 5 2.3158e-05 7.2e-08 
9606 6 2.6878e-05 3.56e-07 
9607 5 2.5226e-05 2.38e-07 
9608 5 2.3481e-05 6.4e-08 
9609 5 2.227e-05 3.24e-07 
9610 6 2.5926e-05 2.46e-07 
9611 5 2.4276e-05 7e-08 
9612 5 2.2552e-05 2.43e-07 
9613 5 2.311e-05 6.1e-08 
9614 6 2.4793e-05 2.85e-07 
9615 5 2.3158e-05 8.3e-08 
9616 5 2.1535e-05 2.4e-07 
9617 5 2.3505e-05 7.6e-08 
9618 6 2.2909e-05 3.89e-07 
9619 5 2.5502e-05 1.91e-07 
9620 5 2.5857e-05 2.23e-07 
9621 5 2.2503e-05 7.9e-08 
9622 5 1.8895e-05 6.5e-08 
9623 5 4.4507e-05 4.73e-07 
9624 5 2.6333e-05 2.82e-07 
9625 5 2.6055e-05 6.2e-08 
9626 6 2.3329e-05 3.51e-07 
9627 6 3.3348e-05 1.63e-07 
9628 5 2.1856e-05 6.8e-08 
9629 5 3.6183e-05 3.98e-07 
9630 6 2.6065e-05 1.25e-07 
9631 6 3.2013e-05 3.32e-07 
9632 5 2.3976e-05 2.06e-07 
9633 5 2.4738e-05 2.14e-07 
9634 6 2.4479e-05 2.12e-07 
9635 5 2.1633e-05 1.05e-07 
9636 5 2.3323e-05 5.9e-08 
9637 5 2.4427e-05 6.1e-08 
9638 5 1.6957e-05 4.35e-07 
9639 6 3.2414e-05 2.47e-07 
9640 5 2.1803e-05 2.15e-07 
9641 5 2.381e-05 3.09e-07 
9642 6 2.4508e-05 3.86e-07 
9643 5 2.2526e-05 6.1e-08 
9644 5 2.0103e-05 2.23e-07 
9645 5 2.4123e-05 8.3e-08 
9646 6 2.4287e-05 3.6e-07 
9647 5 2.3228e-05 8.1e-08 
9648 5 2.2739e-05 4.23e-07 
9649 5 3.2551e-05 2.19e-07 
9650 6 2.8342e-05 2.78e-07 
9651 6 3.1137e-05 2.72e-07 
9652 5 2.4537e-05 2.38e-07 
9653 6 3.1218e-05 2.5e-07 
9654 5 1.8561e-05 8.3e-08 
9655 5 1.9628e-05 7.9e-08 
9656 5 2.4653e-05 3.71e-07 
9657 5 2.5589e-05 2.24e-07 
9658 6 2.4627e-05 2.51e-07 
9659 5 2.4281e-05 1.96e-07 
9660 5 2.3897e-05 6.3e-08 
9661 5 2.5655e-05 2.22e-07 
9662 6 2.4061e-05 2.39e-07 
9663 6 3.0315e-05 2.39e-07 
9664 5 2.3937e-05 6.5e-08 
9665 6 2.7409e-05 1.02e-07 
9666 6 2.3582e-05 1.28e-07 
9667 5 2.0509e-05 3.98e-07 
9668 5 2.4201e-05 7.9e-08 
9669 6 3.044e-05 4.77e-07 
9670 6 2.5393e-05 3.46e-07 
9671 5 2.4026e-05 2.04e-07 
9672 5 2.4822e-05 1.7e-07 
9673 5 4.075e-05 2.2e-07 
9674 6 2.48e-05 2.67e-07 
9675 5 1.9737e-05 2.76e-07 
9676 5 2.3495e-05 7.4e-08 
9677 5 2.1574e-05 6.8e-08 
9678 6 2.7907e-05 4.6e-07 
9679 5 2.6551e-05 8.3e-08 
9680 5 2.0513e-05 2.48e-07 
9681 5 2.6416e-05 6.6e-08 
9682 6 2.477e-05 2.39e-07 
9683 5 2.1644e-05 2.25e-07 
9684 5 2.3043e-05 2.25e-07 
9685 5 2.4002e-05 6.1e-08 
9686 6 2.3349e-05 1.03e-07 
9687 5 2.0927e-05 3.75e-07 
9688 5 2.3683e-05 1.98e-07 
9689 5 2.4331e-05 2.09e-07 
9690 6 2.3914e-05 2.69e-07 
9691 6 3.1335e-05 8.1e-08 
9692 6 4.6979e-05 4.08e-07 
9693 5 2.2946e-05 2.56e-07 
9694 6 2.6814e-05 2.7e-07 
9695 5 2.0218e-05 7.5e-08 
9696 5 2.1235e-05 2.37e-07 
9697 5 2.34e-05 2.4e-07 
9698 7 3.1468e-05 4.08e-07 
9699 6 3.1346e-05 2.41e-07 
9700 5 2.2713e-05 8.8e-08 
9701 5 2.2981e-05 1.59e-06 
9702 5 2.1558e-05 2.41e-07 
9703 5 2.0936e-05 2.05e-07 
9704 5 2.122e-05 2.17e-07 
9705 5 2.3888e-05 2.42e-07 
9706 6 2.6025e-05 2.33e-07 
9707 6 2.8938e-05 2.6e-07 
9708 5 2.4859e-05 3.09e-07 
9709 5 2.164e-05 1.02e-07 
9710 5 1.9034e-05 4.03e-07 
9711 5 2.4926e-05 1.41e-07 
9712 5 2.3749e-05 6.3e-08 
9713 5 2.1167e-05 1.11e-07 
9714 6 2.4999e-05 2.82e-07 
9715 5 2.0694e-05 2.38e-07 
9716 5 2.1858e-05 2.02e-07 
9717 5 2.1598e-05 6.2e-08 
9718 6 2.4916e-05 8.9e-08 
9719 5 2.4657e-05 2.83e-07 
9720 5 2.229e-05 2e-07 
9721 5 2.4227e-05 2.04e-07 
9722 6 3.7677e-05 1.05e-07 
9723 5 2.4499e-05 2.11e-07 
9724 5 2.3159e-05 2.16e-07 
9725 5 2.3379e-05 2.46e-07 
9726 6 2.6904e-05 2.4e-07 
9727 5 2.1868e-05 2.11e-07 
9728 5 2.5099e-05 2.23e-07 
9729 5 2.2236e-05 1.96e-07 
9730 6 2.4803e-05 2.64e-07 
9731 6 3.0581e-05 2.83e-07 
9732 5 2.3492e-05 7e-08 
9733 5 2.2042e-05 1.98e-07 
9734 6 2.574e-05 3.47e-07 
9735 5 2.0511e-05 2e-07 
9736 5 2.5706e-05 2.02e-07 
9737 5 2.3244e-05 8.8e-08 
9738 6 2.4584e-05 7.6e-08 
9739 6 5.5348e-05 5.98e-07 
9740 5 3.6579e-05 2.27e-07 
9741 5 3.0109e-05 2.41e-07 
9742 6 2.8566e-05 1.07e-07 
9743 5 2.308e-05 8.1e-08 
9744 5 2.3863e-05 2.25e-07 
9745 5 2.1747e-05 1.8e-07 
9746 6 2.2683e-05 7.8e-08 
9747 5 2.0606e-05 1.95e-07 
9748 5 2.3316e-05 2.33e-07 
9749 6 3.2408e-05 2.7e-07 
9750 6 2.9333e-05 2.37e-07 
9751 5 2.5985e-05 2.59e-07 
9752 5 2.3363e-05 2.09e-07 
9753 5 2.3812e-05 2.25e-07 
9754 6 2.5617e-05 9.8e-08 
9755 5 2.0636e-05 2.03e-07 
9756 5 2.2928e-05 6.4e-08 
9757 5 2.4829e-05 5.8e-08 
9758 6 2.4811e-05 2.8e-07 
9759 6 3.4666e-05 1.76e-07 
9760 5 0.000172249 2.68e-07 
9761 5 2.8114e-05 2.79e-07 
9762 6 2.7596e-05 2.41e-07 
9763 5 2.3666e-05 2.21e-07 
9764 5 2.0859e-05 1.99e-07 
9765 4 2.0497e-05 8.5e-08 
9766 6 2.4066e-05 1.09e-07 
9767 6 2.711e-05 2.57e-07 
9768 5 2.2941e-05 6.3e-08 
9769 5 2.421e-05 6.2e-08 
9770 6 2.2732e-05 1.1045e-05 
9771 6 3.1525e-05 2.47e-07 
9772 5 2.5859e-05 1.32e-07 
9773 5 2.3325e-05 8.3e-08 
9774 6 2.3378e-05 8.6e-08 
9775 5 2.0304e-05 6.2e-08 
9776 5 2.1492e-05 7.2e-08 
9777 5 2.2801e-05 3.37e-07 
9778 6 2.6388e-05 2.38e-07 
9779 6 3.3533e-05 2.64e-07 
9780 5 2.3465e-05 1.96e-07 
9781 5 2.5607e-05 1.28e-07 
9782 6 2.4682e-05 2.52e-07 
9783 5 2.215e-05 8e-08 
9784 5 4.3655e-05 4.13e-07 
9785 6 3.2391e-05 2.76e-07 
9786 6 2.4918e-05 4.18e-07 
9787 5 2.2939e-05 1.09e-07 
9788 5 2.3792e-05 2.58e-07 
9789 5 2.3427e-05 9.7e-08 
9790 6 2.4404e-05 4.39e-07 
9791 5 2.475e-05 3.5e-07 
9792 5 2.23e-05 3.08e-07 
9793 5 2.4821e-05 2.04e-07 
9794 6 2.7796e-05 3.79e-07 
9795 5 2.0692e-05 1.99e-07 
9796 5 2.2426e-05 2.77e-07 
9797 6 3.0443e-05 2.82e-07 
9798 6 2.7969e-05 3.51e-07 
9799 6 4.3361e-05 2.53e-07 
9800 6 2.8552e-05 2.58e-07 
9801 5 2.3601e-05 3.26e-07 
9802 6 2.4474e-05 9.3e-08 
9803 5 2.2758e-05 2.63e-07 
9804 5 2.435e-05 2.39e-07 
9805 5 2.1731e-05 5.9e-08 
9806 6 2.3823e-05 2.65e-07 
9807 6 2.9903e-05 2.53e-07 
9808 5 2.3466e-05 2.27e-07 
9809 5 2.1406e-05 2.16e-07 
9810 6 2.4011e-05 1.01e-07 
9811 5 3.5755e-05 1.65e-07 
9812 5 3.7428e-05 9.9e-08 
9813 5 2.6052e-05 2.29e-07 
9814 5 1.9922e-05 2.12e-07 
9815 5 1.9988e-05 1.82e-07 
9816 5 2.6463e-05 2.17e-07 
9817 5 2.3762e-05 2.31e-07 
9818 6 2.7092e-05 1.31e-07 
9819 6 3.1805e-05 2.1e-07 
9820 5 2.3581e-05 2.33e-07 
9821 5 2.2792e-05 2.09e-07 
9822 7 4.5865e-05 1.5e-07 
9823 5 2.0217e-05 2.41e-07 
9824 5 2.3038e-05 3.69e-07 
9825 5 2.5717e-05 2.16e-07 
9826 6 4.4574e-05 2.95e-07 
9827 6 2.8202e-05 1.28e-07 
9828 5 2.1617e-05 3.39e-07 
9829 5 2.3867e-05 8.9e-08 
9830 6 2.4352e-05 4.24e-07 
9831 5 2.4472e-05 2.02e-07 
9832 5 2.1811e-05 2.05e-07 
9833 5 2.6195e-05 2.47e-07 
9834 6 2.6231e-05 2.64e-07 
9835 5 2.3046e-05 2.34e-07 
9836 5 2.4079e-05 8e-08 
9837 5 2.1206e-05 5.8e-08 
9838 6 2.621e-05 1.237e-06 
9839 6 7.3168e-05 7.71e-07 
9840 5 5.0471e-05 2.79e-07 
9841 5 2.9319e-05 2.86e-07 
9842 6 3.3628e-05 3.19e-07 
9843 5 2.6103e-05 4.04e-07 
9844 5 3.4019e-05 1.47e-07 
9845 5 2.3117e-05 2.18e-07 
9846 6 2.6699e-05 7.4e-07 
9847 5 3.654e-05 5.65e-07 
9848 5 4.0073e-05 2.01e-07 
9849 5 4.1722e-05 3.42e-07 
9850 6 3.1425e-05 4.01e-07 
9851 5 2.6073e-05 4.72e-07 
9852 5 2.3963e-05 2.4e-07 
9853 5 2.5438e-05 2.68e-07 
9854 6 2.6884e-05 2.93e-07 
9855 5 2.2133e-05 2.29e-07 
9856 5 2.3261e-05 2.11e-07 
9857 5 2.5326e-05 2.66e-07 
9858 6 7.1255e-05 3.33e-07 
9859 6 3.3347e-05 1.36e-07 
9860 5 2.3826e-05 7.59e-07 
9861 5 3.2111e-05 4.72e-07 
9862 6 5.5781e-05 6.2e-07 
9863 5 4.6851e-05 5.81e-07 
9864 6 7.4603e-05 7.43e-07 
9865 5 4.568e-05 6.04e-07 
9866 6 4.8152e-05 2.64e-07 
9867 5 4.5831e-05 6.94e-07 
9868 5 4.3084e-05 4.03e-07 
9869 5 3.1782e-05 9.8e-08 
9870 6 2.5849e-05 3.53e-07 
9871 5 2.8586e-05 3.01e-07 
9872 5 2.4129e-05 1.92e-07 
9873 5 2.3166e-05 2.54e-07 
9874 6 3.6019e-05 1.29e-07 
9875 5 2.3372e-05 3.08e-07 
9876 5 2.4476e-05 2.6e-07 
9877 5 2.2914e-05 4.13e-07 
9878 6 2.7513e-05 1.28e-07 
9879 6 3.1378e-05 3.9e-07 
9880 5 2.8952e-05 2.44e-07 
9881 5 2.3664e-05 1.98e-07 
9882 6 3.521e-05 5.54e-07 
9883 5 2.3715e-05 3.63e-07 
9884 5 2.5675e-05 3.69e-07 
9885 5 2.3021e-05 2.24e-07 
9886 5 2.4193e-05 2.84e-07 
9887 6 3.3058e-05 6.24e-07 
9888 5 2.7765e-05 4e-07 
9889 5 2.5921e-05 2.3e-07 
9890 6 2.666e-05 3.67e-07 
9891 5 2.6534e-05 2.79e-07 
9892 5 2.5451e-05 9.9e-08 
9893 5 2.4951e-05 1.15e-07 
9894 6 2.6943e-05 6.42e-07 
9895 5 2.5708e-05 2.28e-07 
9896 5 2.4096e-05 1.12e-07 
9897 5 2.5419e-05 5.47e-07 
9898 6 2.8598e-05 2.89e-07 
9899 6 3.2146e-05 2.69e-07 
9900 5 2.2797e-05 2.56e-07 
9901 5 2.8628e-05 1.83e-07 
9902 5 2.0219e-05 2.34e-07 
9903 5 2.318e-05 3.6e-07 
9904 5 2.3428e-05 9.4e-08 
9905 5 3.1576e-05 3.05e-07 
9906 6 2.5999e-05 1.29e-07 
9907 6 2.9636e-05 1.21e-07 
9908 5 2.0777e-05 2.78e-07 
9909 5 2.7337e-05 2.56e-07 
9910 6 2.8507e-05 2.31e-07 
9911 5 2.5507e-05 3.06e-07 
9912 5 2.2815e-05 1.03e-07 
9913 5 2.3344e-05 1.04e-07 
9914 6 2.5669e-05 3.99e-07 
9915 5 2.2925e-05 2.62e-07 
9916 5 2.3265e-05 2.35e-07 
9917 6 3.4131e-05 1.323e-06 
9918 5 4.4263e-05 1.158e-06 
9919 5 3.6016e-05 4.84e-07 
9920 5 2.3188e-05 2.69e-07 
9921 5 2.542e-05 3.93e-07 
9922 6 2.8526e-05 6.76e-07 
9923 5 2.5083e-05 3.86e-07 
9924 6 2.9221e-05 4.96e-07 
9925 5 2.7145e-05 3.13e-07 
9926 6 2.8251e-05 3.2e-07 
9927 5 2.3766e-05 2.49e-07 
9928 5 2.4346e-05 3.56e-07 
9929 6 2.9326e-05 2.85e-07 
9930 6 2.5312e-05 3.55e-07 
9931 5 3.598e-05 2.56e-07 
9932 5 2.5542e-05 2.31e-07 
9933 5 2.6275e-05 4.11e-07 
9934 6 2.6087e-05 3.64e-07 
9935 5 2.1299e-05 2.11e-07 
9936 5 2.468e-05 4.89e-07 
9937 5 3.3448e-05 2.58e-07 
9938 6 3.0568e-05 3.22e-07 
9939 5 2.6903e-05 2.09e-07 
9940 5 2.5338e-05 2.17e-07 
9941 5 2.4421e-05 2.83e-07 
9942 6 2.7358e-05 6.58e-07 
9943 6 3.0324e-05 2.77e-07 
9944 5 2.3638e-05 7.37e-07 
9945 5 3.1334e-05 9.8e-08 
9946 6 3.0301e-05 5.89e-07 
9947 5 3.8028e-05 1.037e-06 
9948 5 4.8474e-05 7.85e-07 
9949 5 5.3592e-05 3.19e-07 
9950 6 4.3394e-05 4.07e-07 
9951 6 3.2808e-05 3.07e-07 
9952 5 2.3662e-05 4.23e-07 
9953 5 2.3516e-05 1.07e-07 
9954 6 2.4986e-05 1.31e-07 
9955 5 2.1276e-05 3.57e-07 
9956 5 2.6715e-05 3.46e-07 
9957 5 2.3716e-05 4.06e-07 
9958 6 3.2284e-05 3.54e-07 
9959 6 3.3738e-05 1.48e-07 
9960 5 2.4571e-05 1.33e-07 
9961 5 2.1279e-05 4.62e-07 
9962 6 2.8461e-05 3.12e-07 
9963 5 2.5657e-05 2.62e-07 
9964 5 2.7541e-05 1.08e-07 
9965 5 2.6908e-05 3.59e-07 
9966 6 4.2078e-05 3.34e-07 
9967 6 3.0955e-05 3.99e-07 
9968 5 2.6119e-05 1.01e-07 
9969 5 2.2723e-05 5.74e-07 
9970 6 4.3849e-05 4e-07 
9971 6 3.5655e-05 1.46e-07 
9972 5 2.2415e-05 1.73e-07 
9973 5 2.5973e-05 1.36e-07 
9974 5 2.6124e-05 1e-07 
9975 5 2.1392e-05 1.07e-07 
9976 5 2.3201e-05 7.62e-07 
9977 5 2.8714e-05 2.31e-07 
9978 6 2.9377e-05 3.28e-07 
9979 5 3.9497e-05 2.59e-07 
9980 5 2.5861e-05 2.55e-07 
9981 5 2.3541e-05 4.24e-07 
9982 6 3.0542e-05 3.36e-07 
9983 5 2.5389e-05 2.29e-07 
9984 5 2.4305e-05 4.93e-07 
9985 5 2.7093e-05 2.44e-07 
9986 6 3.7918e-05 3.47e-07 
9987 5 2.6244e-05 2.82e-07 
9988 5 2.4495e-05 2.07e-07 
9989 5 2.3828e-05 2.43e-07 
9990 6 2.8256e-05 3.77e-07 
9991 5 2.6246e-05 2.37e-07 
9992 5 2.3767e-05 1.57e-07 
9993 5 2.0901e-05 2.32e-07 
9994 6 2.7185e-05 2.31e-07 
9995 5 2.1377e-05 6.47e-07 
9996 5 2.7299e-05 5.1e-07 
9997 5 2.3779e-05 1.05e-07 
9998 6 2.6167e-05 5.89e-07 
9999 5 2.9782e-05 3.27e-07 
