0 0 2.39e-07 1.23e-07 
1 1 2.1494e-05 1.62e-07 
2 2 8.624e-06 1.44e-07 
3 3 1.2103e-05 1.59e-07 
4 4 1.7247e-05 4.14e-07 
5 5 2.1201e-05 2.06e-07 
6 6 2.4711e-05 3.82e-07 
7 7 3.2946e-05 4.18e-07 
8 8 3.431e-05 5.13e-07 
9 9 4.2456e-05 3.28e-07 
10 10 4.6542e-05 3.65e-07 
11 11 4.7825e-05 3.05e-07 
12 12 5.0982e-05 3.83e-07 
13 13 5.9534e-05 4.61e-07 
14 14 6.1728e-05 1.313e-06 
15 15 7.2539e-05 1.304e-06 
16 16 8.4709e-05 5.75e-07 
17 16 6.6282e-05 4.51e-07 
18 7 2.9066e-05 2.53e-07 
19 8 3.2159e-05 2.43e-07 
20 8 3.2098e-05 2.34e-07 
21 8 3.2787e-05 2.01e-07 
22 8 3.2112e-05 2.07e-07 
23 8 3.204e-05 2.08e-07 
24 8 3.2011e-05 2.03e-07 
25 8 3.1932e-05 2.04e-07 
26 8 3.2022e-05 2.06e-07 
27 8 3.178e-05 1.48e-07 
28 8 5.0332e-05 2.32e-07 
29 8 3.2522e-05 2.01e-07 
30 8 3.1897e-05 2.9e-07 
31 8 3.4448e-05 2.51e-07 
32 8 3.2614e-05 1.72e-07 
33 8 3.2875e-05 3.17e-07 
34 8 4.7726e-05 2.32e-07 
35 8 3.3279e-05 2.75e-07 
36 8 3.2695e-05 2.71e-07 
37 8 3.2884e-05 5.26e-07 
38 8 3.2e-05 2.24e-07 
39 8 3.1045e-05 2.15e-07 
40 8 2.9664e-05 3.72e-07 
41 8 3.0084e-05 1.76e-07 
42 8 2.9708e-05 2.09e-07 
43 8 2.8636e-05 2.07e-07 
44 8 2.8911e-05 2.02e-07 
45 8 2.742e-05 1.93e-07 
46 8 2.6353e-05 1.93e-07 
47 8 2.6611e-05 2.06e-07 
48 8 2.6611e-05 1.93e-07 
49 8 2.4972e-05 1.96e-07 
50 8 2.4869e-05 2.1e-07 
51 8 2.4041e-05 1.94e-07 
52 8 2.3696e-05 1.72e-07 
53 8 2.3325e-05 2.11e-07 
54 8 2.2422e-05 2.09e-07 
55 8 2.2774e-05 2.08e-07 
56 8 2.2482e-05 1.58e-07 
57 8 2.1076e-05 1.75e-07 
58 8 2.0656e-05 1.51e-07 
59 8 2.0707e-05 1.65e-07 
60 8 2.1048e-05 1.62e-07 
61 8 2.0345e-05 1.66e-07 
62 8 1.9482e-05 1.46e-07 
63 8 2.2268e-05 1.54e-07 
64 8 1.888e-05 1.38e-07 
65 8 1.9006e-05 1.6e-07 
66 8 1.7899e-05 1.31e-07 
67 8 1.8863e-05 1.51e-07 
68 8 1.7702e-05 1.45e-07 
69 9 2.489e-05 1.71e-07 
70 9 2.3578e-05 1.48e-07 
71 9 2.3647e-05 2.21e-07 
72 9 2.4325e-05 1.44e-07 
73 9 2.7086e-05 1.36e-07 
74 9 2.2983e-05 1.61e-07 
75 9 2.3376e-05 2.98e-07 
76 9 3.6281e-05 2.49e-07 
77 9 3.659e-05 1.56e-07 
78 9 2.3712e-05 1.49e-07 
79 9 2.3257e-05 1.5e-07 
80 9 2.3455e-05 1.36e-07 
81 9 2.3347e-05 1.37e-07 
82 9 2.3251e-05 1.4e-07 
83 9 2.3222e-05 1.34e-07 
84 9 2.3675e-05 1.44e-07 
85 9 2.3266e-05 1.51e-07 
86 9 2.3329e-05 1.42e-07 
87 9 2.354e-05 1.68e-07 
88 9 2.4051e-05 1.36e-07 
89 9 2.3811e-05 1.5e-07 
90 9 2.3172e-05 1.48e-07 
91 9 2.3011e-05 1.34e-07 
92 9 2.3271e-05 1.4e-07 
93 9 2.385e-05 1.45e-07 
94 9 2.3644e-05 1.33e-07 
95 9 2.3867e-05 1.56e-07 
96 9 2.3672e-05 2.31e-07 
97 9 2.4504e-05 1.88e-07 
98 9 2.6421e-05 1.48e-07 
99 9 2.3589e-05 2.36e-07 
100 9 2.3513e-05 1.46e-07 
101 9 2.3313e-05 1.33e-07 
102 9 2.3176e-05 1.7e-07 
103 9 2.329e-05 1.35e-07 
104 9 2.3398e-05 1.37e-07 
105 9 2.376e-05 1.39e-07 
106 9 2.4162e-05 1.55e-07 
107 9 2.3297e-05 1.35e-07 
108 9 2.4184e-05 1.61e-07 
109 9 2.3747e-05 1.12e-07 
110 9 2.3168e-05 1.49e-07 
111 9 2.3377e-05 1.52e-07 
112 9 2.3788e-05 1.35e-07 
113 9 2.3405e-05 1.35e-07 
114 9 2.3185e-05 1.47e-07 
115 9 2.3557e-05 1.29e-07 
116 9 2.4046e-05 2.87e-07 
117 9 2.3527e-05 1.35e-07 
118 9 2.3805e-05 1.49e-07 
119 10 2.8506e-05 1.69e-07 
120 10 2.6563e-05 2.46e-07 
121 10 2.6452e-05 1.43e-07 
122 10 2.7382e-05 1.65e-07 
123 10 2.7534e-05 1.62e-07 
124 10 2.6911e-05 4.07e-07 
125 10 2.5704e-05 1.49e-07 
126 10 2.8647e-05 1.5e-07 
127 10 2.6041e-05 1.43e-07 
128 10 2.731e-05 1.37e-07 
129 10 2.7044e-05 1.47e-07 
130 10 2.9111e-05 1.7e-07 
131 10 3.4305e-05 2.66e-07 
132 10 2.7118e-05 1.49e-07 
133 10 2.6345e-05 1.26e-07 
134 10 2.6972e-05 1.75e-07 
135 10 2.7954e-05 1.49e-07 
136 10 2.8628e-05 1.43e-07 
137 10 2.6761e-05 1.43e-07 
138 10 2.603e-05 1.46e-07 
139 10 2.4803e-05 2.1e-07 
140 10 2.7144e-05 1.96e-07 
141 10 2.6861e-05 1.58e-07 
142 10 2.9103e-05 1.51e-07 
143 10 2.8792e-05 1.59e-07 
144 10 2.8807e-05 1.49e-07 
145 10 2.5411e-05 1.44e-07 
146 10 2.7031e-05 1.46e-07 
147 10 2.5915e-05 1.41e-07 
148 10 2.7024e-05 2.26e-07 
149 10 2.7521e-05 1.5e-07 
150 10 2.5412e-05 1.46e-07 
151 10 2.5884e-05 1.44e-07 
152 10 2.7919e-05 1.48e-07 
153 10 2.8109e-05 1.56e-07 
154 10 2.5261e-05 1.18e-07 
155 10 2.7275e-05 1.99e-07 
156 10 2.6012e-05 1.48e-07 
157 10 2.6586e-05 1.62e-07 
158 10 2.6492e-05 1.64e-07 
159 10 2.5998e-05 2.23e-07 
160 10 2.572e-05 1.61e-07 
161 10 2.7629e-05 1.55e-07 
162 10 2.5429e-05 1.86e-07 
163 10 2.8287e-05 2.19e-07 
164 10 2.6818e-05 1.5e-07 
165 10 4.5668e-05 1.54e-07 
166 10 2.6991e-05 1.75e-07 
167 10 2.6038e-05 1.63e-07 
168 10 2.653e-05 1.62e-07 
169 11 3.1614e-05 1.75e-07 
170 11 3.159e-05 1.64e-07 
171 11 3.2484e-05 1.86e-07 
172 11 3.0233e-05 1.38e-07 
173 11 3.0874e-05 1.84e-07 
174 11 3.0353e-05 4.28e-07 
175 11 3.2987e-05 3.21e-07 
176 11 3.2553e-05 2.33e-07 
177 11 3.2277e-05 3.16e-07 
178 11 3.1436e-05 1.67e-07 
179 11 3.3402e-05 1.65e-07 
180 11 3.4494e-05 8.64e-07 
181 11 3.4075e-05 2.01e-07 
182 11 3.1228e-05 1.56e-07 
183 11 3.1153e-05 1.99e-07 
184 11 3.1995e-05 1.95e-07 
185 11 2.9743e-05 2.02e-07 
186 11 3.0267e-05 2.15e-07 
187 11 3.217e-05 2.11e-07 
188 11 3.0278e-05 2.21e-07 
189 11 3.0009e-05 1.33e-07 
190 11 3.027e-05 2.44e-07 
191 11 3.0795e-05 1.83e-07 
192 11 3.1597e-05 1.9e-07 
193 11 3.1912e-05 1.91e-07 
194 11 3.0742e-05 1.92e-07 
195 11 3.1763e-05 1.68e-07 
196 11 3.0988e-05 1.76e-07 
197 11 3.1209e-05 1.88e-07 
198 11 3.075e-05 1.75e-07 
199 11 3.2059e-05 3.07e-07 
200 11 3.0101e-05 1.7e-07 
201 11 3.2037e-05 2.1e-07 
202 11 3.0376e-05 1.7e-07 
203 11 2.9782e-05 1.4e-07 
204 11 3.0711e-05 1.49e-07 
205 11 3.0078e-05 1.6e-07 
206 11 3.0086e-05 1.78e-07 
207 11 3.1907e-05 1.65e-07 
208 11 3.1683e-05 1.52e-07 
209 11 3.2933e-05 2.15e-07 
210 11 3.1464e-05 3.09e-07 
211 11 3.0613e-05 1.84e-07 
212 11 2.9938e-05 1.72e-07 
213 11 3.1229e-05 1.49e-07 
214 11 3.0953e-05 1.68e-07 
215 11 3.2287e-05 1.75e-07 
216 11 3.082e-05 1.89e-07 
217 11 3.0824e-05 1.93e-07 
218 11 3.2738e-05 1.95e-07 
219 12 3.4924e-05 1.75e-07 
220 10 2.5265e-05 1.88e-07 
221 12 3.5808e-05 2.22e-07 
222 12 3.3989e-05 1.66e-07 
223 12 3.3411e-05 1.77e-07 
224 12 3.3781e-05 1.87e-07 
225 10 2.5378e-05 1.75e-07 
226 12 3.5801e-05 2.13e-07 
227 12 3.4887e-05 2.12e-07 
228 12 3.4211e-05 1.79e-07 
229 12 4.4449e-05 2.16e-07 
230 11 4.4452e-05 2.46e-07 
231 12 3.6461e-05 1.94e-07 
232 12 3.4919e-05 1.88e-07 
233 10 2.6457e-05 1.8e-07 
234 12 3.3523e-05 1.94e-07 
235 12 3.5549e-05 1.77e-07 
236 12 3.3846e-05 1.74e-07 
237 10 2.7693e-05 1.55e-07 
238 12 4.2682e-05 3.88e-07 
239 10 2.4846e-05 1.63e-07 
240 12 3.3197e-05 3.96e-07 
241 11 3.2145e-05 3.92e-07 
242 12 3.5774e-05 3.53e-07 
243 12 3.5251e-05 3.2e-07 
244 12 3.1683e-05 1.86e-07 
245 12 3.4599e-05 1.91e-07 
246 12 3.2645e-05 1.97e-07 
247 12 3.4819e-05 1.84e-07 
248 12 3.3513e-05 1.67e-07 
249 12 3.1958e-05 1.85e-07 
250 12 3.4503e-05 1.75e-07 
251 12 3.5024e-05 1.84e-07 
252 12 3.4514e-05 2.796e-06 
253 12 0.000122141 7.79e-07 
254 12 3.512e-05 1.85e-07 
255 12 3.2834e-05 2.22e-07 
256 12 3.5462e-05 1.69e-07 
257 12 3.6758e-05 1.9e-07 
258 12 3.2595e-05 2.19e-07 
259 12 3.4454e-05 1.45e-07 
260 10 2.6446e-05 1.65e-07 
261 12 3.4313e-05 1.93e-07 
262 12 3.3093e-05 3.21e-07 
263 12 3.4485e-05 2.11e-07 
264 12 3.4255e-05 1.73e-07 
265 10 2.479e-05 4.06e-07 
266 12 3.4513e-05 1.68e-07 
267 11 3.1773e-05 1.64e-07 
268 10 2.6648e-05 1.58e-07 
269 13 4.0271e-05 3.77e-07 
270 11 3.3008e-05 2.76e-07 
271 13 4.0566e-05 2.22e-07 
272 13 3.7763e-05 2.36e-07 
273 13 4.2021e-05 1.88e-07 
274 13 3.9167e-05 3.35e-07 
275 11 3.5498e-05 2.96e-07 
276 13 3.9739e-05 4.82e-07 
277 13 4.0415e-05 3.3e-07 
278 13 4.0165e-05 2.61e-07 
279 13 4.061e-05 5.53e-07 
280 13 4.2404e-05 1.76e-07 
281 13 3.9223e-05 1.85e-07 
282 11 3.2253e-05 2.75e-07 
283 13 4.2004e-05 4.11e-07 
284 13 3.6813e-05 2.74e-07 
285 13 3.8844e-05 2.48e-07 
286 11 3.2539e-05 1.93e-07 
287 13 4.1294e-05 3.24e-07 
288 11 3.4229e-05 1.32e-07 
289 13 4.1111e-05 2.936e-06 
290 13 6.3342e-05 2.17e-07 
291 13 4.4618e-05 2.54e-07 
292 13 4.5112e-05 1.67e-07 
293 13 4.6624e-05 2.96e-07 
294 13 4.5128e-05 1.96e-07 
295 13 4.6285e-05 2.01e-07 
296 13 4.6339e-05 1.55e-07 
297 13 4.7294e-05 2.67e-07 
298 13 4.5524e-05 2.08e-07 
299 13 4.7584e-05 2.32e-07 
300 13 4.9108e-05 2.74e-07 
301 13 4.7539e-05 3.22e-07 
302 13 4.8307e-05 4.29e-07 
303 13 4.7608e-05 3.96e-07 
304 13 4.8332e-05 1.52e-07 
305 13 5.0784e-05 2.29e-07 
306 13 4.6038e-05 2.78e-07 
307 13 4.6922e-05 2.87e-07 
308 11 3.6733e-05 2.92e-07 
309 13 5.0513e-05 3.07e-07 
310 13 4.5502e-05 1.86e-07 
311 13 4.7022e-05 1.93e-07 
312 13 4.599e-05 2.74e-07 
313 11 3.6569e-05 1.61e-07 
314 13 4.8458e-05 3.5e-07 
315 11 3.6913e-05 1.52e-07 
316 11 3.8524e-05 8.945e-06 
317 11 3.8009e-05 1.57e-07 
318 11 3.6246e-05 1.71e-07 
319 14 5.4234e-05 2.32e-07 
320 12 4.1481e-05 2.11e-07 
321 14 5.213e-05 4.26e-07 
322 14 5.0709e-05 2.04e-07 
323 14 5.6573e-05 5.11e-07 
324 14 5.5353e-05 2.7e-07 
325 12 4.7908e-05 2.1e-07 
326 14 5.805e-05 8.86e-07 
327 14 5.9713e-05 3.29e-07 
328 14 6.1688e-05 1.67e-07 
329 14 5.8753e-05 2.05e-07 
330 14 5.5493e-05 3.11e-07 
331 14 5.2543e-05 2.03e-07 
332 12 4.6298e-05 1.83e-07 
333 14 5.4664e-05 2.15e-07 
334 14 5.3417e-05 2.03e-07 
335 14 5.1935e-05 2.3e-07 
336 10 3.0931e-05 2.5e-07 
337 14 5.1644e-05 4.52e-07 
338 12 4.2985e-05 2.23e-07 
339 14 5.141e-05 2.29e-07 
340 13 4.9481e-05 2.58e-07 
341 14 6.7973e-05 4.01e-07 
342 12 4.1076e-05 1.46e-07 
343 14 5.5683e-05 2.19e-07 
344 14 5.0665e-05 2.63e-07 
345 14 5.119e-05 3.22e-07 
346 14 6.5747e-05 3.37e-07 
347 12 3.9049e-05 1.82e-07 
348 14 4.9459e-05 2.7e-07 
349 14 5.3084e-05 2.89e-07 
350 14 5.2932e-05 1.62e-07 
351 14 5.1719e-05 3.05e-07 
352 14 5.1053e-05 1.98e-07 
353 14 5.2012e-05 2.17e-07 
354 14 5.1208e-05 2.088e-06 
355 13 5.2543e-05 2.42e-07 
356 14 5.1562e-05 2.19e-07 
357 13 4.6793e-05 1.94e-07 
358 12 4.3032e-05 2.7e-07 
359 14 5.8445e-05 6.92e-07 
360 14 7.4671e-05 3.57e-07 
361 10 4.3955e-05 2.96e-07 
362 14 7.1206e-05 3.4e-07 
363 12 6.0203e-05 4.69e-07 
364 14 7.129e-05 4.79e-07 
365 12 6.0426e-05 3.02e-07 
366 11 5.3686e-05 3.66e-07 
367 11 4.1513e-05 1.76e-07 
368 11 3.639e-05 3.06e-07 
369 15 5.9738e-05 3.03e-07 
370 13 4.7251e-05 2.79e-07 
371 15 5.8658e-05 5.73e-07 
372 15 7.1467e-05 3.6e-07 
373 15 7.4106e-05 4.34e-07 
374 15 8.6198e-05 4.55e-07 
375 13 6.2932e-05 4.81e-07 
376 13 6.284e-05 4.62e-07 
377 15 8.1312e-05 7.21e-07 
378 15 7.2397e-05 3.86e-07 
379 15 7.2315e-05 3.29e-07 
380 15 7.5588e-05 3.25e-07 
381 15 6.9111e-05 2.7e-07 
382 13 6.0357e-05 1.93e-07 
383 15 6.1725e-05 3.52e-07 
384 15 6.3516e-05 2.25e-07 
385 15 6.3845e-05 3.26e-07 
386 11 4.6509e-05 1.83e-07 
387 15 6.9095e-05 3.71e-07 
388 13 5.8621e-05 3.63e-07 
389 15 6.7087e-05 3.71e-07 
390 15 6.9482e-05 5.93e-07 
391 13 4.6025e-05 2.24e-07 
392 15 6.5719e-05 3.98e-07 
393 15 6.6575e-05 2.29e-07 
394 15 5.9437e-05 2.07e-07 
395 15 5.8778e-05 2.42e-07 
396 13 4.9998e-05 3.48e-07 
397 15 5.669e-05 2.18e-07 
398 13 4.983e-05 2.15e-07 
399 15 6.0294e-05 3.67e-07 
400 15 5.7602e-05 2.11e-07 
401 15 5.6105e-05 1.97e-07 
402 15 5.6751e-05 2.13e-07 
403 15 5.8018e-05 2.94e-07 
404 15 5.6816e-05 1.95e-07 
405 13 4.919e-05 1.7e-07 
406 15 6.2082e-05 2.4e-07 
407 15 5.8052e-05 2.92e-07 
408 11 4.4104e-05 1.52e-07 
409 15 6.162e-05 2e-07 
410 13 4.832e-05 1.056e-06 
411 15 6.0921e-05 2.88e-07 
412 13 5.3522e-05 3.07e-07 
413 8 1.8786e-05 1.53e-07 
414 13 8.5976e-05 2.45e-07 
415 13 4.8368e-05 2.46e-07 
416 13 4.7402e-05 2.86e-07 
417 11 3.9861e-05 2.51e-07 
418 11 3.7441e-05 2.36e-07 
419 11 3.602e-05 1.64e-07 
420 9 2.3117e-05 1.52e-07 
421 16 6.5662e-05 3.61e-07 
422 12 4.1603e-05 2.96e-07 
423 16 6.5088e-05 2.98e-07 
424 16 6.1159e-05 3.33e-07 
425 16 6.4285e-05 5.43e-07 
426 16 7.1931e-05 3.27e-07 
427 12 4.3686e-05 2.4e-07 
428 14 5.7484e-05 3.95e-07 
429 16 6.5826e-05 4.22e-07 
430 16 6.4425e-05 2.79e-07 
431 16 6.2146e-05 2.82e-07 
432 16 6.4202e-05 2.48e-07 
433 16 6.1307e-05 2.56e-07 
434 12 4.2181e-05 1.77e-07 
435 15 5.9154e-05 7.92e-07 
436 16 6.1572e-05 6.33e-07 
437 16 6.0711e-05 9.8e-07 
438 12 4.3752e-05 6.37e-07 
439 16 6.4629e-05 1.376e-06 
440 12 4.3604e-05 5.09e-07 
441 16 6.1219e-05 3.08e-07 
442 16 5.9695e-05 2.07e-07 
443 14 5.0741e-05 2.22e-07 
444 16 6.9165e-05 1.87e-07 
445 16 6.2995e-05 2.55e-07 
446 16 6.5202e-05 2.43e-07 
447 14 5.1937e-05 1.96e-07 
448 14 5.0876e-05 2.32e-07 
449 16 6.3637e-05 2.73e-07 
450 14 5.5438e-05 2.27e-07 
451 15 5.9197e-05 2.35e-07 
452 16 6.2899e-05 2.2e-07 
453 16 6.1586e-05 2.66e-07 
454 16 6.2414e-05 2.47e-07 
455 16 6.6199e-05 1.9e-07 
456 16 6.2993e-05 2.57e-07 
457 12 4.5078e-05 1.97e-07 
458 16 6.9661e-05 2.71e-07 
459 16 6.7402e-05 3.46e-07 
460 14 6.1192e-05 2.56e-07 
461 16 6.7019e-05 2.37e-07 
462 12 4.7335e-05 2.04e-07 
463 16 6.9272e-05 2.38e-07 
464 12 5.1187e-05 1.92e-07 
465 13 6.7928e-05 3.21e-07 
466 13 5.4554e-05 1.99e-07 
467 13 5.0095e-05 1.84e-07 
468 11 4.636e-05 2.14e-07 
469 11 3.9353e-05 1.61e-07 
470 11 4.0176e-05 1.87e-07 
471 17 8.2456e-05 3.26e-07 
472 13 5.2701e-05 2.9e-07 
473 17 7.1035e-05 7.2e-07 
474 17 7.0319e-05 2.5e-07 
475 17 7.6219e-05 4.21e-07 
476 17 6.8289e-05 4.24e-07 
477 13 4.6961e-05 1.95e-07 
478 15 6.503e-05 3.02e-07 
479 17 7.0668e-05 1.77e-07 
480 17 7.0383e-05 2.16e-07 
481 17 7.1383e-05 2.49e-07 
482 17 7.7419e-05 4.95e-07 
483 17 6.9655e-05 2.26e-07 
484 13 4.8485e-05 1.87e-07 
485 17 7.1646e-05 3.73e-07 
486 17 6.9235e-05 2.3e-07 
487 13 4.9355e-05 2.06e-07 
488 17 6.6621e-05 2.07e-07 
489 13 4.8498e-05 1.89e-07 
490 17 6.8935e-05 2.14e-07 
491 17 7.0942e-05 1.81e-07 
492 15 5.8775e-05 2.76e-07 
493 17 7.6261e-05 2.37e-07 
494 15 5.6584e-05 2.28e-07 
495 17 6.9383e-05 3.15e-07 
496 15 5.8539e-05 2.06e-07 
497 15 6.0236e-05 3.03e-07 
498 17 7.012e-05 2.24e-07 
499 15 5.7624e-05 2.12e-07 
500 17 7.1613e-05 2.3e-07 
501 17 8.4274e-05 2.33e-07 
502 17 6.8245e-05 2.26e-07 
503 17 7.0613e-05 2.28e-07 
504 17 6.9628e-05 2.46e-07 
505 13 6.0357e-05 2.46e-07 
506 17 7.1586e-05 4.09e-07 
507 17 7.1492e-05 2.08e-07 
508 15 6.1196e-05 2.04e-07 
509 17 7.8457e-05 2.59e-07 
510 13 5.0176e-05 2.27e-07 
511 17 6.8334e-05 2.42e-07 
512 13 5.3786e-05 2.74e-07 
513 10 2.9968e-05 1.74e-07 
514 12 4.2537e-05 1.8e-07 
515 15 5.9692e-05 2.79e-07 
516 13 4.8484e-05 1.97e-07 
517 13 4.8606e-05 1.93e-07 
518 13 4.5171e-05 1.81e-07 
519 11 4.8606e-05 2.16e-07 
520 11 3.7166e-05 1.73e-07 
521 11 3.6546e-05 1.47e-07 
522 11 3.3178e-05 1.45e-07 
523 18 8.3439e-05 4.67e-07 
524 14 5.252e-05 1.81e-07 
525 18 7.4047e-05 2.57e-07 
526 18 7.3464e-05 2.26e-07 
527 16 6.5349e-05 2.91e-07 
528 18 7.3789e-05 2.4e-07 
529 14 5.4745e-05 2.43e-07 
530 14 5.5822e-05 1.97e-07 
531 18 7.8926e-05 4.2e-07 
532 18 8.0652e-05 3.78e-07 
533 18 8.732e-05 2.33e-07 
534 18 7.9091e-05 2.6e-07 
535 18 7.4389e-05 2.23e-07 
536 13 4.9956e-05 2.86e-07 
537 13 4.6873e-05 1.83e-07 
538 18 7.7514e-05 2.83e-07 
539 18 7.4693e-05 2.25e-07 
540 12 4.3134e-05 1.96e-07 
541 18 7.531e-05 2.38e-07 
542 13 4.7562e-05 1.88e-07 
543 18 7.5526e-05 2.4e-07 
544 16 9.4956e-05 3.08e-07 
545 14 5.7198e-05 3.01e-07 
546 18 9.8662e-05 4.56e-07 
547 16 7.9298e-05 4.22e-07 
548 18 9.3078e-05 3.67e-07 
549 16 7.8054e-05 7.03e-07 
550 14 6.6854e-05 2.43e-07 
551 18 8.4931e-05 2.47e-07 
552 16 7.0428e-05 3.05e-07 
553 18 8.6061e-05 2.32e-07 
554 18 7.7549e-05 3.28e-07 
555 18 7.9762e-05 3.26e-07 
556 18 8.5327e-05 2.24e-07 
557 18 8.3842e-05 2.95e-07 
558 12 4.392e-05 2.56e-07 
559 18 9.2724e-05 4.2e-07 
560 18 8.8851e-05 3.45e-07 
561 12 5.0979e-05 2.15e-07 
562 18 8.7306e-05 2.19e-07 
563 14 5.8309e-05 1.97e-07 
564 18 7.7906e-05 2.65e-07 
565 12 4.7126e-05 2.24e-07 
566 15 6.2862e-05 1.96e-07 
567 13 5.0671e-05 2.05e-07 
568 13 5.0413e-05 3.02e-07 
569 13 4.7961e-05 1.89e-07 
570 11 3.8378e-05 8.33e-07 
571 11 3.8127e-05 1.46e-07 
572 11 3.6619e-05 1.41e-07 
573 13 4.8034e-05 1.72e-07 
574 15 6.2485e-05 2.27e-07 
575 19 8.2497e-05 3.12e-07 
576 15 5.9488e-05 2.18e-07 
577 17 7.4619e-05 3.36e-07 
578 19 0.000100409 2.73e-07 
579 15 6.5363e-05 2.46e-07 
580 15 6.3293e-05 2.99e-07 
581 19 8.6918e-05 2.84e-07 
582 19 8.5838e-05 2.49e-07 
583 19 9.7387e-05 2.36e-07 
584 19 8.6636e-05 2.63e-07 
585 19 8.259e-05 3.26e-07 
586 19 8.9585e-05 6.25e-07 
587 19 8.8324e-05 2.71e-07 
588 13 5.323e-05 2.02e-07 
589 19 8.278e-05 2.27e-07 
590 19 8.2724e-05 3.35e-07 
591 17 6.9609e-05 2.7e-07 
592 15 5.8964e-05 2.47e-07 
593 19 9.6468e-05 2.69e-07 
594 17 7.4839e-05 2.17e-07 
595 19 8.6382e-05 3.28e-07 
596 15 5.847e-05 2.89e-07 
597 13 4.6944e-05 2.14e-07 
598 19 8.3863e-05 2.51e-07 
599 15 6.2028e-05 2.91e-07 
600 19 8.7142e-05 4.44e-07 
601 19 8.2182e-05 3.11e-07 
602 19 8.6619e-05 3.14e-07 
603 19 8.4884e-05 3.17e-07 
604 19 8.234e-05 2.47e-07 
605 13 5.0501e-05 3.03e-07 
606 19 8.8632e-05 2.08e-07 
607 19 8.2613e-05 3.3e-07 
608 13 4.986e-05 2.86e-07 
609 19 8.2894e-05 2.98e-07 
610 15 6.0386e-05 2.1e-07 
611 19 8.3468e-05 2.79e-07 
612 13 5.1384e-05 2.254e-06 
613 12 5.4486e-05 2.2e-07 
614 12 4.6522e-05 1.66e-07 
615 14 5.9679e-05 2.95e-07 
616 14 6.1198e-05 4.9e-07 
617 15 9.0906e-05 3.61e-07 
618 13 5.358e-05 1.59e-07 
619 13 6.5489e-05 2.29e-07 
620 13 4.9401e-05 3.39e-07 
621 13 5.1841e-05 2.18e-07 
622 14 5.739e-05 2.27e-07 
623 13 4.9966e-05 1.99e-07 
624 20 9.2409e-05 3.67e-07 
625 16 6.5861e-05 2.68e-07 
626 18 8.3744e-05 3.22e-07 
627 20 0.000136321 1.045e-06 
628 14 5.8832e-05 3.31e-07 
629 16 7.7416e-05 2.29e-07 
630 20 0.000101195 3.89e-07 
631 20 9.8115e-05 4.82e-07 
632 20 0.000100686 3.25e-07 
633 14 5.8512e-05 1.9e-07 
634 20 9.0556e-05 2.2e-07 
635 13 4.9369e-05 1.84e-07 
636 15 6.2378e-05 2.18e-07 
637 20 0.000111697 4.49e-07 
638 20 9.2026e-05 3.14e-07 
639 12 4.82e-05 2.39e-07 
640 20 9.2636e-05 2.47e-07 
641 15 6.5172e-05 2.64e-07 
642 20 9.2439e-05 6.05e-07 
643 18 8.6633e-05 3.26e-07 
644 15 6.0963e-05 2.6e-07 
645 18 8.891e-05 2.56e-07 
646 18 8.5213e-05 2.91e-07 
647 20 9.5328e-05 1.13e-06 
648 16 9.5111e-05 3.03e-07 
649 16 7.6729e-05 2.3e-07 
650 20 9.6863e-05 3.95e-07 
651 16 7.4396e-05 7.37e-07 
652 20 0.000101389 2.508e-06 
653 20 0.00010141 3.12e-07 
654 20 9.4959e-05 4.16e-07 
655 18 8.3202e-05 4.99e-07 
656 20 9.3497e-05 2.9e-07 
657 14 6.2249e-05 1.83e-07 
658 20 9.8028e-05 2.91e-07 
659 20 0.000109482 4.66e-07 
660 14 5.5713e-05 2.41e-07 
661 20 9.4706e-05 3.04e-07 
662 13 5.6442e-05 2.3e-07 
663 20 9.4468e-05 3.97e-07 
664 13 5.4282e-05 1.81e-07 
665 11 4.5102e-05 1.97e-07 
666 11 3.9984e-05 1.75e-07 
667 11 7.0312e-05 1.92e-07 
668 15 6.4158e-05 2.71e-07 
669 18 8.413e-05 4.93e-07 
670 21 9.8573e-05 3.38e-07 
671 19 8.3921e-05 3.99e-07 
672 19 8.8449e-05 3.54e-07 
673 21 0.000109935 4.92e-07 
674 15 8.0304e-05 3.82e-07 
675 15 7.0669e-05 2.42e-07 
676 21 0.000103455 4.46e-07 
677 21 0.000100231 7.78e-07 
678 21 0.000121541 3.42e-07 
679 15 6.3285e-05 2.03e-07 
680 21 0.000104355 3.97e-07 
681 20 0.000101515 4.21e-07 
682 21 9.8182e-05 2.78e-07 
683 13 5.2858e-05 1.67e-07 
684 21 0.000114832 4.45e-07 
685 21 9.7168e-05 2.81e-07 
686 15 5.8931e-05 2.24e-07 
687 19 9.3099e-05 3.53e-07 
688 17 7.2753e-05 2.31e-07 
689 21 9.573e-05 3.51e-07 
690 17 7.3787e-05 2.54e-07 
691 17 7.8021e-05 2.68e-07 
692 21 0.000108393 4.06e-07 
693 17 9.3069e-05 2.69e-07 
694 21 9.9182e-05 4.9e-07 
695 21 9.9807e-05 3.79e-07 
696 20 9.2281e-05 3.17e-07 
697 19 0.000101318 4.69e-07 
698 21 9.8775e-05 2.62e-07 
699 15 6.6744e-05 3.47e-07 
700 21 9.6161e-05 4.29e-07 
701 21 9.8069e-05 3.94e-07 
702 15 5.9153e-05 2.33e-07 
703 21 9.681e-05 4.66e-07 
704 21 9.7532e-05 2.83e-07 
705 13 4.9672e-05 3.61e-07 
706 13 4.9888e-05 1.79e-07 
707 13 4.8141e-05 1.84e-07 
708 14 5.7226e-05 2.22e-07 
709 16 6.8691e-05 2.53e-07 
710 14 6.0247e-05 1.97e-07 
711 16 6.9476e-05 5.28e-07 
712 16 8.763e-05 4.55e-07 
713 16 7.3485e-05 2.15e-07 
714 15 7.2715e-05 2.44e-07 
715 14 6.0904e-05 2.39e-07 
716 11 3.8712e-05 1.67e-07 
717 11 4.7628e-05 1.76e-07 
718 11 3.7832e-05 1.71e-07 
719 9 2.5176e-05 1.58e-07 
720 17 7.9278e-05 4.57e-07 
721 20 0.000101218 7.72e-07 
722 15 6.3034e-05 3.12e-07 
723 15 6.1817e-05 2.11e-07 
724 17 7.5028e-05 3.34e-07 
725 22 0.000102408 6.56e-07 
726 20 9.6305e-05 4.69e-07 
727 18 8.545e-05 3.42e-07 
728 22 0.000103792 2.88e-07 
729 14 7.1354e-05 1.92e-07 
730 14 5.7918e-05 1.93e-07 
731 22 0.0001138 3.28e-07 
732 22 0.000105851 2.91e-07 
733 22 0.000102523 3.78e-07 
734 20 8.7524e-05 2.57e-07 
735 21 9.4869e-05 4.45e-07 
736 15 6.1621e-05 2.03e-07 
737 17 8.7483e-05 2.77e-07 
738 22 0.00010149 4.42e-07 
739 13 5.4824e-05 1.53e-07 
740 22 0.000102185 3.63e-07 
741 17 7.73e-05 3.37e-07 
742 22 9.9269e-05 5.77e-07 
743 16 6.1086e-05 2.23e-07 
744 17 7.305e-05 3.11e-07 
745 20 9.6182e-05 4.12e-07 
746 18 8.4112e-05 2.53e-07 
747 22 0.000106548 6.25e-07 
748 16 7.3136e-05 3.49e-07 
749 14 5.4847e-05 2.09e-07 
750 22 0.00010051 3.79e-07 
751 18 7.7615e-05 2.22e-07 
752 22 0.000109528 4.01e-07 
753 22 0.000103635 3.76e-07 
754 20 9.1803e-05 2.46e-07 
755 22 9.9628e-05 3.06e-07 
756 14 5.4124e-05 1.98e-07 
757 22 0.000108413 3.21e-07 
758 22 0.000100112 3.38e-07 
759 14 5.8353e-05 1.96e-07 
760 22 9.9008e-05 3.32e-07 
761 22 9.9883e-05 4.01e-07 
762 15 7.7992e-05 3.98e-07 
763 13 4.8494e-05 2.75e-07 
764 13 5.0526e-05 2.15e-07 
765 13 5.3044e-05 1.72e-07 
766 12 4.5296e-05 1.89e-07 
767 20 9.5225e-05 3.88e-07 
768 11 3.9035e-05 1.74e-07 
769 11 3.5427e-05 1.72e-07 
770 11 3.6274e-05 1.5e-07 
771 10 3.0872e-05 1.67e-07 
772 23 0.000109289 5.05e-07 
773 17 7.0988e-05 2.62e-07 
774 19 8.6143e-05 2.7e-07 
775 23 0.000109532 3.73e-07 
776 13 4.775e-05 1.96e-07 
777 17 7.7713e-05 3.45e-07 
778 23 0.000110864 3.74e-07 
779 23 0.000107682 6.26e-07 
780 23 0.000110734 3.64e-07 
781 21 9.6962e-05 3.09e-07 
782 18 7.6486e-05 3.68e-07 
783 23 0.000106769 3.06e-07 
784 23 0.000106058 3.88e-07 
785 23 0.00010656 7.16e-07 
786 17 7.1484e-05 2.81e-07 
787 21 0.000101101 1.092e-06 
788 19 8.4782e-05 3.38e-07 
789 23 0.000107126 5.88e-07 
790 17 0.000101981 5.42e-07 
791 15 6.2872e-05 2.05e-07 
792 23 0.000105367 3.09e-07 
793 17 7.5958e-05 4.67e-07 
794 21 9.9599e-05 6.37e-07 
795 23 0.000115683 3.81e-07 
796 21 9.5719e-05 2.84e-07 
797 23 0.000103728 4.74e-07 
798 13 4.5905e-05 1.83e-07 
799 23 0.000124794 3.7e-07 
800 23 0.000112561 4.42e-07 
801 11 3.4081e-05 1.85e-07 
802 23 0.000107679 3.43e-07 
803 23 0.00012132 5.77e-07 
804 16 6.7899e-05 3.21e-07 
805 15 6.3137e-05 2.7e-07 
806 18 8.3865e-05 2.45e-07 
807 18 7.5639e-05 2.72e-07 
808 14 5.5245e-05 1.85e-07 
809 18 8.1023e-05 2.84e-07 
810 14 6.0359e-05 3.81e-07 
811 17 8.0291e-05 5.62e-07 
812 14 5.3131e-05 2.25e-07 
813 13 4.9352e-05 2.25e-07 
814 14 6.1215e-05 2.84e-07 
815 20 9.0966e-05 6.27e-07 
816 13 4.8439e-05 2.61e-07 
817 13 4.7268e-05 3.2e-07 
818 13 5.3165e-05 2.98e-07 
819 9 2.2896e-05 1.58e-07 
820 19 8.4911e-05 3.72e-07 
821 17 7.5604e-05 2.77e-07 
822 11 3.7415e-05 2.95e-07 
823 11 3.6596e-05 1.68e-07 
824 11 3.6814e-05 2.19e-07 
825 19 8.9716e-05 4.21e-07 
826 24 0.000120771 7.21e-07 
827 18 7.7173e-05 3.79e-07 
828 20 9.1551e-05 5.04e-07 
829 24 0.000147859 9.74e-07 
830 16 6.9744e-05 2.72e-07 
831 18 8.8085e-05 4.01e-07 
832 24 0.000149646 6.94e-07 
833 24 0.000127695 7.97e-07 
834 24 0.000122963 3.53e-07 
835 16 6.3597e-05 2.36e-07 
836 19 7.8388e-05 3.55e-07 
837 15 6.0348e-05 3.22e-07 
838 18 8.0421e-05 4.8e-07 
839 24 0.000117713 3.92e-07 
840 14 6.0504e-05 2.41e-07 
841 24 0.000112023 6.48e-07 
842 24 0.000116116 8.24e-07 
843 18 7.394e-05 5.21e-07 
844 15 6.0087e-05 2.8e-07 
845 20 0.00010054 4.85e-07 
846 20 9.1052e-05 3.83e-07 
847 24 0.000113062 6.13e-07 
848 18 8.2114e-05 3.4e-07 
849 18 8.2832e-05 5.88e-07 
850 24 0.000112524 4.27e-07 
851 18 8.2219e-05 5.74e-07 
852 22 0.000106124 5.92e-07 
853 24 0.000116278 4.2e-07 
854 20 9.376e-05 4.94e-07 
855 24 0.000113122 3.78e-07 
856 16 7.0549e-05 3.61e-07 
857 24 0.000120844 8.38e-07 
858 24 0.000111335 5.68e-07 
859 16 6.8676e-05 3.76e-07 
860 24 0.000112683 5.93e-07 
861 24 0.000127043 8.12e-07 
862 15 6.6616e-05 1.368e-06 
863 20 8.9749e-05 9.04e-07 
864 12 4.3496e-05 1.87e-07 
865 12 4.2788e-05 2.05e-07 
866 15 6.054e-05 4.97e-07 
867 20 8.6083e-05 3.16e-07 
868 10 2.9693e-05 1.99e-07 
869 25 0.000123293 6.78e-07 
870 18 7.3379e-05 5.22e-07 
871 21 9.8355e-05 7.38e-07 
872 25 0.00011988 5.56e-07 
873 17 7.8403e-05 4.81e-07 
874 15 6.3216e-05 2.11e-07 
875 25 0.000126478 6.92e-07 
876 25 0.000123588 5.42e-07 
877 25 0.000126125 2.816e-06 
878 17 7.3944e-05 3.82e-07 
879 15 6.1463e-05 2.62e-07 
880 20 9.0946e-05 4.74e-07 
881 25 0.000120969 7.5e-07 
882 11 3.6063e-05 2.68e-07 
883 25 0.000119631 6.17e-07 
884 19 8.2663e-05 6.71e-07 
885 17 6.9065e-05 3.68e-07 
886 19 8.8651e-05 5.97e-07 
887 19 8.4263e-05 3.32e-07 
888 25 0.000118767 8.07e-07 
889 19 8.9312e-05 6.09e-07 
890 19 9.8068e-05 4.88e-07 
891 25 0.000126199 9.68e-07 
892 18 7.8142e-05 6.18e-07 
893 23 0.000110601 6.84e-07 
894 25 0.000123515 9.28e-07 
895 17 7.1219e-05 4.28e-07 
896 25 0.000118612 6.22e-07 
897 17 8.8225e-05 3.06e-07 
898 25 0.000128581 1.821e-06 
899 25 0.000119846 9.07e-07 
900 17 7.1056e-05 5.19e-07 
901 25 0.000117236 5.78e-07 
902 25 0.000119099 1.116e-06 
903 13 4.9107e-05 2.19e-07 
904 13 4.8448e-05 2.39e-07 
905 13 4.7246e-05 2.36e-07 
906 18 8.2339e-05 4.23e-07 
907 14 5.2819e-05 2.97e-07 
908 20 8.9835e-05 5.04e-07 
909 16 7.224e-05 2.73e-07 
910 13 4.5394e-05 1.89e-07 
911 16 8.8703e-05 2.64e-07 
912 13 4.7349e-05 2.34e-07 
913 16 7.5497e-05 3.38e-07 
914 11 3.6873e-05 3.61e-07 
915 11 3.4422e-05 1.66e-07 
916 11 3.5351e-05 1.79e-07 
917 20 9.0577e-05 1.292e-06 
918 11 3.7745e-05 1.9e-07 
919 21 0.00010162 6.83e-07 
920 21 0.000105329 5.86e-07 
921 19 9.6323e-05 2.031e-06 
922 15 6.2155e-05 6.35e-07 
923 19 8.4848e-05 4.17e-07 
924 15 5.9192e-05 1.99e-07 
925 26 0.000120578 8.41e-07 
926 20 9.3731e-05 6.68e-07 
927 24 0.000117079 7.81e-07 
928 14 5.7864e-05 2.57e-07 
929 16 7.3594e-05 4.09e-07 
930 26 0.000134669 8.49e-07 
931 26 0.000126073 5.71e-07 
932 26 0.000134253 8.15e-07 
933 22 0.000102515 6.56e-07 
934 21 0.000105605 6.17e-07 
935 17 7.1163e-05 4.09e-07 
936 16 6.7514e-05 4.34e-07 
937 26 0.00012538 8.38e-07 
938 12 4.1359e-05 3.21e-07 
939 26 0.000120712 6e-07 
940 20 8.8482e-05 5.15e-07 
941 18 7.322e-05 5.18e-07 
942 17 7.6656e-05 3.75e-07 
943 22 0.000109549 8.27e-07 
944 20 9.1533e-05 7e-07 
945 26 0.000126423 8.71e-07 
946 16 6.5622e-05 5.08e-07 
947 16 6.8892e-05 5.23e-07 
948 26 0.000139418 8.55e-07 
949 24 0.000129199 4.69e-07 
950 26 0.000127986 7.87e-07 
951 18 7.6013e-05 3.35e-07 
952 26 0.000123085 5.84e-07 
953 14 5.6919e-05 2.05e-07 
954 26 0.000149912 8.62e-07 
955 26 0.00012534 8.34e-07 
956 12 4.2528e-05 2.54e-07 
957 26 0.000121046 8.07e-07 
958 26 0.000126209 9.14e-07 
959 17 7.8378e-05 6.12e-07 
960 13 4.7598e-05 2.62e-07 
961 13 4.8319e-05 2.29e-07 
962 13 4.6318e-05 2.31e-07 
963 20 9.3526e-05 5.93e-07 
964 12 3.9938e-05 2.13e-07 
965 14 5.6091e-05 3.39e-07 
966 11 3.8112e-05 3.37e-07 
967 11 3.5299e-05 1.98e-07 
968 11 3.5353e-05 1.76e-07 
969 12 4.3311e-05 2.91e-07 
970 27 0.000132714 1.252e-06 
971 22 0.000103413 5.7e-07 
972 21 0.000105842 7.57e-07 
973 25 0.000122183 8.8e-07 
974 15 6.5856e-05 3.24e-07 
975 19 9.4553e-05 7.58e-07 
976 27 0.000145879 2.543e-06 
977 27 0.000257772 2.665e-06 
978 27 0.000285718 1.49e-06 
979 23 0.000111919 4.16e-07 
980 17 8.0609e-05 3.75e-07 
981 22 0.000102772 5.03e-07 
982 27 0.000135918 7.07e-07 
983 11 3.6353e-05 1.73e-07 
984 27 0.000131798 1.231e-06 
985 25 0.000122105 1.184e-06 
986 18 7.6843e-05 3.77e-07 
987 23 0.000120557 1.161e-06 
988 21 9.9453e-05 6.91e-07 
989 27 0.000138904 1.575e-06 
990 17 7.675e-05 6.5e-07 
991 15 6.7662e-05 3.24e-07 
992 27 0.00016823 1.023e-06 
993 20 0.000101032 5.58e-07 
994 23 0.000116523 5.52e-07 
995 27 0.000147103 6.52e-07 
996 19 8.7878e-05 5.83e-07 
997 27 0.00016146 8.81e-07 
998 15 6.2657e-05 4e-07 
999 27 0.000160363 2.921e-06 
1000 27 0.000107115 1.107e-06 
1001 15 7.7558e-05 6.94e-07 
1002 27 9.7444e-05 9.03e-07 
1003 27 0.000102935 1.715e-06 
1004 20 7.1375e-05 7.35e-07 
1005 20 7.1601e-05 4.41e-07 
1006 15 5.5754e-05 6.6e-07 
1007 20 8.8706e-05 4.28e-07 
1008 22 7.4822e-05 7e-07 
1009 16 5.557e-05 2.53e-07 
1010 13 3.878e-05 1.99e-07 
1011 18 6.265e-05 7.54e-07 
1012 13 3.9423e-05 2.3e-07 
1013 16 6.2136e-05 5.22e-07 
1014 11 3.2709e-05 1.64e-07 
1015 23 8.8762e-05 1.134e-06 
1016 23 8.4274e-05 8.37e-07 
1017 19 6.4683e-05 3.33e-07 
1018 21 8.0876e-05 4.73e-07 
1019 13 3.9101e-05 3.34e-07 
1020 13 4.064e-05 4.41e-07 
1021 13 4.1527e-05 2.33e-07 
1022 20 7.4228e-05 5.88e-07 
1023 21 0.000107387 1.72e-06 
1024 21 0.000101606 5.71e-07 
1025 28 0.000134411 1.972e-06 
1026 22 0.000109388 5.98e-07 
1027 26 0.000131491 2.239e-06 
1028 18 0.000103205 1.065e-06 
1029 20 0.000143575 1.176e-06 
1030 28 0.000151111 2.077e-06 
1031 28 0.000155022 1.854e-06 
1032 28 0.000164378 9.45e-07 
1033 18 8.7097e-05 4.7e-07 
1034 23 0.000105716 1.715e-06 
1035 17 7.8589e-05 6.21e-07 
1036 18 8.587e-05 4.47e-07 
1037 28 0.000145475 1.343e-06 
1038 12 4.4934e-05 2.15e-07 
1039 28 0.00014934 1.373e-06 
1040 25 0.000122622 1.675e-06 
1041 19 8.8345e-05 5.91e-07 
1042 20 0.000106641 8.04e-07 
1043 22 0.000104872 8.04e-07 
1044 27 0.00013279 1.533e-06 
1045 20 0.000101571 4.01e-07 
1046 20 9.496e-05 4.09e-07 
1047 28 0.000118624 1.273e-06 
1048 20 7.4232e-05 6.36e-07 
1049 28 0.000102443 1.064e-06 
1050 20 7.2955e-05 4.05e-07 
1051 28 0.000104623 1.255e-06 
1052 18 7.395e-05 4.2e-07 
1053 28 0.000115358 9.27e-07 
1054 22 7.3093e-05 5.78e-07 
1055 16 5.1676e-05 3.28e-07 
1056 28 9.6633e-05 9.38e-07 
1057 28 0.000103568 1.494e-06 
1058 17 6.806e-05 2.12e-06 
1059 11 3.5612e-05 5.36e-07 
1060 11 3.3078e-05 1.7e-07 
1061 11 3.0643e-05 1.49e-07 
1062 20 6.9447e-05 5.01e-07 
1063 15 5.1981e-05 2.64e-07 
1064 14 4.3232e-05 4.19e-07 
1065 14 4.4266e-05 5.53e-07 
1066 12 3.6545e-05 2.09e-07 
1067 29 0.000105804 1.207e-06 
1068 24 9.1916e-05 7.08e-07 
1069 23 8.8027e-05 9.35e-07 
1070 27 9.7535e-05 8.43e-07 
1071 18 6.3978e-05 4.3e-07 
1072 15 5.0547e-05 6.5e-07 
1073 29 0.000118295 1.349e-06 
1074 29 0.00010284 1.965e-06 
1075 29 0.000194867 2.346e-06 
1076 19 7.0994e-05 3.48e-07 
1077 19 8.8178e-05 6.68e-07 
1078 24 9.4863e-05 8.41e-07 
1079 29 0.000116961 1.892e-06 
1080 13 4.4e-05 2.47e-07 
1081 29 0.000129243 1.118e-06 
1082 20 7.1556e-05 9.82e-07 
1083 21 8.7082e-05 1.111e-06 
1084 21 7.931e-05 5.13e-07 
1085 20 7.8683e-05 1.113e-06 
1086 21 8.6072e-05 5.6e-07 
1087 29 0.000107334 8.09e-07 
1088 22 8.8062e-05 1.001e-06 
1089 21 7.5759e-05 1.197e-06 
1090 29 0.000107015 1.565e-06 
1091 21 0.000128109 1.269e-06 
1092 29 0.000108421 1.291e-06 
1093 19 7.6221e-05 1.289e-06 
1094 29 0.000124848 1.664e-06 
1095 23 7.6809e-05 6.31e-07 
1096 17 5.6539e-05 6.96e-07 
1097 29 0.000105691 9.5e-07 
1098 29 0.000117982 1.269e-06 
1099 22 8.0922e-05 8.27e-07 
1100 13 3.9755e-05 3.16e-07 
1101 13 4.1871e-05 2.33e-07 
1102 13 4.0437e-05 2.02e-07 
1103 20 7.0196e-05 9.55e-07 
1104 16 6.2012e-05 4.48e-07 
1105 24 8.9892e-05 7.18e-07 
1106 18 6.2482e-05 3.17e-07 
1107 15 4.813e-05 3.14e-07 
1108 14 3.8772e-05 3.13e-07 
1109 18 6.2862e-05 3.66e-07 
1110 10 2.5424e-05 1.57e-07 
1111 15 5.0997e-05 3.38e-07 
1112 18 7.6144e-05 3.72e-07 
1113 12 3.7177e-05 1.9e-07 
1114 25 0.000100187 1.219e-06 
1115 13 3.9427e-05 2.3e-07 
1116 25 9.0575e-05 1.132e-06 
1117 21 6.9616e-05 5.82e-07 
1118 20 7.5953e-05 8.62e-07 
1119 23 9.0347e-05 8.96e-07 
1120 11 3.4194e-05 2.95e-07 
1121 11 3.1508e-05 2.47e-07 
1122 11 3.0991e-05 1.78e-07 
1123 20 7.0671e-05 5.8e-07 
1124 23 8.7061e-05 1.168e-06 
1125 15 5.4448e-05 8.1e-07 
1126 17 6.9119e-05 5.5e-07 
1127 30 0.000153749 2.115e-06 
1128 22 9.2151e-05 1.107e-06 
1129 26 9.2141e-05 7.81e-07 
1130 16 5.7098e-05 4.5e-07 
1131 24 8.877e-05 6.77e-07 
1132 30 0.000108823 1.324e-06 
1133 30 0.000139383 1.571e-06 
1134 24 8.8104e-05 5.41e-07 
1135 25 8.6901e-05 8.82e-07 
1136 19 6.4247e-05 4.8e-07 
1137 20 7.2151e-05 8.24e-07 
1138 30 0.000113599 1.319e-06 
1139 14 4.5551e-05 3.93e-07 
1140 30 0.000110615 1.621e-06 
1141 15 4.5307e-05 4e-07 
1142 19 6.7298e-05 4.73e-07 
1143 24 9.3529e-05 1.663e-06 
1144 22 7.9022e-05 4.76e-07 
1145 11 3.2082e-05 2.08e-07 
1146 14 4.323e-05 5.91e-07 
1147 30 0.000107956 1.152e-06 
1148 24 9.309e-05 7.63e-07 
1149 30 0.000108251 1.39e-06 
1150 22 8.2882e-05 1.181e-06 
1151 30 0.000105315 7.29e-07 
1152 14 4.9509e-05 4.05e-07 
1153 30 0.000124007 8.92e-07 
1154 28 9.8382e-05 8.17e-07 
1155 15 5.8048e-05 2.95e-07 
1156 30 0.000106614 9.37e-07 
1157 29 0.000119124 1.431e-06 
1158 19 7.4958e-05 4.54e-07 
1159 13 4.2917e-05 2.45e-07 
1160 20 7.8741e-05 6.75e-07 
1161 20 7.368e-05 9.67e-07 
1162 13 3.9381e-05 3.27e-07 
1163 13 4.0049e-05 2.11e-07 
1164 13 3.9839e-05 3.73e-07 
1165 14 4.4155e-05 2.28e-07 
1166 14 4.4669e-05 3.5e-07 
1167 31 0.000115715 1.263e-06 
1168 26 0.000103337 1.281e-06 
1169 22 9.0024e-05 1.379e-06 
1170 27 0.000105805 1.37e-06 
1171 14 4.4855e-05 1.83e-07 
1172 21 8.2565e-05 7.39e-07 
1173 25 9.1201e-05 1.191e-06 
1174 31 0.000106153 1.62e-06 
1175 31 0.00013089 2.535e-06 
1176 23 8.247e-05 7.8e-07 
1177 21 8.5255e-05 4.65e-07 
1178 26 9.5185e-05 9.24e-07 
1179 31 0.000120515 1.282e-06 
1180 13 4.2419e-05 3.58e-07 
1181 31 0.000117376 1.717e-06 
1182 22 7.7338e-05 7.96e-07 
1183 25 0.000102432 8.04e-07 
1184 23 8.6364e-05 6.78e-07 
1185 17 5.8798e-05 4.23e-07 
1186 31 0.000114649 8.61e-07 
1187 24 9.3837e-05 8.77e-07 
1188 25 0.000100999 1.941e-06 
1189 31 0.00012162 1.266e-06 
1190 21 7.6903e-05 8.71e-07 
1191 31 0.000130626 1.113e-06 
1192 15 4.9351e-05 3.75e-07 
1193 29 0.00011866 1.775e-06 
1194 29 0.00010616 1.437e-06 
1195 31 0.000112769 1.468e-06 
1196 20 7.5311e-05 6.07e-07 
1197 20 6.9638e-05 1.273e-06 
1198 24 8.9796e-05 6.59e-07 
1199 11 3.5147e-05 3.07e-07 
1200 11 3.1319e-05 3.76e-07 
1201 11 3.1106e-05 1.85e-07 
1202 18 6.5242e-05 5.9e-07 
1203 26 9.357e-05 7.33e-07 
1204 17 6.0111e-05 4.97e-07 
1205 15 4.963e-05 2.44e-07 
1206 16 4.7806e-05 4.38e-07 
1207 20 7.3451e-05 8.99e-07 
1208 10 2.6164e-05 2.04e-07 
1209 18 6.338e-05 4.33e-07 
1210 15 4.848e-05 2.54e-07 
1211 14 3.9487e-05 2.36e-07 
1212 18 7.412e-05 5.37e-07 
1213 15 5.2675e-05 6.56e-07 
1214 14 4.3622e-05 2.19e-07 
1215 27 0.000114506 9.96e-07 
1216 22 8.9198e-05 3.354e-06 
1217 13 4.4943e-05 1.64e-07 
1218 27 0.000105433 1.211e-06 
1219 23 8.1745e-05 8.17e-07 
1220 25 9.8546e-05 1.778e-06 
1221 20 6.7541e-05 7.57e-07 
1222 20 7.5271e-05 3.49e-07 
1223 25 9.218e-05 8.54e-07 
1224 13 3.9004e-05 1.86e-07 
1225 13 4.1557e-05 2.1e-07 
1226 13 4.1777e-05 2.96e-07 
1227 19 6.9984e-05 6.26e-07 
1228 32 0.000130084 2.773e-06 
1229 26 9.1711e-05 7.14e-07 
1230 22 8.6067e-05 7.01e-07 
1231 30 0.00011657 1.766e-06 
1232 32 0.000111694 2.107e-06 
1233 32 0.000142902 2.184e-06 
1234 20 6.7314e-05 4.47e-07 
1235 27 9.9487e-05 1.323e-06 
1236 22 8.2736e-05 1.007e-06 
1237 32 0.000120502 1.558e-06 
1238 14 4.8026e-05 2.24e-07 
1239 32 0.000117452 2.181e-06 
1240 17 5.4744e-05 3.85e-07 
1241 21 7.6802e-05 1.106e-06 
1242 22 8.5772e-05 1.06e-06 
1243 24 8.7741e-05 9.52e-07 
1244 11 3.1529e-05 2.2e-07 
1245 22 8.4964e-05 4.65e-07 
1246 32 0.000120038 1.97e-06 
1247 22 8.3154e-05 8.85e-07 
1248 32 0.000116709 1.823e-06 
1249 22 7.7362e-05 5.06e-07 
1250 32 0.000112105 2.091e-06 
1251 19 7.4218e-05 1.143e-06 
1252 30 0.000128032 1.002e-06 
1253 24 7.8624e-05 1.058e-06 
1254 19 6.6162e-05 5.59e-07 
1255 32 0.000116996 1.159e-06 
1256 15 4.603e-05 3.94e-07 
1257 19 8.003e-05 2.791e-06 
1258 15 4.8709e-05 3.13e-07 
1259 22 9.5332e-05 1.03e-06 
1260 20 6.6378e-05 4.89e-07 
1261 20 7.3685e-05 8.7e-07 
1262 10 2.5757e-05 1.72e-07 
1263 16 5.3123e-05 4.52e-07 
1264 16 5.6965e-05 3.44e-07 
1265 11 3.3111e-05 4.35e-07 
1266 11 3.08e-05 1.9e-07 
1267 11 3.0916e-05 1.98e-07 
1268 32 0.000119684 2.536e-06 
1269 18 5.6166e-05 4.4e-07 
1270 27 9.3722e-05 9.8e-07 
1271 14 4.3678e-05 4.1e-07 
1272 15 5.2189e-05 8.76e-07 
1273 31 0.000131373 1.441e-06 
1274 33 0.000110246 2.15e-06 
1275 33 0.000138151 1.869e-06 
1276 21 7.25e-05 5.31e-07 
1277 23 9.4739e-05 1.129e-06 
1278 28 9.9916e-05 9.33e-07 
1279 33 0.000126745 2.367e-06 
1280 15 5.027e-05 3.99e-07 
1281 33 0.000120687 1.774e-06 
1282 24 8.4464e-05 8.34e-07 
1283 21 8.3885e-05 1.335e-06 
1284 22 8.5934e-05 1.028e-06 
1285 23 8.9408e-05 8.97e-07 
1286 33 0.000123792 1.177e-06 
1287 26 0.00010745 1.316e-06 
1288 23 8.6854e-05 1.53e-06 
1289 33 0.00013093 1.979e-06 
1290 23 9.113e-05 9.64e-07 
1291 33 0.000136906 1.458e-06 
1292 31 0.000130823 1.986e-06 
1293 25 8.5526e-05 1.078e-06 
1294 33 0.000118415 1.782e-06 
1295 15 5.169e-05 2.42e-07 
1296 20 6.7074e-05 9.83e-07 
1297 22 9.3644e-05 1.435e-06 
1298 20 8.3803e-05 4.63e-07 
1299 26 0.000107265 1.395e-06 
1300 22 9.198e-05 6.74e-07 
1301 28 0.000107743 9.93e-07 
1302 11 3.2706e-05 2.82e-07 
1303 17 5.7129e-05 3.78e-07 
1304 18 5.7319e-05 5.36e-07 
1305 20 7.375e-05 8.39e-07 
1306 12 3.6673e-05 2.19e-07 
1307 16 5.8226e-05 2.89e-07 
1308 18 6.4419e-05 8.03e-07 
1309 17 6.1456e-05 5.17e-07 
1310 16 5.0749e-05 2.38e-07 
1311 20 8.1321e-05 3.04e-07 
1312 20 6.6927e-05 1.034e-06 
1313 16 5.366e-05 3.31e-07 
1314 27 0.000110749 8.7e-07 
1315 19 6.2349e-05 3.36e-07 
1316 15 5.1286e-05 5.58e-07 
1317 29 0.000110457 1.857e-06 
1318 25 8.9452e-05 7.38e-07 
1319 25 9.8977e-05 5.29e-07 
1320 27 0.000113698 1.604e-06 
1321 13 3.8906e-05 3.09e-07 
1322 13 4.1324e-05 2.41e-07 
1323 13 3.9052e-05 3.16e-07 
1324 22 0.000104054 6.89e-07 
1325 17 5.6462e-05 6.98e-07 
1326 21 7.5714e-05 5.85e-07 
1327 20 6.6719e-05 5.56e-07 
1328 23 0.000105176 8.3e-07 
1329 28 0.000115495 1.142e-06 
1330 16 5.8888e-05 9.07e-07 
1331 26 9.9211e-05 1.015e-06 
1332 34 0.000131296 1.84e-06 
1333 34 0.000148234 1.673e-06 
1334 24 8.9316e-05 8.35e-07 
1335 29 0.000107353 1.505e-06 
1336 24 0.000107212 1.094e-06 
1337 33 0.000145688 2.976e-06 
1338 16 6.4976e-05 4.04e-07 
1339 34 0.000129629 1.753e-06 
1340 19 6.5737e-05 1.447e-06 
1341 20 7.462e-05 5.65e-07 
1342 26 0.00010839 1.212e-06 
1343 13 4.017e-05 3.4e-07 
1344 16 5.2807e-05 8.99e-07 
1345 34 0.000124343 1.85e-06 
1346 25 9.3295e-05 1.685e-06 
1347 34 0.000131824 2.864e-06 
1348 22 8.1414e-05 8.28e-07 
1349 34 0.000121008 2.114e-06 
1350 17 6.371e-05 3.98e-07 
1351 32 0.000133787 1.959e-06 
1352 30 0.000109415 1.621e-06 
1353 19 6.8531e-05 7.68e-07 
1354 34 0.000140149 1.93e-06 
1355 17 5.4097e-05 7.8e-07 
1356 21 8.4748e-05 1.258e-06 
1357 17 6.048e-05 3.95e-07 
1358 22 0.000102526 1.732e-06 
1359 11 3.429e-05 2.06e-07 
1360 11 3.1017e-05 1.72e-07 
1361 11 3.1978e-05 1.75e-07 
1362 15 5.663e-05 4.6e-07 
1363 20 6.9558e-05 7.7e-07 
1364 10 2.6872e-05 1.64e-07 
1365 16 5.3969e-05 6.86e-07 
1366 16 5.5596e-05 4.65e-07 
1367 28 0.000105575 1.352e-06 
1368 20 6.9076e-05 4.44e-07 
1369 29 0.000111393 1.964e-06 
1370 16 5.5325e-05 3.19e-07 
1371 23 8.9364e-05 5.88e-07 
1372 27 0.000103482 1.108e-06 
1373 35 0.000127082 2.662e-06 
1374 35 0.000154302 2.609e-06 
1375 25 9.1845e-05 8.44e-07 
1376 19 6.9361e-05 5.57e-07 
1377 30 0.000133835 1.818e-06 
1378 13 4.0759e-05 2.35e-07 
1379 35 0.000129022 2.645e-06 
1380 26 0.000122859 9.86e-07 
1381 13 4.1207e-05 5.28e-07 
1382 26 0.000115359 9.55e-07 
1383 26 9.8676e-05 1.802e-06 
1384 15 5.0682e-05 3.61e-07 
1385 35 0.000131575 1.611e-06 
1386 28 0.000144288 1.733e-06 
1387 35 0.000136236 2.11e-06 
1388 23 8.6703e-05 9.2e-07 
1389 35 0.000130133 1.456e-06 
1390 31 0.000137924 2.336e-06 
1391 31 0.00011399 2.217e-06 
1392 35 0.000128911 1.809e-06 
1393 22 9.4658e-05 1.27e-06 
1394 18 6.1109e-05 5.21e-07 
1395 22 7.6863e-05 7.41e-07 
1396 13 3.8152e-05 2.07e-07 
1397 13 4.08e-05 2.11e-07 
1398 13 3.8607e-05 2.1e-07 
1399 20 6.7412e-05 6.64e-07 
1400 20 7.418e-05 6.1e-07 
1401 30 0.000111943 1.353e-06 
1402 11 3.1152e-05 2.35e-07 
1403 33 0.000138136 2.74e-06 
1404 17 5.8729e-05 8.12e-07 
1405 20 6.5479e-05 7.76e-07 
1406 12 3.6656e-05 2.89e-07 
1407 24 9.0858e-05 6.37e-07 
1408 14 4.4476e-05 3.64e-07 
1409 20 7.4105e-05 6.73e-07 
1410 15 5.2044e-05 2.87e-07 
1411 18 5.719e-05 6.84e-07 
1412 20 9.4297e-05 6.94e-07 
1413 18 6.2338e-05 5.59e-07 
1414 29 0.00010554 1.333e-06 
1415 21 7.3211e-05 7.3e-07 
1416 15 5.1869e-05 5.74e-07 
1417 29 0.000106399 2.334e-06 
1418 27 9.9061e-05 1.226e-06 
1419 17 5.8469e-05 3.9e-07 
1420 27 0.000103997 7.01e-07 
1421 29 0.000119797 2.508e-06 
1422 22 9.0784e-05 1.117e-06 
1423 19 6.6246e-05 5.5e-07 
1424 20 6.6123e-05 1.094e-06 
1425 27 0.000100754 9.53e-07 
1426 11 3.3842e-05 2.37e-07 
1427 11 3.0681e-05 3.2e-07 
1428 11 3.1033e-05 2.74e-07 
1429 15 6.0782e-05 6.34e-07 
1430 21 7.7587e-05 8.91e-07 
1431 24 8.4226e-05 1.17e-06 
1432 24 9.3692e-05 7.93e-07 
1433 32 0.00013168 1.466e-06 
1434 36 0.000123969 1.947e-06 
1435 36 0.000176031 2.448e-06 
1436 20 7.4906e-05 4.19e-07 
1437 31 0.000121158 1.556e-06 
1438 20 7.3533e-05 9.71e-07 
1439 14 5.0183e-05 2.74e-07 
1440 36 0.000140582 2.205e-06 
1441 21 7.1704e-05 2.213e-06 
1442 14 5.58e-05 2.78e-07 
1443 13 5.1651e-05 3.08e-07 
1444 22 0.000107038 6.06e-07 
1445 36 0.000185491 1.735e-06 
1446 25 0.000129 1.442e-06 
1447 36 0.00019808 2.698e-06 
1448 24 0.000118337 4.83e-07 
1449 36 0.000180753 1.652e-06 
1450 15 6.4917e-05 4.68e-07 
1451 32 0.000185512 1.53e-06 
1452 26 0.000139255 1.472e-06 
1453 21 0.000103608 8.26e-07 
1454 36 0.000187044 1.938e-06 
1455 19 8.0425e-05 3.46e-07 
1456 20 0.000116144 5.03e-07 
1457 19 8.5073e-05 4.35e-07 
1458 22 0.00011775 1.239e-06 
1459 20 9.5454e-05 1.255e-06 
1460 12 4.9528e-05 2.11e-07 
1461 33 0.00018246 2.232e-06 
1462 18 8.0695e-05 4.3e-07 
1463 18 8.7404e-05 8.17e-07 
1464 30 0.000148334 1.349e-06 
1465 28 0.000150492 1.219e-06 
1466 25 0.000122961 6.85e-07 
1467 14 6.0349e-05 2.29e-07 
1468 15 6.3587e-05 4.77e-07 
1469 33 0.000186484 1.236e-06 
1470 37 0.000193531 1.801e-06 
1471 37 0.000217263 2.646e-06 
1472 21 9.4718e-05 5.83e-07 
1473 25 0.000140572 9.85e-07 
1474 30 0.000152291 1.257e-06 
1475 17 7.4693e-05 4.06e-07 
1476 37 0.000188594 2.436e-06 
1477 28 0.000135012 1.038e-06 
1478 13 4.8741e-05 2.01e-07 
1479 18 8.9156e-05 5.05e-07 
1480 28 0.000137454 1.217e-06 
1481 23 0.000112736 5.09e-07 
1482 37 0.00020592 2.836e-06 
1483 30 0.000183633 2.191e-06 
1484 31 0.000174743 1.056e-06 
1485 25 0.000122738 8.85e-07 
1486 37 0.000189918 1.355e-06 
1487 33 0.000192069 3.133e-06 
1488 27 0.000130406 6.68e-07 
1489 37 0.000204643 1.595e-06 
1490 13 5.0956e-05 7.81e-07 
1491 20 9.763e-05 6.58e-07 
1492 13 4.6704e-05 2.74e-07 
1493 13 4.6928e-05 2.63e-07 
1494 13 4.4681e-05 3.09e-07 
1495 22 0.000113564 1.487e-06 
1496 20 9.0555e-05 5.69e-07 
1497 28 0.000142863 9.88e-07 
1498 20 7.6493e-05 7.04e-07 
1499 22 0.000107586 1.004e-06 
1500 21 9.9797e-05 5.61e-07 
1501 14 5.43e-05 3.99e-07 
1502 31 0.000154323 8.05e-07 
1503 29 0.000152073 1.381e-06 
1504 17 7.5192e-05 5.48e-07 
1505 31 0.000157664 8.44e-06 
1506 29 0.000149588 9.36e-07 
1507 17 7.8291e-05 5.07e-07 
1508 29 0.000147677 8.64e-07 
1509 31 0.000194646 1.853e-06 
1510 24 0.000122369 8.65e-07 
1511 24 0.000130278 9.71e-07 
1512 13 4.9277e-05 2.22e-07 
1513 19 8.3783e-05 6.22e-07 
1514 22 0.00010446 7.05e-07 
1515 14 5.3994e-05 2.16e-07 
1516 26 0.000136481 1.381e-06 
1517 18 8.3812e-05 4.23e-07 
1518 20 9.5844e-05 4.84e-07 
1519 19 9.5801e-05 2.768e-06 
1520 20 8.7745e-05 4.54e-07 
1521 15 5.9189e-05 4.22e-07 
1522 11 3.6147e-05 4.35e-07 
1523 11 3.555e-05 2.83e-07 
1524 11 3.5663e-05 2.07e-07 
1525 23 0.00010444 7.74e-07 
1526 20 8.0531e-05 7.25e-07 
1527 22 0.00010294 6.76e-07 
1528 15 6.1332e-05 2.57e-07 
1529 25 0.000125001 1.239e-06 
1530 28 0.000150685 1.254e-06 
1531 16 7.8125e-05 5.66e-07 
1532 28 0.000167916 6.7e-07 
1533 38 0.000224185 2.424e-06 
1534 37 0.000222523 2.622e-06 
1535 22 0.000105837 5.44e-07 
1536 25 0.000120983 6.11e-07 
1537 26 0.000140483 7.95e-07 
1538 18 8.0056e-05 7.37e-07 
1539 38 0.000200189 1.706e-06 
1540 23 0.000105318 9e-07 
1541 14 5.1922e-05 4.72e-07 
1542 15 6.0563e-05 5.6e-07 
1543 16 6.9055e-05 7.33e-07 
1544 38 0.000198362 1.961e-06 
1545 27 0.000143768 1.256e-06 
1546 32 0.000166622 1.974e-06 
1547 26 0.000129966 1.029e-06 
1548 38 0.000197076 1.494e-06 
1549 19 8.9886e-05 5.37e-07 
1550 18 7.9918e-05 7.66e-07 
1551 32 0.00017014 1.322e-06 
1552 21 0.000102026 7.55e-07 
1553 38 0.000205832 1.683e-06 
1554 21 9.5375e-05 6.63e-07 
1555 14 6.3727e-05 5.88e-07 
1556 33 0.000189382 1.765e-06 
1557 20 9.3965e-05 1.013e-06 
1558 13 5.153e-05 2.28e-07 
1559 13 4.8648e-05 1.81e-07 
1560 13 4.6829e-05 1.98e-07 
1561 17 7.5251e-05 9.5e-07 
1562 22 0.000110734 2.84e-07 
1563 32 0.000163044 1.306e-06 
1564 22 9.9847e-05 9.56e-07 
1565 29 0.000146027 1.191e-06 
1566 17 7.9429e-05 3.71e-07 
1567 25 0.00013144 1.113e-06 
1568 29 0.000155354 1.106e-06 
1569 39 0.000210821 1.986e-06 
1570 23 0.000106464 6.29e-07 
1571 15 6.1612e-05 3.85e-07 
1572 32 0.000161687 1.025e-06 
1573 13 4.9255e-05 1.96e-07 
1574 39 0.000198014 1.985e-06 
1575 30 0.000159526 1.638e-06 
1576 15 6.2388e-05 3.54e-07 
1577 18 8.0771e-05 8.11e-07 
1578 30 0.000152883 1.13e-06 
1579 17 7.5332e-05 3.07e-07 
1580 39 0.000217227 3.37e-06 
1581 32 0.00019217 2.721e-06 
1582 37 0.000214264 2.86e-06 
1583 23 0.000114248 1.228e-06 
1584 39 0.000191802 1.898e-06 
1585 19 8.4437e-05 6.2e-07 
1586 33 0.000170844 1.854e-06 
1587 39 0.000199886 1.459e-06 
1588 13 4.9196e-05 5.19e-07 
1589 12 4.4941e-05 1.93e-07 
1590 18 8.2196e-05 3.8e-07 
1591 16 7.5835e-05 5.94e-07 
1592 20 8.8489e-05 6.94e-07 
1593 24 0.000114755 6.66e-07 
1594 15 6.0246e-05 2.87e-07 
1595 23 0.000113075 8.66e-07 
1596 11 3.6258e-05 3.54e-07 
1597 11 4.4691e-05 1.88e-07 
1598 11 3.5959e-05 2.01e-07 
1599 20 9.3765e-05 7.98e-07 
1600 33 0.000164506 3.649e-06 
1601 23 0.000106044 9.74e-07 
1602 31 0.000156103 1.353e-06 
1603 31 0.000152218 1.771e-06 
1604 19 9.5671e-05 4.35e-07 
1605 31 0.000164932 8.79e-07 
1606 32 0.000189912 2.747e-06 
1607 20 8.1449e-05 4.65e-07 
1608 22 0.000107572 7.51e-07 
1609 10 3.0642e-05 2.98e-07 
1610 30 0.000156245 1.04e-06 
1611 13 4.9491e-05 3.04e-07 
1612 13 4.9632e-05 2.78e-07 
1613 24 0.00011487 1.273e-06 
1614 14 6.0676e-05 2.47e-07 
1615 28 0.000156151 7.76e-07 
1616 16 6.7381e-05 3.94e-07 
1617 16 6.8883e-05 3.9e-07 
1618 17 7.5039e-05 3.8e-07 
1619 22 9.5948e-05 6.45e-07 
1620 33 0.000169226 2.534e-06 
1621 28 0.000136699 1.101e-06 
1622 18 8.0931e-05 4.16e-07 
1623 20 8.3855e-05 6.11e-07 
1624 21 9.7771e-05 7.82e-07 
1625 15 5.9462e-05 3.25e-07 
1626 23 0.000117045 1.433e-06 
1627 30 0.000154344 1.733e-06 
1628 16 7.3717e-05 5.04e-07 
1629 26 0.000146033 7.74e-07 
1630 34 0.000188205 1.479e-06 
1631 40 0.000220931 2.635e-06 
1632 11 3.5249e-05 1.76e-07 
1633 22 0.000104342 5.63e-07 
1634 31 0.000153599 1.108e-06 
1635 16 6.6034e-05 3.19e-07 
1636 14 5.5061e-05 3.8e-07 
1637 40 0.000201392 3.233e-06 
1638 25 0.000118347 7.47e-07 
1639 14 5.2242e-05 3e-07 
1640 15 6.3931e-05 2.5e-07 
1641 24 0.000117096 8.07e-07 
1642 40 0.000211179 2.342e-06 
1643 29 0.00015461 1.581e-06 
1644 32 0.000163513 1.584e-06 
1645 24 0.000122041 1.085e-06 
1646 40 0.000201099 2.761e-06 
1647 15 6.0159e-05 1.69e-06 
1648 20 9.3993e-05 6.14e-07 
1649 28 0.000134688 1.106e-06 
1650 17 7.1511e-05 3.94e-07 
1651 40 0.000203643 2.052e-06 
1652 21 9.8224e-05 4.65e-07 
1653 14 6.0812e-05 3.06e-07 
1654 13 5.1144e-05 2.65e-07 
1655 13 4.629e-05 3.43e-07 
1656 13 5.428e-05 3.13e-07 
1657 19 9.0576e-05 9.83e-07 
1658 20 8.3361e-05 8.6e-07 
1659 25 0.000119873 8.39e-07 
1660 18 9.0617e-05 4.72e-07 
1661 34 0.000171025 2.432e-06 
1662 30 0.000161504 1.239e-06 
1663 31 0.000161831 1.455e-06 
1664 15 6.3643e-05 2.46e-07 
1665 17 8.1722e-05 2.579e-06 
1666 35 0.000190389 4.814e-06 
1667 40 0.000227052 2.566e-06 
1668 23 0.000112276 7.85e-07 
1669 17 7.6631e-05 2.95e-07 
1670 32 0.000170677 1.488e-06 
1671 19 8.5097e-05 7.97e-07 
1672 41 0.000213161 2.696e-06 
1673 32 0.000163414 1.145e-06 
1674 15 6.0321e-05 2.58e-07 
1675 20 9.9851e-05 7.72e-07 
1676 32 0.000173233 2.005e-06 
1677 25 0.00012552 1.024e-06 
1678 41 0.000245929 5.108e-06 
1679 33 0.000182424 1.951e-06 
1680 25 0.000127211 5.87e-07 
1681 41 0.000226645 3.344e-06 
1682 21 0.000105814 4.58e-07 
1683 29 0.000141499 1.099e-06 
1684 41 0.000210105 3.814e-06 
1685 15 6.891e-05 4.89e-07 
1686 20 8.894e-05 7.32e-07 
1687 12 5.4954e-05 1.89e-07 
1688 20 9.0546e-05 4.09e-07 
1689 20 0.000109042 5.46e-07 
1690 15 6.1604e-05 6.18e-07 
1691 33 0.000173894 1.661e-06 
1692 19 9.7693e-05 5.67e-07 
1693 11 3.7418e-05 4.82e-07 
1694 11 3.5744e-05 2.38e-07 
1695 11 3.6148e-05 1.7e-07 
1696 20 8.699e-05 5.08e-07 
1697 16 6.8462e-05 3.44e-07 
1698 33 0.000176065 1.282e-06 
1699 31 0.000180186 1.406e-06 
1700 33 0.000171211 1.282e-06 
1701 33 0.000176083 8.72e-07 
1702 33 0.000178263 1.886e-06 
1703 19 8.9298e-05 8.27e-07 
1704 33 0.000174386 1.564e-06 
1705 16 6.885e-05 7.09e-07 
1706 26 0.000132826 7.12e-07 
1707 11 4.4413e-05 1.49e-07 
1708 26 0.000126301 1.31e-06 
1709 13 7.914e-05 3.15e-07 
1710 21 9.9614e-05 2.312e-06 
1711 25 0.000121904 3.077e-06 
1712 16 7.0936e-05 5.08e-07 
1713 30 0.000177543 3.043e-06 
1714 19 9.2705e-05 2.05e-06 
1715 22 0.000111917 1.191e-06 
1716 21 0.000121203 1.112e-06 
1717 22 9.7906e-05 7.63e-07 
1718 20 0.000100252 4.67e-07 
1719 26 0.000152855 9e-07 
1720 20 9.6469e-05 1.165e-06 
1721 13 4.9335e-05 2.96e-07 
1722 13 4.7788e-05 2.48e-07 
1723 13 4.4473e-05 3.1e-07 
1724 15 6.2273e-05 3.31e-07 
1725 17 7.815e-05 4.33e-07 
1726 21 0.000108383 1.255e-06 
1727 27 0.000142532 1.263e-06 
1728 26 0.000129276 9.88e-07 
1729 16 7.3004e-05 3.7e-07 
1730 16 7.2e-05 5.88e-07 
1731 30 0.000166686 1.136e-06 
1732 26 0.000131708 9.2e-07 
1733 27 0.0001335 1.209e-06 
1734 18 8.3677e-05 3.86e-07 
1735 20 9.2951e-05 6.08e-07 
1736 42 0.000240755 3.878e-06 
1737 16 0.000218042 1.467e-06 
1738 17 8.5864e-05 3.98e-07 
1739 18 8.2005e-05 4.77e-07 
1740 36 0.000184606 1.501e-06 
1741 31 0.000171462 1.994e-06 
1742 34 0.000191287 1.568e-06 
1743 26 0.000133278 8.34e-07 
1744 42 0.000223448 2.335e-06 
1745 34 0.000198901 2.104e-06 
1746 34 0.000183998 8.66e-07 
1747 22 0.000105046 9.31e-07 
1748 36 0.000186544 1.528e-06 
1749 23 0.000103094 8.43e-07 
1750 16 7.5594e-05 6.68e-07 
1751 20 8.7834e-05 9.25e-07 
1752 27 0.000196887 1.432e-06 
1753 24 0.000126558 1.051e-06 
1754 33 0.000179403 2.298e-06 
1755 20 8.327e-05 7.98e-07 
1756 15 5.9706e-05 3.33e-07 
1757 34 0.000174923 1.82e-06 
1758 24 0.000114304 1.082e-06 
1759 27 0.000132813 8.83e-07 
1760 16 7.2557e-05 4.34e-07 
1761 27 0.00014703 1.473e-06 
1762 31 0.000173584 1.354e-06 
1763 34 0.000173444 2.31e-06 
1764 25 0.000138412 7.69e-07 
1765 21 0.000102653 6.97e-07 
1766 34 0.000195105 1.569e-06 
1767 15 6.8323e-05 2.7e-07 
1768 43 0.00024205 2.45e-06 
1769 30 0.000158463 1.505e-06 
1770 15 6.1997e-05 4.26e-07 
1771 20 0.000105111 8.72e-07 
1772 34 0.000203228 2.698e-06 
1773 17 8.5191e-05 4.85e-07 
1774 37 0.000199429 1.796e-06 
1775 33 0.000183474 1.327e-06 
1776 25 0.000133854 1.708e-06 
1777 43 0.00021761 3.327e-06 
1778 33 0.000190333 3.492e-06 
1779 35 0.000186962 2.178e-06 
1780 17 7.0227e-05 4.39e-07 
1781 37 0.000196101 1.406e-06 
1782 15 6.7372e-05 3.08e-07 
1783 11 3.6201e-05 3.04e-07 
1784 14 5.6169e-05 2.59e-07 
1785 14 5.1213e-05 3.08e-07 
1786 16 6.3689e-05 6.9e-07 
1787 16 6.9643e-05 5.72e-07 
1788 18 8.4216e-05 4.03e-07 
1789 25 0.000138612 1.482e-06 
1790 11 3.8188e-05 2.86e-07 
1791 11 3.5397e-05 1.65e-07 
1792 11 3.4987e-05 1.81e-07 
1793 20 0.000104379 1.067e-06 
1794 22 0.00011144 1.041e-06 
1795 22 0.000106669 5.35e-07 
1796 35 0.000181624 2.751e-06 
1797 25 0.000149149 1.399e-06 
1798 17 8.2863e-05 5.99e-07 
1799 35 0.000185595 2.141e-06 
1800 33 0.000171682 2.228e-06 
1801 31 0.000161725 1.622e-06 
1802 20 9.7116e-05 8.2e-07 
1803 35 0.00018906 2.981e-06 
1804 18 8.2862e-05 1.118e-06 
1805 20 8.6389e-05 5.6e-07 
1806 24 0.000121802 5.71e-07 
1807 32 0.000168901 1.291e-06 
1808 15 6.0713e-05 2.4e-07 
1809 19 8.5722e-05 6.62e-07 
1810 17 6.5979e-05 2.61e-07 
1811 16 7.4604e-05 2.64e-07 
1812 31 0.000176392 1.92e-06 
1813 17 7.5599e-05 4.94e-07 
1814 17 7.6408e-05 7.92e-07 
1815 24 0.000112168 6.78e-07 
1816 28 0.000139838 1.132e-06 
1817 13 4.5687e-05 1.99e-07 
1818 13 4.7779e-05 2.01e-07 
1819 13 4.5556e-05 2.16e-07 
1820 23 0.000116009 9.62e-07 
1821 17 7.8057e-05 6.83e-07 
1822 21 0.000103285 1.147e-06 
1823 15 6.0623e-05 2.88e-07 
1824 20 8.1866e-05 5.56e-07 
1825 33 0.00017643 2.666e-06 
1826 25 0.000127754 1.102e-06 
1827 28 0.000148755 9.67e-07 
1828 26 0.000138774 8.36e-07 
1829 36 0.000190648 2.057e-06 
1830 22 0.000103138 4.88e-07 
1831 33 0.000169237 1.806e-06 
1832 22 0.000117966 3.88e-07 
1833 16 6.7982e-05 3.73e-07 
1834 44 0.000230673 4.934e-06 
1835 16 6.6033e-05 3.39e-07 
1836 17 7.9465e-05 4.41e-07 
1837 24 0.000117978 6.83e-07 
1838 42 0.000231854 2.493e-06 
1839 38 0.00021054 2.716e-06 
1840 24 0.000119528 1.168e-06 
1841 44 0.000230587 2.332e-06 
1842 22 0.000103937 9.21e-07 
1843 30 0.000150158 7.85e-07 
1844 18 7.5378e-05 5.21e-07 
1845 42 0.000210425 2.69e-06 
1846 23 0.000100238 7.63e-07 
1847 16 7.5453e-05 5.78e-07 
1848 20 9.6767e-05 6.99e-07 
1849 29 0.000139064 9.55e-07 
1850 20 7.8986e-05 3.77e-07 
1851 11 3.5742e-05 3.33e-07 
1852 15 5.8727e-05 4.72e-07 
1853 36 0.000193265 1.818e-06 
1854 25 0.000117845 1.456e-06 
1855 27 0.00012067 1.023e-06 
1856 16 7.1523e-05 4.41e-07 
1857 17 7.955e-05 4.3e-07 
1858 37 0.000189085 2.228e-06 
1859 36 0.00018271 2.802e-06 
1860 21 8.6952e-05 6.76e-07 
1861 19 8.544e-05 6.39e-07 
1862 34 0.000181797 2.664e-06 
1863 21 9.7316e-05 4.7e-07 
1864 45 0.000226785 3.407e-06 
1865 32 0.000158534 1.102e-06 
1866 17 6.8778e-05 5.93e-07 
1867 36 0.000191723 3.898e-06 
1868 25 0.000121553 7.92e-07 
1869 43 0.000221227 3.033e-06 
1870 35 0.00019311 1.516e-06 
1871 27 0.000129528 8.77e-07 
1872 45 0.000216835 2.066e-06 
1873 23 0.000106189 6.74e-07 
1874 31 0.000148861 1.221e-06 
1875 19 7.8507e-05 4.3e-07 
1876 43 0.000208893 1.745e-06 
1877 17 8.4044e-05 5.88e-07 
1878 20 7.866e-05 8.66e-07 
1879 21 9.3947e-05 7e-07 
1880 11 3.7061e-05 2.22e-07 
1881 11 3.4355e-05 2.33e-07 
1882 11 3.4912e-05 1.74e-07 
1883 14 5.6925e-05 2.38e-07 
1884 22 0.0001002 7.61e-07 
1885 18 7.2627e-05 5.61e-07 
1886 20 9.6462e-05 5.21e-07 
1887 18 8.3561e-05 6.01e-07 
1888 20 0.000105908 6.65e-07 
1889 23 0.000116111 8.9e-07 
1890 20 7.6136e-05 5.8e-07 
1891 16 6.6446e-05 2.47e-07 
1892 35 0.000192396 1.859e-06 
1893 16 7.4835e-05 1.786e-06 
1894 37 0.000198895 2.279e-06 
1895 29 0.000149139 1.744e-06 
1896 31 0.000160376 1.781e-06 
1897 22 0.00011588 1.028e-06 
1898 35 0.000187675 2.96e-06 
1899 16 0.000163403 5.44e-07 
1900 20 8.0954e-05 4.23e-07 
1901 33 0.000171689 2.417e-06 
1902 28 0.000147563 1.149e-06 
1903 28 0.000144417 1.544e-06 
1904 15 6.5871e-05 3.48e-07 
1905 22 0.00010085 5.91e-07 
1906 19 7.962e-05 9.28e-07 
1907 18 8.0998e-05 2.888e-06 
1908 21 7.8833e-05 5.58e-07 
1909 17 6.452e-05 1.556e-06 
1910 21 0.000122927 2.746e-06 
1911 24 0.000113778 1.102e-06 
1912 13 4.7573e-05 5.89e-07 
1913 13 4.8119e-05 3.25e-07 
1914 13 4.4573e-05 4.83e-07 
1915 30 0.000518339 3.024e-06 
1916 17 7.6753e-05 6.61e-07 
1917 16 8.8415e-05 1.033e-06 
1918 23 0.000127093 1.662e-06 
1919 19 9.7679e-05 5.99e-07 
1920 11 3.7211e-05 1.96e-07 
1921 20 9.3308e-05 7.19e-07 
1922 26 0.000146358 1.624e-06 
1923 29 0.000157864 2.678e-06 
1924 32 0.000186317 1.613e-06 
1925 26 0.000133451 1.046e-06 
1926 16 7.4934e-05 5.03e-07 
1927 32 0.000172403 1.98e-06 
1928 24 0.000117916 7.14e-07 
1929 29 0.000151376 1.95e-06 
1930 20 0.000102437 4.26e-07 
1931 22 0.00012026 5.93e-07 
1932 46 0.000265768 3.555e-06 
1933 22 0.000106157 8.89e-07 
1934 18 8.0046e-05 9.67e-07 
1935 19 8.6635e-05 6.37e-07 
1936 16 6.84e-05 3.87e-07 
1937 38 0.000201598 1.535e-06 
1938 36 0.000201258 2.117e-06 
1939 28 0.000139574 6.43e-07 
1940 46 0.000259128 4.541e-06 
1941 24 0.00012057 8.16e-07 
1942 35 0.000192179 1.502e-06 
1943 20 9.0415e-05 7.53e-07 
1944 38 0.000193742 1.965e-06 
1945 25 0.000117095 1.002e-06 
1946 18 9.0364e-05 1.002e-06 
1947 25 0.000122074 7.01e-07 
1948 20 8.7324e-05 1.239e-06 
1949 15 5.9843e-05 2.36e-07 
1950 20 9.7862e-05 5.56e-07 
1951 16 7.2117e-05 5.39e-07 
1952 27 0.000148436 1.709e-06 
1953 36 0.000200123 2.551e-06 
1954 33 0.000191611 1.473e-06 
1955 27 0.000134333 1.162e-06 
1956 27 0.000148204 9.85e-07 
1957 33 0.000174758 2.476e-06 
1958 38 0.000204537 3.595e-06 
1959 25 0.000123557 8.78e-07 
1960 27 0.000159642 2.043e-06 
1961 30 0.000152445 6.82e-07 
1962 15 6.2487e-05 3.4e-07 
1963 47 0.000260351 3.105e-06 
1964 22 0.00010528 5.91e-07 
1965 34 0.000186405 1.513e-06 
1966 17 7.3773e-05 3.11e-07 
1967 36 0.000203421 1.227e-06 
1968 17 8.3527e-05 4.18e-07 
1969 39 0.000199456 1.878e-06 
1970 37 0.000199931 2.375e-06 
1971 23 0.000110175 6.4e-07 
1972 47 0.000235752 4.473e-06 
1973 25 0.000137657 9.18e-07 
1974 21 0.00012798 1.025e-06 
1975 39 0.000222965 2.826e-06 
1976 17 0.000105751 7.57e-07 
1977 20 9.4832e-05 7.04e-07 
1978 11 4.0257e-05 3.13e-07 
1979 11 3.9552e-05 1.97e-07 
1980 11 3.8859e-05 1.74e-07 
1981 21 0.000109942 1.657e-06 
1982 16 7.5384e-05 6.49e-07 
1983 16 0.000100691 3.06e-07 
1984 20 8.9953e-05 5.24e-07 
1985 21 0.000104891 7.4e-07 
1986 16 7.2857e-05 4.24e-07 
1987 18 8.4064e-05 8.35e-07 
1988 20 9.1741e-05 6.95e-07 
1989 33 0.000195285 2.281e-06 
1990 18 8.1558e-05 1.705e-06 
1991 37 0.000222098 2.383e-06 
1992 38 0.000229161 4.819e-06 
1993 35 0.000206705 2.2e-06 
1994 22 0.000104815 7.71e-07 
1995 35 0.000204322 9.306e-06 
1996 24 0.000148917 8.07e-07 
1997 37 0.000238484 2.805e-06 
1998 20 9.8632e-05 8.89e-07 
1999 11 3.7668e-05 3.83e-07 
2000 20 9.328e-05 2.925e-06 
2001 16 8.1906e-05 1.836e-06 
2002 13 5.4227e-05 3.31e-07 
2003 13 4.9379e-05 4.76e-07 
2004 13 4.7313e-05 2.46e-07 
2005 26 0.00014333 1.943e-06 
2006 32 0.000170009 1.378e-06 
2007 17 8.6713e-05 3.45e-07 
2008 21 9.5938e-05 9.69e-07 
2009 18 8.6009e-05 3.99e-07 
2010 19 8.7719e-05 6.83e-07 
2011 32 0.000170662 1.63e-06 
2012 19 8.95e-05 3.85e-07 
2013 26 0.00013635 1.268e-06 
2014 26 0.000123453 8.06e-07 
2015 23 0.000110857 6.77e-07 
2016 40 0.000217427 4.712e-06 
2017 22 0.00010483 7.52e-07 
2018 25 0.00013762 1.395e-06 
2019 17 8.1354e-05 3.79e-07 
2020 21 0.000101172 1.158e-06 
2021 16 7.6156e-05 3.15e-07 
2022 22 0.000108768 5.56e-07 
2023 27 0.000146202 1.425e-06 
2024 33 0.00019626 2.122e-06 
2025 28 0.000139086 1.324e-06 
2026 28 0.000155299 1.089e-06 
2027 38 0.000205495 3.378e-06 
2028 24 9.2721e-05 1.044e-06 
2029 33 0.000126392 1.843e-06 
2030 28 0.000119764 1.864e-06 
2031 16 5.5735e-05 5.77e-07 
2032 48 0.000194348 5.216e-06 
2033 16 5.6671e-05 4.74e-07 
2034 19 7.4904e-05 5.55e-07 
2035 26 9.8741e-05 9.27e-07 
2036 44 0.000184646 4.336e-06 
2037 34 0.000133508 2.175e-06 
2038 26 0.000104328 1.426e-06 
2039 48 0.000184631 4.174e-06 
2040 34 0.000146018 2.695e-06 
2041 33 0.00011957 1.955e-06 
2042 22 8.6908e-05 6.74e-07 
2043 44 0.00017273 2.812e-06 
2044 25 8.5947e-05 8.64e-07 
2045 18 7.4711e-05 5.5e-07 
2046 21 8.923e-05 1.139e-06 
2047 31 0.000117888 1.307e-06 
2048 15 5.1469e-05 5.48e-07 
2049 38 0.000143269 4.183e-06 
2050 22 8.0458e-05 5.76e-07 
2051 16 6.1856e-05 5.42e-07 
2052 23 8.2789e-05 8.97e-07 
2053 21 7.7021e-05 6.88e-07 
2054 38 0.000152475 3.127e-06 
2055 29 0.000107824 1.007e-06 
2056 17 6.4169e-05 8.09e-07 
2057 39 0.000154849 2.493e-06 
2058 25 8.7803e-05 8.24e-07 
2059 21 8.23e-05 8.41e-07 
2060 36 0.00013972 1.998e-06 
2061 23 8.7625e-05 5.352e-06 
2062 49 0.000451959 1.134e-05 
2063 32 0.000185784 1.352e-06 
2064 19 9.2742e-05 7.88e-07 
2065 38 0.000235551 5.028e-06 
2066 27 0.000145327 9.46e-07 
2067 39 0.000207358 2.388e-06 
2068 37 0.000204603 1.981e-06 
2069 29 0.000150842 1.523e-06 
2070 49 0.000263281 3.811e-06 
2071 29 0.00016492 1.349e-06 
2072 23 0.000115812 9.52e-07 
2073 45 0.000233338 2.742e-06 
2074 19 0.000102895 1.323e-06 
2075 21 9.856e-05 4.65e-07 
2076 33 0.000170539 2.077e-06 
2077 11 3.6867e-05 3.77e-07 
2078 11 3.5155e-05 1.92e-07 
2079 11 3.5346e-05 1.67e-07 
2080 40 0.000231872 3.633e-06 
2081 22 0.000104169 6.09e-07 
2082 11 3.5261e-05 1.81e-07 
2083 16 7.4922e-05 5.45e-07 
2084 14 5.7517e-05 2.48e-07 
2085 18 7.5843e-05 5.01e-07 
2086 20 0.000237312 1.288e-06 
2087 22 0.000129559 1.387e-06 
2088 18 8.7229e-05 5.71e-07 
2089 37 0.000219426 3.207e-06 
2090 35 0.000217524 1.785e-06 
2091 33 0.000196724 3.212e-06 
2092 26 0.000185782 1.595e-06 
2093 31 0.000193839 1.147e-06 
2094 18 0.00013285 1.419e-06 
2095 38 0.000276434 3.772e-06 
2096 22 0.000128468 9.82e-07 
2097 21 0.000125617 4.646e-06 
2098 16 8.7842e-05 5.07e-07 
2099 13 5.7228e-05 4.46e-07 
2100 13 6.1528e-05 2.96e-07 
2101 13 5.7875e-05 3.25e-07 
2102 30 0.000193059 1.995e-06 
2103 20 0.00011434 7.29e-07 
2104 26 0.00016006 1.187e-06 
2105 15 7.6096e-05 5.37e-07 
2106 19 0.000101718 1.272e-06 
2107 20 0.000124351 1.189e-06 
2108 17 9.8543e-05 1.144e-06 
2109 34 0.000224364 2.051e-06 
2110 23 0.000167923 1.5e-06 
2111 26 0.000162948 1.545e-06 
2112 32 0.000237724 2.981e-06 
2113 21 0.000140711 9.46e-07 
2114 17 0.000109256 6.87e-07 
2115 27 0.000234178 3.199e-06 
2116 20 0.000149878 1.646e-06 
2117 40 0.000309602 4.968e-06 
2118 22 0.000159163 9.6e-07 
2119 28 0.000220499 2.012e-06 
2120 16 0.000105987 8.01e-07 
2121 21 0.000139404 6.85e-07 
2122 31 0.000217058 1.872e-06 
2123 21 0.000126806 9.54e-07 
2124 30 0.000189312 2.372e-06 
2125 18 0.000118045 4.41e-07 
2126 34 0.000221286 2.857e-06 
2127 26 0.000193151 9.49e-07 
2128 30 0.000204074 1.531e-06 
2129 22 0.000146043 6.48e-07 
2130 24 0.000139225 3.358e-06 
2131 48 0.000293146 4.271e-06 
2132 20 0.000105402 7.68e-07 
2133 21 0.000121724 1.213e-06 
2134 18 0.000121551 1.142e-06 
2135 40 0.00024584 3.836e-06 
2136 38 0.000252745 3.899e-06 
2137 30 0.000195034 2.095e-06 
2138 48 0.000334739 5.959e-06 
2139 26 0.000182146 1.989e-06 
2140 35 0.000250717 3.259e-06 
2141 24 0.000205502 1.379e-06 
2142 40 0.000290058 4.99e-06 
2143 27 0.000184641 1.731e-06 
2144 20 0.000151013 1.331e-06 
2145 15 8.6954e-05 7.64e-07 
2146 27 0.000182362 1.834e-06 
2147 18 0.000109498 1.266e-06 
2148 38 0.000269717 5.496e-06 
2149 22 0.000134753 8.55e-07 
2150 29 0.000199758 2.803e-06 
2151 16 0.000102496 4.56e-07 
2152 33 0.000198371 3.593e-06 
2153 11 4.5159e-05 3.94e-07 
2154 38 0.000241064 2.851e-06 
2155 31 0.000187827 1.636e-06 
2156 29 0.000188141 1.466e-06 
2157 29 0.000163002 9.1e-07 
2158 27 0.000144378 6.93e-07 
2159 31 0.000180235 2.949e-06 
2160 23 0.00013147 8.85e-07 
2161 36 0.000203602 1.587e-06 
2162 15 6.4953e-05 2.88e-07 
2163 49 0.000268408 3.886e-06 
2164 34 0.000187241 2.175e-06 
2165 17 7.5546e-05 6.16e-07 
2166 32 0.000182213 1.666e-06 
2167 17 7.629e-05 6.4e-07 
2168 41 0.000227772 2.373e-06 
2169 33 0.000178121 1.91e-06 
2170 27 0.000144915 1.671e-06 
2171 49 0.00026773 3.462e-06 
2172 20 9.5789e-05 4.8e-07 
2173 25 0.000129871 9.92e-07 
2174 41 0.0002101 2.404e-06 
2175 18 8.7898e-05 4.58e-07 
2176 21 9.7574e-05 7.25e-07 
2177 19 9.4391e-05 9.16e-07 
2178 21 0.000102813 1.076e-06 
2179 40 0.000215439 3.128e-06 
2180 22 0.000101296 4.59e-07 
2181 11 3.5916e-05 3.1e-07 
2182 11 3.4992e-05 1.67e-07 
2183 11 3.413e-05 2.26e-07 
2184 16 7.447e-05 5.54e-07 
2185 14 5.5287e-05 2.18e-07 
2186 20 9.0822e-05 9.82e-07 
2187 18 8.3581e-05 4.94e-07 
2188 20 9.7438e-05 5.1e-07 
2189 18 8.0622e-05 8.57e-07 
2190 39 0.000225857 2.099e-06 
2191 31 0.000162494 1.71e-06 
2192 33 0.000169893 1.882e-06 
2193 28 0.000157978 1.122e-06 
2194 37 0.000205691 3.361e-06 
2195 21 9.3293e-05 7.01e-07 
2196 21 0.000113717 8.26e-07 
2197 38 0.000209448 8.036e-06 
2198 22 0.000112354 4.54e-07 
2199 16 7.9287e-05 4.19e-07 
2200 13 5.2015e-05 4.09e-07 
2201 13 5.1672e-05 3.51e-07 
2202 13 4.8533e-05 3.22e-07 
2203 21 0.00010677 7.18e-07 
2204 28 0.000156897 1.117e-06 
2205 22 0.00010955 4.26e-07 
2206 15 6.2077e-05 3.4e-07 
2207 21 0.00011238 5.59e-07 
2208 12 4.4147e-05 4.49e-07 
2209 21 0.000103283 5.81e-07 
2210 36 0.000191033 1.922e-06 
2211 19 8.9035e-05 8.68e-07 
2212 28 0.000139184 1.389e-06 
2213 28 0.000142642 1.747e-06 
2214 19 9.2259e-05 5.82e-07 
2215 29 0.000321084 1.87e-06 
2216 21 9.7234e-05 3.98e-07 
2217 20 9.8007e-05 5.15e-07 
2218 40 0.000224808 3.336e-06 
2219 22 0.000106991 1.047e-06 
2220 16 9.2034e-05 5.88e-07 
2221 11 3.736e-05 3.87e-07 
2222 33 0.00018642 1.939e-06 
2223 23 0.000116824 1.663e-06 
2224 21 0.000108161 6.56e-07 
2225 32 0.000167987 2.135e-06 
2226 28 0.000160057 1.354e-06 
2227 40 0.000280337 2.396e-06 
2228 22 0.000116918 7.73e-07 
2229 27 0.000139089 2.262e-06 
2230 24 0.000131304 1.552e-06 
2231 16 6.9535e-05 2.75e-07 
2232 50 0.000287526 6.239e-06 
2233 16 6.7758e-05 4.74e-07 
2234 13 5.7724e-05 3.88e-07 
2235 26 0.000145295 9.12e-07 
2236 40 0.000215814 2.585e-06 
2237 38 0.000216122 3.694e-06 
2238 24 0.000119371 1.056e-06 
2239 48 0.000249607 5.777e-06 
2240 37 0.000204068 7.281e-06 
2241 26 0.000147018 1.63e-06 
2242 46 0.000264407 3.723e-06 
2243 27 0.000136648 8.11e-07 
2244 33 0.000178395 1.741e-06 
2245 20 0.000109953 9.9e-07 
2246 21 0.000112685 7.66e-07 
2247 21 0.000107732 1.52e-06 
2248 38 0.000216356 4.36e-06 
2249 22 0.000109019 1e-06 
2250 15 6.1192e-05 2.03e-07 
2251 16 7.4758e-05 3.65e-07 
2252 40 0.000215568 1.688e-06 
2253 22 0.000106565 8.83e-07 
2254 16 7.133e-05 4.03e-07 
2255 21 0.000110631 5.96e-07 
2256 40 0.00022122 4.681e-06 
2257 27 0.000139664 1.183e-06 
2258 17 8.4511e-05 6.77e-07 
2259 41 0.000229602 3.03e-06 
2260 23 0.000111154 8.3e-07 
2261 23 0.000119839 1.07e-06 
2262 32 0.000162869 1.485e-06 
2263 25 0.000134435 1.129e-06 
2264 51 0.000287463 4.69e-06 
2265 36 0.000192433 2.461e-06 
2266 21 9.8915e-05 7.7e-07 
2267 38 0.00021181 3.688e-06 
2268 27 0.000147565 9.05e-07 
2269 45 0.000244471 3.987e-06 
2270 39 0.000227529 3.15e-06 
2271 31 0.000168001 6.887e-06 
2272 49 0.000295552 5.832e-06 
2273 20 9.4937e-05 7.88e-07 
2274 27 0.000143458 8.41e-07 
2275 47 0.000249196 5.198e-06 
2276 22 0.000120827 9.83e-07 
2277 21 9.8676e-05 4.47e-07 
2278 11 3.8384e-05 5.27e-07 
2279 11 3.5489e-05 1.96e-07 
2280 11 3.5232e-05 2.19e-07 
2281 16 7.2092e-05 4.38e-07 
2282 38 0.000212991 2.799e-06 
2283 13 4.8952e-05 2.45e-07 
2284 18 7.7117e-05 4.67e-07 
2285 39 0.00020639 2.298e-06 
2286 37 0.000198013 2.051e-06 
2287 37 0.000196251 3.561e-06 
2288 30 0.000176533 1.843e-06 
2289 35 0.000189226 3.447e-06 
2290 21 9.719e-05 1.22e-06 
2291 23 0.000122257 9.13e-07 
2292 15 6.5915e-05 1.3834e-05 
2293 22 0.000205889 1.669e-06 
2294 20 0.000101461 2.806e-06 
2295 22 0.000138767 1.174e-06 
2296 21 0.000103038 6.83e-07 
2297 16 7.4166e-05 5.96e-07 
2298 40 0.000218586 2.576e-06 
2299 21 0.00010683 1.069e-06 
2300 28 0.00015396 1.642e-06 
2301 13 4.7126e-05 3.84e-07 
2302 13 4.7745e-05 1.92e-07 
2303 13 4.5444e-05 4.05e-07 
2304 19 9.0123e-05 7.86e-07 
2305 31 0.000186889 3.04e-06 
2306 34 0.000178988 2.386e-06 
2307 32 0.000174615 1.728e-06 
2308 22 0.000104802 7.14e-07 
2309 33 0.000175798 2.227e-06 
2310 23 0.000120311 6.38e-07 
2311 21 0.000106253 1.055e-06 
2312 19 9.3015e-05 5.01e-07 
2313 28 0.00014769 7.35e-07 
2314 23 0.000140317 1.452e-06 
2315 28 0.000136297 1.238e-06 
2316 21 0.000108125 6.85e-07 
2317 11 3.7815e-05 4.1e-07 
2318 16 7.2006e-05 3.52e-07 
2319 33 0.000172777 1.815e-06 
2320 38 0.000217313 1.1843e-05 
2321 29 0.000297791 5.564e-06 
2322 16 7.6933e-05 4.25e-07 
2323 29 0.000147577 1.399e-06 
2324 33 0.000185395 2.994e-06 
2325 23 0.000117776 8.84e-07 
2326 30 0.000158619 1.211e-06 
2327 18 9.4809e-05 8.15e-07 
2328 30 0.000164522 1.668e-06 
2329 26 0.000131204 1.002e-06 
2330 24 0.000132076 7.72e-07 
2331 26 0.00013778 1.049e-06 
2332 50 0.000274929 5.336e-06 
2333 22 0.000110223 1.122e-06 
2334 18 8.4988e-05 4.44e-07 
2335 42 0.000229207 3.154e-06 
2336 40 0.000255869 2.693e-06 
2337 32 0.000168612 1.052e-06 
2338 50 0.000275072 3.865e-06 
2339 29 0.000145083 1.092e-06 
2340 28 0.000154594 1.606e-06 
2341 42 0.000222254 2.885e-06 
2342 29 0.000150993 1.048e-06 
2343 15 6.9639e-05 4.73e-07 
2344 16 8.0302e-05 6.27e-07 
2345 37 0.000217245 1.542e-06 
2346 14 0.000100459 4.88e-07 
2347 17 9.068e-05 4.86e-07 
2348 40 0.000253796 3.133e-06 
2349 31 0.000189212 1.486e-06 
2350 29 0.000191891 2.152e-06 
2351 35 0.000218261 2.375e-06 
2352 27 0.000162433 1.287e-06 
2353 25 0.000163583 1.675e-06 
2354 38 0.000247474 2.039e-06 
2355 15 7.2157e-05 3.18e-07 
2356 51 0.000380213 9.389e-06 
2357 34 0.000284993 5.275e-06 
2358 17 8.5558e-05 1.379e-06 
2359 36 0.00038344 4.127e-06 
2360 18 0.000125663 8.18e-07 
2361 43 0.000260712 2.957e-06 
2362 39 0.000248977 4.27e-06 
2363 25 0.000145734 1.173e-06 
2364 51 0.000305813 6.014e-06 
2365 27 0.000149734 1.583e-06 
2366 29 0.000173437 1.543e-06 
2367 43 0.000249603 2.603e-06 
2368 24 0.000162192 1.715e-06 
2369 16 9.1376e-05 5.9e-07 
2370 14 7.2945e-05 3.07e-07 
2371 21 0.00012269 1.196e-06 
2372 15 7.8753e-05 3.69e-07 
2373 21 0.000125338 1.127e-06 
2374 21 0.000126396 1.299e-06 
2375 11 4.6892e-05 4.09e-07 
2376 20 0.000108825 5.45e-07 
2377 41 0.00025671 2.833e-06 
2378 37 0.000233258 2.716e-06 
2379 34 0.000202674 2.215e-06 
2380 32 0.000213398 2.677e-06 
2381 37 0.000228963 2.818e-06 
2382 19 0.000103363 6.8e-07 
2383 25 0.000154387 1.474e-06 
2384 11 3.8789e-05 3.18e-07 
2385 11 3.8206e-05 3.84e-07 
2386 11 3.7606e-05 2.26e-07 
2387 22 0.000103311 7.18e-07 
2388 15 6.356e-05 3.54e-07 
2389 24 0.000125203 1.097e-06 
2390 20 0.000125335 7.21e-07 
2391 18 8.6893e-05 4.6e-07 
2392 20 0.000116609 8.53e-07 
2393 24 0.000125311 9.48e-07 
2394 11 3.6057e-05 3.08e-07 
2395 19 8.4407e-05 4.15e-07 
2396 23 9.9377e-05 1.041e-06 
2397 33 0.000202128 6.708e-06 
2398 30 0.000159948 1.109e-06 
2399 38 0.00021203 3.176e-06 
2400 33 0.000175515 1.637e-06 
2401 24 0.000142744 9.91e-07 
2402 24 0.000131222 6.94e-07 
2403 23 0.000110609 8.02e-07 
2404 25 0.000127104 1.447e-06 
2405 15 6.8003e-05 8.79e-07 
2406 21 0.000102496 6.7e-07 
2407 37 0.000208083 4.373e-06 
2408 21 0.000105422 6.53e-07 
2409 30 0.000146981 1.42e-06 
2410 13 4.8808e-05 4.35e-07 
2411 13 5.1215e-05 2.25e-07 
2412 13 6.0027e-05 2.54e-07 
2413 21 0.000101791 5.66e-07 
2414 25 0.000191898 1.806e-06 
2415 22 0.000127505 1.449e-06 
2416 39 0.000228225 2.693e-06 
2417 35 0.000201591 2.711e-06 
2418 16 7.4653e-05 5.59e-07 
2419 29 0.000193182 2.21e-06 
2420 23 0.000135088 1.136e-06 
2421 28 0.000166635 1.86e-06 
2422 30 0.000197411 1.732e-06 
2423 42 0.000259397 3.073e-06 
2424 20 0.000105908 7.59e-07 
2425 26 0.000169412 1.576e-06 
2426 16 8.2863e-05 4.11e-07 
2427 52 0.000315245 4.99e-06 
2428 16 7.9027e-05 2.461e-06 
2429 46 0.000313227 5.099e-06 
2430 34 0.000203278 1.942e-06 
2431 26 0.000164418 1.339e-06 
2432 50 0.00029652 4.36e-06 
2433 30 0.000171281 1.55e-06 
2434 30 0.000188547 3.52e-06 
2435 46 0.000275116 2.682e-06 
2436 29 0.000150145 1.282e-06 
2437 12 4.9042e-05 3.43e-07 
2438 15 6.9754e-05 5.15e-07 
2439 21 0.000122899 1.93e-06 
2440 23 0.000148227 1.102e-06 
2441 21 0.000114925 6e-07 
2442 17 8.1427e-05 3.26e-07 
2443 42 0.000245617 5.211e-06 
2444 29 0.000156855 1.818e-06 
2445 17 8.4318e-05 1.071e-06 
2446 43 0.000254474 3.352e-06 
2447 21 0.000107757 5.03e-07 
2448 29 0.00017707 2.042e-06 
2449 37 0.000207178 2.567e-06 
2450 27 0.000155015 1.125e-06 
2451 52 0.000312989 6.203e-06 
2452 23 0.000113762 8.94e-07 
2453 38 0.000217401 2.894e-06 
2454 18 9.2328e-05 5.74e-07 
2455 41 0.000216056 2.815e-06 
2456 41 0.000223205 3.236e-06 
2457 33 0.000176212 2.488e-06 
2458 51 0.000267549 3.629e-06 
2459 35 0.000200437 1.917e-06 
2460 31 0.000172734 2.025e-06 
2461 47 0.000266528 3.404e-06 
2462 26 0.000158805 2.262e-06 
2463 13 5.0855e-05 3.67e-07 
2464 18 9.4213e-05 4.88e-07 
2465 21 0.000102076 9.14e-07 
2466 19 9.1259e-05 1.213e-06 
2467 41 0.000237423 3.961e-06 
2468 52 0.000302061 6.427e-06 
2469 24 0.000115234 7.08e-07 
2470 33 0.000202422 3.344e-06 
2471 39 0.000221285 3.743e-06 
2472 19 9.1708e-05 7.83e-07 
2473 27 0.000160612 1.047e-06 
2474 11 3.851e-05 2e-07 
2475 24 0.000115168 1.064e-06 
2476 19 8.3986e-05 4.43e-07 
2477 24 0.000118531 8.13e-07 
2478 14 6.294e-05 2.43e-07 
2479 16 6.8531e-05 4.46e-07 
2480 37 0.000205599 3.08e-06 
2481 24 0.000140978 7.14e-07 
2482 28 0.000165519 1.4e-06 
2483 38 0.000219451 3.505e-06 
2484 11 3.541e-05 2.18e-07 
2485 11 3.4429e-05 3.74e-07 
2486 11 3.4181e-05 2.12e-07 
2487 52 0.000291201 5.91e-06 
2488 25 0.000134309 6.59e-07 
2489 33 0.000189595 2.207e-06 
2490 36 0.000194739 2.053e-06 
2491 29 0.000161239 1.186e-06 
2492 39 0.000213839 2.416e-06 
2493 34 0.000199259 1.641e-06 
2494 24 0.000122242 7.2e-07 
2495 25 0.000124355 8.88e-07 
2496 25 0.000122108 8.25e-07 
2497 15 6.3265e-05 2.99e-07 
2498 19 8.6089e-05 8.68e-07 
2499 25 0.000143558 5.81e-07 
2500 30 0.000148347 1.436e-06 
2501 14 5.8125e-05 4.92e-07 
2502 18 7.8408e-05 2.81e-07 
2503 21 0.00010026 8.39e-07 
2504 21 0.000105113 7.8e-07 
2505 52 0.000283209 3.816e-06 
2506 18 8.4859e-05 1.028e-06 
2507 13 5.0267e-05 4.95e-07 
2508 13 5.2072e-05 2.85e-07 
2509 13 4.7101e-05 3.24e-07 
2510 31 0.000153864 1.582e-06 
2511 35 0.000220075 3.42e-06 
2512 23 0.000122602 9.43e-07 
2513 28 0.000147521 1.16e-06 
2514 18 9.7021e-05 1.127e-06 
2515 36 0.000212468 1.787e-06 
2516 28 0.000145214 8.78e-07 
2517 29 0.000170281 1.634e-06 
2518 26 0.000129458 8.82e-07 
2519 28 0.000150947 1.455e-06 
2520 24 0.000129095 1.369e-06 
2521 44 0.000231498 3.97e-06 
2522 42 0.00024644 3.497e-06 
2523 34 0.000190454 1.869e-06 
2524 50 0.000279971 4.998e-06 
2525 36 0.00022132 3.014e-06 
2526 32 0.000201923 1.917e-06 
2527 44 0.000228036 2.461e-06 
2528 31 0.000153126 1.289e-06 
2529 21 0.000103613 6.11e-07 
2530 15 6.4157e-05 6.26e-07 
2531 19 8.5227e-05 8.22e-07 
2532 52 0.000312913 4.566e-06 
2533 19 9.2221e-05 3.82e-07 
2534 15 5.8412e-05 5.64e-07 
2535 24 0.000115814 1.168e-06 
2536 42 0.000227789 3.522e-06 
2537 29 0.000146593 1.127e-06 
2538 31 0.000181009 1.549e-06 
2539 31 0.000162019 1.613e-06 
2540 25 0.000118924 6.61e-07 
2541 27 0.00013202 1.377e-06 
2542 17 7.6575e-05 7.78e-07 
2543 17 7.5304e-05 7.56e-07 
2544 33 0.000204895 2.687e-06 
2545 40 0.000230646 2.576e-06 
2546 20 0.000103202 6.09e-07 
2547 45 0.000278705 2.875e-06 
2548 33 0.000181694 2.304e-06 
2549 27 0.000230954 3.18e-06 
2550 51 0.000289774 4.41e-06 
2551 35 0.000231101 2.939e-06 
2552 33 0.000196442 1.859e-06 
2553 45 0.000238917 2.937e-06 
2554 28 0.000167726 2.823e-06 
2555 52 0.000321283 1.2432e-05 
2556 20 0.000102223 9.47e-07 
2557 35 0.000197755 2.117e-06 
2558 21 0.000102447 5.11e-07 
2559 21 0.000102679 1.022e-06 
2560 41 0.00023649 3.317e-06 
2561 25 0.000126714 1.16e-06 
2562 41 0.00024563 3.241e-06 
2563 21 0.00011418 9.7e-07 
2564 29 0.00017895 1.835e-06 
2565 11 3.7929e-05 4.92e-07 
2566 40 0.000225927 3.23e-06 
2567 52 0.000296928 3.843e-06 
2568 22 0.000117136 6.03e-07 
2569 26 0.000130867 1.086e-06 
2570 15 6.5465e-05 2.18e-07 
2571 26 0.000145643 1.519e-06 
2572 16 7.2e-05 3.53e-07 
2573 19 8.9389e-05 7.87e-07 
2574 22 0.00011228 5.35e-07 
2575 33 0.000177943 1.7e-06 
2576 40 0.000203275 2.368e-06 
2577 21 0.000107699 1.307e-06 
2578 16 6.9222e-05 4.93e-07 
2579 52 0.000274595 3.194e-06 
2580 23 0.000111698 7.17e-07 
2581 32 0.000162915 1.879e-06 
2582 20 8.7925e-05 5.47e-07 
2583 11 3.631e-05 2.93e-07 
2584 11 3.5654e-05 1.89e-07 
2585 11 3.475e-05 1.64e-07 
2586 30 0.000180567 4.776e-06 
2587 24 0.000129389 1.46e-06 
2588 27 0.000132752 1.833e-06 
2589 20 9.7655e-05 9.96e-07 
2590 27 0.000102463 1.817e-06 
2591 21 8.6257e-05 6.92e-07 
2592 21 7.8603e-05 5.86e-07 
2593 32 0.000114204 1.63e-06 
2594 38 0.000152574 3.999e-06 
2595 24 0.000101686 1.861e-06 
2596 17 6.1461e-05 2.88e-07 
2597 52 0.000221089 4.066e-06 
2598 21 7.5112e-05 7.37e-07 
2599 37 0.000148509 3.251e-06 
2600 21 7.3077e-05 9.06e-07 
2601 40 0.000147027 2.194e-06 
2602 21 7.6279e-05 8.19e-07 
2603 25 0.000100791 1.631e-06 
2604 25 9.6591e-05 6.72e-07 
2605 32 0.000120661 1.857e-06 
2606 29 0.00012157 1.761e-06 
2607 44 0.000190998 3.472e-06 
2608 26 0.000100027 9.02e-07 
2609 21 7.7398e-05 8.89e-07 
2610 28 0.000102497 1.821e-06 
2611 18 6.8413e-05 7.73e-07 
2612 18 6.0925e-05 9.9e-07 
2613 33 0.000161154 3.644e-06 
2614 42 0.000164331 3.246e-06 
2615 40 0.000165711 3.027e-06 
2616 24 9.9275e-05 1.326e-06 
2617 52 0.00021734 6.656e-06 
2618 28 0.000117832 1.733e-06 
2619 34 0.000145516 2.395e-06 
2620 48 0.000194672 4.847e-06 
2621 29 0.000103491 1.174e-06 
2622 25 0.000106525 1.548e-06 
2623 13 3.7681e-05 4.84e-07 
2624 13 3.9929e-05 2.09e-07 
2625 13 3.8761e-05 2.95e-07 
2626 52 0.000224965 5.515e-06 
2627 38 0.000138736 3.618e-06 
2628 30 0.000109968 1.058e-06 
2629 22 7.8697e-05 1.08e-06 
2630 42 0.000171801 9.424e-06 
2631 33 0.000175867 1.863e-06 
2632 45 0.000257081 3.075e-06 
2633 27 0.000131302 1.258e-06 
2634 29 0.000145916 9.98e-07 
2635 29 0.000152241 2.122e-06 
2636 25 0.000117849 1.138e-06 
2637 25 0.000123181 1.383e-06 
2638 42 0.000254515 4.157e-06 
2639 20 0.000118543 6.41e-07 
2640 47 0.000263996 4.681e-06 
2641 43 0.000246894 2.275e-06 
2642 35 0.000200246 2.137e-06 
2643 53 0.000297008 4.855e-06 
2644 29 0.000153262 1.12e-06 
2645 35 0.000199127 1.415e-06 
2646 49 0.000266856 2.816e-06 
2647 30 0.00018361 1.782e-06 
2648 41 0.000223994 2.104e-06 
2649 40 0.000215904 2.403e-06 
2650 15 6.0282e-05 2.21e-07 
2651 11 3.5307e-05 2.01e-07 
2652 16 6.8511e-05 5.28e-07 
2653 12 4.3211e-05 2.65e-07 
2654 31 0.000171428 1.103e-06 
2655 25 0.00012666 6.39e-07 
2656 43 0.000235291 2.712e-06 
2657 21 0.000107819 1.185e-06 
2658 43 0.000263141 4.418e-06 
2659 21 0.000126632 1.087e-06 
2660 31 0.000193569 2.62e-06 
2661 30 0.000179691 1.97e-06 
2662 18 9.0651e-05 4.59e-07 
2663 38 0.000219008 2.389e-06 
2664 21 0.00011344 7.67e-07 
2665 33 0.000196082 1.919e-06 
2666 28 0.000163003 2.338e-06 
2667 21 0.00011978 7.43e-07 
2668 26 0.000211565 1.332e-06 
2669 15 7.4306e-05 1.744e-06 
2670 13 5.0744e-05 4.45e-07 
2671 24 0.000125835 1.608e-06 
2672 31 0.000149552 2.694e-06 
2673 22 9.4359e-05 5.143e-06 
2674 19 0.000120791 1.332e-06 
2675 40 0.000421491 3.987e-06 
2676 38 0.000240166 2.667e-06 
2677 20 0.00012167 1.054e-06 
2678 35 0.000237949 4.413e-06 
2679 26 0.000166254 1.373e-06 
2680 16 9.171e-05 5.1e-07 
2681 29 0.000189908 1.996e-06 
2682 22 0.000146882 9.4e-07 
2683 27 0.000182911 2.105e-06 
2684 10 5.0302e-05 3.43e-07 
2685 25 0.000203826 2.582e-06 
2686 30 0.000208805 2.807e-06 
2687 23 0.000166311 1.146e-06 
2688 38 0.000331253 3.891e-06 
2689 21 0.000161182 8.96e-07 
2690 33 0.000259807 2.192e-06 
2691 11 6.8296e-05 9.58e-07 
2692 11 6.2794e-05 5.38e-07 
2693 11 6.1934e-05 1.788e-06 
2694 40 0.000272644 6.459e-06 
2695 42 0.000269672 8.866e-06 
2696 21 0.000139585 1.556e-06 
2697 25 0.000172638 2.603e-06 
2698 26 0.000172298 2.176e-06 
2699 17 0.00010765 9.36e-07 
2700 32 0.000211966 2.952e-06 
2701 28 0.0001745 3.21e-06 
2702 21 0.000128351 1.493e-06 
2703 29 0.00016786 2.14e-06 
2704 30 0.000180069 4.353e-06 
2705 25 0.000133729 1.886e-06 
2706 26 0.000152068 2.442e-06 
2707 11 4.8267e-05 3.36e-07 
2708 46 0.000262871 6.178e-06 
2709 44 0.000233686 6.666e-06 
2710 35 0.00019238 3.013e-06 
2711 52 0.00025373 6.853e-06 
2712 36 0.000222498 3.738e-06 
2713 36 0.000190416 3.194e-06 
2714 46 0.000209437 5.323e-06 
2715 33 0.000139824 1.925e-06 
2716 21 8.5377e-05 1.584e-06 
2717 38 0.000161363 4.545e-06 
2718 43 0.000187914 4.726e-06 
2719 20 7.8658e-05 3.943e-06 
2720 44 0.000259047 7.433e-06 
2721 21 0.00011081 6.06e-07 
2722 27 0.000140346 5.99e-07 
2723 37 0.000203995 2.138e-06 
2724 23 0.000108081 4.83e-07 
2725 17 8.0889e-05 7.35e-07 
2726 19 9.0126e-05 5.25e-07 
2727 44 0.000267523 5.238e-06 
2728 22 0.00012997 1.249e-06 
2729 47 0.000274603 3.285e-06 
2730 39 0.000273674 3.401e-06 
2731 53 0.000336147 5.928e-06 
2732 31 0.000197296 3.178e-06 
2733 36 0.000256583 2.623e-06 
2734 47 0.000294002 3.001e-06 
2735 32 0.000245836 2.618e-06 
2736 37 0.000251233 4.911e-06 
2737 13 6.9727e-05 4.75e-07 
2738 13 6.9158e-05 5.16e-07 
2739 13 6.6006e-05 4.07e-07 
2740 40 0.000303757 8.881e-06 
2741 11 5.438e-05 3.17e-07 
2742 20 0.00010429 8.14e-07 
2743 26 0.000137085 2.187e-06 
2744 23 0.000115747 1.883e-06 
2745 43 0.000239927 5.304e-06 
2746 45 0.000274448 5.683e-06 
2747 21 0.00011851 1.331e-06 
2748 17 7.8742e-05 6.77e-07 
2749 33 0.000204358 3.309e-06 
2750 20 9.5301e-05 7.21e-07 
2751 22 0.000115098 7.97e-07 
2752 13 7.6195e-05 3.7e-07 
2753 38 0.000170666 4.03e-06 
2754 21 9.1787e-05 7.9e-07 
2755 24 0.000105281 1.239e-06 
2756 15 5.9764e-05 5.59e-07 
2757 27 0.00011923 1.852e-06 
2758 40 0.000157233 2.671e-06 
2759 33 0.000141422 1.924e-06 
2760 24 0.000103188 1.297e-06 
2761 30 0.000121387 1.464e-06 
2762 17 5.9794e-05 4.76e-07 
2763 28 0.000117458 1.612e-06 
2764 17 6.8003e-05 4.96e-07 
2765 22 8.5127e-05 1.16e-06 
2766 25 8.8546e-05 9.14e-07 
2767 34 0.000132166 2.745e-06 
2768 21 7.7496e-05 9.25e-07 
2769 38 0.000132457 5.344e-06 
2770 21 0.000112514 7.55e-07 
2771 26 0.000155597 1.623e-06 
2772 31 0.000173297 2.099e-06 
2773 26 0.000151128 8.74e-07 
2774 18 8.4293e-05 3.84e-07 
2775 31 0.000156712 9.63e-07 
2776 22 0.000113877 9.56e-07 
2777 26 0.000125181 9.01e-07 
2778 29 0.000154447 1.741e-06 
2779 25 0.000126967 8.96e-07 
2780 10 3.1983e-05 1.87e-07 
2781 16 7.2736e-05 5.09e-07 
2782 23 0.000128703 1.021e-06 
2783 34 0.000189528 2.142e-06 
2784 40 0.000223966 2.761e-06 
2785 39 0.000262453 3.398e-06 
2786 44 0.00029082 4.664e-06 
2787 27 0.000183693 4.696e-06 
2788 27 0.000136657 1.412e-06 
2789 24 0.000117408 9.24e-07 
2790 28 0.000127828 1.614e-06 
2791 19 0.000102867 1.047e-06 
2792 46 0.000223974 5.409e-06 
2793 24 0.000111932 1.252e-06 
2794 23 0.000100812 1.736e-06 
2795 27 0.000115373 1.283e-06 
2796 18 7.3964e-05 7.45e-07 
2797 18 8.3493e-05 1.288e-06 
2798 11 3.4418e-05 2.39e-07 
2799 48 0.000217745 5.441e-06 
2800 34 0.000145668 2.636e-06 
2801 17 6.0547e-05 2.85e-07 
2802 52 0.000220601 5.827e-06 
2803 30 0.000118156 2.296e-06 
2804 48 0.000214827 4.174e-06 
2805 27 9.8649e-05 9.34e-07 
2806 38 0.000151879 3.981e-06 
2807 45 0.000180491 4.075e-06 
2808 32 0.000127379 2.133e-06 
2809 22 8.5302e-05 1.055e-06 
2810 40 0.000147531 2.751e-06 
2811 24 0.000102674 6.91e-07 
2812 44 0.000188084 5.042e-06 
2813 25 0.000107233 1.684e-06 
2814 27 0.000101569 9.68e-07 
2815 45 0.000196636 5.087e-06 
2816 23 9.6586e-05 7.56e-07 
2817 31 0.000130134 2.054e-06 
2818 27 0.000106738 2.386e-06 
2819 46 0.000205393 5.954e-06 
2820 22 9.053e-05 7.56e-07 
2821 43 0.000169617 4.613e-06 
2822 45 0.000181079 4.318e-06 
2823 53 0.000212279 7.159e-06 
2824 31 0.000119158 2.238e-06 
2825 18 7.0749e-05 5.63e-07 
2826 49 0.00019865 7.255e-06 
2827 34 0.000170618 3.047e-06 
2828 11 3.5361e-05 4.57e-07 
2829 11 3.2008e-05 2.05e-07 
2830 11 3.2006e-05 1.59e-07 
2831 23 8.8428e-05 6.91e-07 
2832 11 3.4318e-05 3.51e-07 
2833 20 8.0549e-05 6.71e-07 
2834 33 0.000129726 1.917e-06 
2835 30 0.000133003 2.332e-06 
2836 38 0.000145556 3.078e-06 
2837 21 8.1669e-05 7.73e-07 
2838 21 7.9073e-05 8.62e-07 
2839 45 0.00019548 4.669e-06 
2840 47 0.000213329 6.633e-06 
2841 23 9.5324e-05 5.68e-07 
2842 19 6.8965e-05 5.59e-07 
2843 34 0.000165459 2.912e-06 
2844 26 9.9798e-05 1.211e-06 
2845 40 0.000368936 2.91e-06 
2846 18 7.1678e-05 8.53e-07 
2847 18 7.1216e-05 3.84e-07 
2848 21 7.8535e-05 7.62e-07 
2849 31 0.000132626 2.099e-06 
2850 13 3.9832e-05 3.99e-07 
2851 13 3.9968e-05 3.35e-07 
2852 13 3.8897e-05 4.41e-07 
2853 23 8.3069e-05 8.73e-07 
2854 34 0.000162086 3.192e-06 
2855 38 0.000126537 1.917e-06 
2856 33 0.000130095 2.689e-06 
2857 32 0.000168554 2.506e-06 
2858 32 0.000120736 2.313e-06 
2859 21 7.7142e-05 4.15e-07 
2860 28 0.000108678 1.346e-06 
2861 25 8.9509e-05 9.63e-07 
2862 23 0.000108723 9.51e-07 
2863 26 0.000117364 1.916e-06 
2864 39 0.000163929 3.799e-06 
2865 21 7.5707e-05 8.2e-07 
2866 40 0.000127112 1.756e-06 
2867 22 8.4947e-05 1.241e-06 
2868 15 5.2594e-05 6.27e-07 
2869 15 5.0583e-05 4.19e-07 
2870 46 0.000183274 4.702e-06 
2871 38 0.00011968 4.267e-06 
2872 25 0.000152656 3.443e-06 
2873 28 0.000194814 1.685e-06 
2874 20 0.000104499 5.88e-07 
2875 33 0.000194304 2.725e-06 
2876 24 0.000137667 8.67e-07 
2877 28 0.000148402 1.491e-06 
2878 29 0.000164073 1.716e-06 
2879 12 4.6043e-05 2.31e-07 
2880 18 8.5048e-05 4.45e-07 
2881 22 0.000138151 1.716e-06 
2882 28 0.000148679 7.19e-07 
2883 23 0.000122859 7.56e-07 
2884 21 0.000103239 9.42e-07 
2885 22 0.000109166 5.97e-07 
2886 40 0.000220039 4.221e-06 
2887 47 0.000269496 3.727e-06 
2888 25 0.000132088 8.83e-07 
2889 26 0.000140547 1.022e-06 
2890 34 0.000185372 2.474e-06 
2891 21 0.000107709 7.04e-07 
2892 32 0.000261007 1.241e-06 
2893 26 0.000132868 1.206e-06 
2894 23 0.000125211 8.77e-07 
2895 29 0.000145992 1.299e-06 
2896 32 0.000178599 2.846e-06 
2897 28 0.000154912 1.283e-06 
2898 13 4.824e-05 2.07e-07 
2899 48 0.000294085 5.991e-06 
2900 46 0.000264372 3.591e-06 
2901 19 9.0206e-05 4e-07 
2902 54 0.00029277 4.481e-06 
2903 32 0.000182232 1.288e-06 
2904 48 0.00025679 4.061e-06 
2905 13 4.9061e-05 4.76e-07 
2906 35 0.000187418 2.018e-06 
2907 23 0.000118668 7.52e-07 
2908 38 0.000211181 3.71e-06 
2909 37 0.000209272 9.092e-06 
2910 26 0.000119578 4.33e-06 
2911 46 0.000402151 7.135e-06 
2912 27 0.000125887 1.888e-06 
2913 35 0.000154874 2.232e-06 
2914 33 0.000147818 1.757e-06 
2915 29 0.000120008 1.746e-06 
2916 15 5.4687e-05 2.68e-07 
2917 19 8.9073e-05 6.23e-07 
2918 48 0.000220548 5.074e-06 
2919 18 7.1715e-05 1.336e-06 
2920 43 0.000170519 3.177e-06 
2921 35 0.000156677 2.31e-06 
2922 55 0.000229742 6.489e-06 
2923 31 0.000129036 2.144e-06 
2924 20 7.38e-05 6.14e-07 
2925 49 0.00019202 3.882e-06 
2926 37 0.000136231 2.276e-06 
2927 22 8.4807e-05 1.141e-06 
2928 11 3.2494e-05 1.73e-07 
2929 24 8.6853e-05 9.99e-07 
2930 22 8.6989e-05 5.13e-07 
2931 25 9.2565e-05 1.124e-06 
2932 43 0.000197409 2.512e-06 
2933 49 0.000224005 4.635e-06 
2934 17 6.0993e-05 5.61e-07 
2935 21 7.34e-05 5.79e-07 
2936 23 8.731e-05 1.315e-06 
2937 27 0.000102242 1.221e-06 
2938 11 3.4037e-05 5.03e-07 
2939 11 3.0035e-05 2.05e-07 
2940 11 3.0675e-05 1.74e-07 
2941 22 8.3509e-05 5.52e-07 
2942 25 8.989e-05 1.254e-06 
2943 24 9.7121e-05 5.35e-07 
2944 23 8.808e-05 8.77e-07 
2945 21 7.6483e-05 5.47e-07 
2946 39 0.000163662 4.055e-06 
2947 16 6.172e-05 4.7e-07 
2948 21 7.7517e-05 5.2e-07 
2949 33 0.000129906 3.233e-06 
2950 26 0.000108506 9.356e-05 
2951 34 0.000146066 1.345e-06 
2952 17 5.7244e-05 3.32e-07 
2953 24 8.9723e-05 9.93e-07 
2954 19 7.2298e-05 8.93e-07 
2955 28 0.000135091 3.291e-06 
2956 17 6.7095e-05 4.23e-07 
2957 48 0.000202165 5.06e-06 
2958 24 0.000100291 1.141e-06 
2959 13 3.768e-05 3.26e-07 
2960 13 4.4368e-05 3.06e-07 
2961 13 3.9174e-05 2.25e-07 
2962 38 0.000159449 3.484e-06 
2963 12 3.769e-05 2.54e-07 
2964 33 0.000152484 2.377e-06 
2965 26 0.000110769 1.567e-06 
2966 22 8.6364e-05 5.27e-07 
2967 35 0.0001404 2.237e-06 
2968 24 0.000103645 1.175e-06 
2969 30 0.00011889 1.519e-06 
2970 25 9.252e-05 1.065e-06 
2971 20 7.0896e-05 7.71e-07 
2972 14 4.6731e-05 4.23e-07 
2973 36 0.000136628 2.274e-06 
2974 29 0.000131375 1.732e-06 
2975 49 0.000206479 5.057e-06 
2976 25 0.000101433 9.24e-07 
2977 39 0.000156542 2.541e-06 
2978 15 5.645e-05 4.59e-07 
2979 29 0.00013765 1.21e-06 
2980 27 0.000129205 2.009e-06 
2981 32 0.000135585 1.446e-06 
2982 23 9.0856e-05 4.9e-07 
2983 46 0.000198001 4.61e-06 
2984 22 8.0741e-05 6.7e-07 
2985 25 0.000104591 1.814e-06 
2986 31 0.000118936 1.285e-06 
2987 16 5.8551e-05 3.74e-07 
2988 20 7.512e-05 7.16e-07 
2989 13 4.308e-05 3.3e-07 
2990 44 0.000185584 3.536e-06 
2991 40 0.00017209 3.903e-06 
2992 21 7.8782e-05 6.4e-07 
2993 54 0.000221243 5.617e-06 
2994 32 0.000131583 1.941e-06 
2995 50 0.000200532 5.89e-06 
2996 15 5.4662e-05 1.876e-06 
2997 31 0.000164583 1.29e-06 
2998 35 0.00020095 2.566e-06 
2999 21 0.000104539 6.9e-07 
3000 28 0.000151214 2.264e-06 
3001 30 0.000178757 2.284e-06 
3002 26 0.000138916 9.17e-07 
3003 44 0.000271552 4.348e-06 
3004 33 0.000189056 1.985e-06 
3005 47 0.000306921 6.647e-06 
3006 23 0.000122358 7.18e-07 
3007 33 0.00019132 2.861e-06 
3008 29 0.000165558 2.27e-06 
3009 50 0.0003245 6.845e-06 
3010 24 0.000138266 8.56e-07 
3011 49 0.000288936 3.937e-06 
3012 47 0.000275973 3.715e-06 
3013 55 0.000333893 6.352e-06 
3014 33 0.00018205 2.154e-06 
3015 22 0.000110238 8.14e-07 
3016 51 0.000278013 4.291e-06 
3017 11 3.8044e-05 2.25e-07 
3018 25 0.000123672 1.146e-06 
3019 31 0.00017964 2.192e-06 
3020 27 0.000138872 1.327e-06 
3021 46 0.000266559 6.064e-06 
3022 51 0.000316195 3.987e-06 
3023 25 0.000137561 1.405e-06 
3024 23 0.000113541 7.81e-07 
3025 39 0.000217327 3.351e-06 
3026 25 0.000127055 1.074e-06 
3027 24 0.000126465 1.212e-06 
3028 40 0.000224025 3.07e-06 
3029 29 0.000145377 1.105e-06 
3030 18 0.000100131 1.372e-06 
3031 18 0.000102704 3.42e-07 
3032 20 0.000153652 1.031e-06 
3033 25 0.000224068 1.147e-06 
3034 24 0.000137658 8.52e-07 
3035 41 0.000232035 2.721e-06 
3036 42 0.000235822 3.594e-06 
3037 24 0.000136732 8.04e-07 
3038 19 0.000100969 6.29e-07 
3039 21 0.000100693 4.47e-07 
3040 25 0.000111068 7.75e-07 
3041 34 0.000214403 2.028e-06 
3042 35 0.000195064 1.65e-06 
3043 23 0.000107498 5.85e-07 
3044 30 0.000173002 1.479e-06 
3045 25 0.000128825 9.63e-07 
3046 43 0.000212509 2.37e-06 
3047 33 0.000171463 1.152e-06 
3048 21 9.8236e-05 7.15e-07 
3049 25 0.000117951 8.22e-07 
3050 11 3.5999e-05 2.02e-07 
3051 11 3.5168e-05 3.2e-07 
3052 11 3.5673e-05 4.66e-07 
3053 27 0.000156731 1.597e-06 
3054 30 0.000166473 2.076e-06 
3055 12 3.9339e-05 2.13e-07 
3056 24 0.000134313 7.18e-07 
3057 26 0.000146696 8.29e-07 
3058 32 0.00015879 1.57e-06 
3059 31 0.000154905 9.79e-07 
3060 14 5.2557e-05 2.23e-07 
3061 22 0.000102354 1.111e-06 
3062 16 7.8219e-05 3.57e-07 
3063 32 0.000160565 1.692e-06 
3064 34 0.00019147 1.795e-06 
3065 27 0.000143208 6.02e-07 
3066 13 4.5237e-05 2.07e-07 
3067 30 0.000161853 1.575e-06 
3068 25 0.000118479 1.093e-06 
3069 34 0.000182888 1.648e-06 
3070 24 0.000114781 5.37e-07 
3071 23 0.000111175 9.35e-07 
3072 33 0.000152471 1.364e-06 
3073 33 0.000180366 2.405e-06 
3074 30 0.000175359 5.601e-06 
3075 15 7.2598e-05 6.25e-07 
3076 44 0.000287921 4.357e-06 
3077 48 0.000339818 3.994e-06 
3078 23 0.000121699 1.145e-06 
3079 54 0.000332144 5.239e-06 
3080 32 0.00017392 1.788e-06 
3081 50 0.000276191 5.55e-06 
3082 17 8.7191e-05 4.83e-07 
3083 37 0.000188561 2.133e-06 
3084 26 0.000147402 9.29e-07 
3085 13 5.0173e-05 1.98e-07 
3086 13 5.0085e-05 2.67e-07 
3087 13 4.9201e-05 2.81e-07 
3088 27 0.000151062 1.325e-06 
3089 35 0.000188643 2.183e-06 
3090 29 0.000148154 8.98e-07 
3091 22 0.000107313 3.97e-07 
3092 31 0.000214429 1.669e-06 
3093 33 0.000176607 2.196e-06 
3094 29 0.000152889 1.071e-06 
3095 21 0.000101034 5.12e-07 
3096 52 0.00031713 6.126e-06 
3097 18 9.6993e-05 7.18e-07 
3098 49 0.000263035 3.412e-06 
3099 41 0.000234395 3.117e-06 
3100 55 0.000313731 5.147e-06 
3101 33 0.000182724 2.327e-06 
3102 24 0.000117726 7.66e-07 
3103 51 0.000274727 5.121e-06 
3104 42 0.000232626 3.381e-06 
3105 39 0.000234454 2.916e-06 
3106 25 0.000117443 7.58e-07 
3107 15 5.9963e-05 4.27e-07 
3108 43 0.000220981 2.256e-06 
3109 27 0.000133589 1.516e-06 
3110 30 0.000148848 1.878e-06 
3111 53 0.000336605 7.556e-06 
3112 19 9.3602e-05 3.85e-07 
3113 25 0.000123161 8.08e-07 
3114 11 3.5302e-05 3.03e-07 
3115 26 0.00014329 1.306e-06 
3116 21 9.6062e-05 8.43e-07 
3117 26 0.000136183 2.165e-06 
3118 31 0.000150219 7.19e-07 
3119 20 0.000111296 6.97e-07 
3120 26 0.000137561 1.044e-06 
3121 50 0.000284647 3.131e-06 
3122 21 9.8665e-05 1.107e-06 
3123 22 0.000107389 8.48e-07 
3124 26 0.000141591 2.223e-06 
3125 21 0.000112663 1.41e-06 
3126 26 0.000114464 7.57e-07 
3127 30 0.000179305 2.453e-06 
3128 21 9.6036e-05 6.65e-07 
3129 51 0.000267021 3.573e-06 
3130 21 9.9817e-05 7.06e-07 
3131 26 0.000103979 7.05e-07 
3132 26 0.000135048 6.31e-07 
3133 19 8.4162e-05 3.49e-07 
3134 30 0.000158285 1.357e-06 
3135 21 9.8904e-05 8.31e-07 
3136 31 0.000167382 1.551e-06 
3137 26 8.9296e-05 6.35e-07 
3138 33 0.000169724 1.874e-06 
3139 14 5.3811e-05 1.87e-07 
3140 14 5.3047e-05 3.21e-07 
3141 35 0.000201888 2.04e-06 
3142 27 0.000140667 1.012e-06 
3143 26 0.000133443 9.4e-07 
3144 24 0.00012703 7.83e-07 
3145 34 0.000173522 2.349e-06 
3146 14 5.857e-05 2.57e-07 
3147 29 0.000136524 2.437e-06 
3148 24 0.000136189 8.06e-07 
3149 18 8.965e-05 8.44e-07 
3150 38 0.000195867 2.341e-06 
3151 44 0.000244425 4.506e-06 
3152 32 0.000186598 2.697e-06 
3153 30 0.000166641 1.58e-06 
3154 26 0.000126369 1.344e-06 
3155 45 0.00026018 2.188e-06 
3156 37 0.000204427 3.492e-06 
3157 15 5.9936e-05 2.55e-07 
3158 36 0.000193218 2.582e-06 
3159 27 0.000140487 1.279e-06 
3160 48 0.000288222 2.966e-06 
3161 22 0.000104666 6.43e-07 
3162 27 0.000151566 1.668e-06 
3163 35 0.000185435 1.816e-06 
3164 15 6.7002e-05 5.11e-07 
3165 18 8.433e-05 5.88e-07 
3166 15 6.0179e-05 3.55e-07 
3167 50 0.000292957 5.717e-06 
3168 36 0.000217593 3.027e-06 
3169 25 0.000146422 1.239e-06 
3170 56 0.000309401 5.618e-06 
3171 32 0.000185662 2.411e-06 
3172 48 0.000260851 4.141e-06 
3173 19 9.4239e-05 8.38e-07 
3174 29 0.00014234 1.133e-06 
3175 33 0.00019465 2.734e-06 
3176 27 0.000142463 1.238e-06 
3177 26 0.000144221 8.72e-07 
3178 21 0.000102103 6.93e-07 
3179 39 0.000216405 4.187e-06 
3180 28 0.000144716 8.16e-07 
3181 37 0.000198048 2.169e-06 
3182 47 0.000265169 5.287e-06 
3183 23 0.000116764 7.57e-07 
3184 31 0.00017881 1.352e-06 
3185 54 0.000332469 6.43e-06 
3186 26 0.000142938 9.94e-07 
3187 45 0.000263689 3.282e-06 
3188 49 0.000287411 4.155e-06 
3189 57 0.00030382 5.637e-06 
3190 37 0.000218621 7.713e-06 
3191 26 0.000153856 7.46e-07 
3192 49 0.000276808 4.14e-06 
3193 26 0.000139226 1.044e-06 
3194 25 0.00013338 5.34e-07 
3195 11 3.6733e-05 2.97e-07 
3196 11 3.5338e-05 2.59e-07 
3197 11 3.5893e-05 1.66e-07 
3198 26 0.000132762 3.994e-06 
3199 23 0.000115794 7.37e-07 
3200 32 0.000167605 2.394e-06 
3201 55 0.000348255 7.525e-06 
3202 27 0.000164028 1.326e-06 
3203 27 0.000140179 1.073e-06 
3204 26 0.000125258 1.328e-06 
3205 13 4.8788e-05 3.19e-07 
3206 13 5.2909e-05 2.79e-07 
3207 13 4.6212e-05 1.39e-07 
3208 11 4.5783e-05 1.68e-07 
3209 44 0.000243984 4.258e-06 
3210 33 0.000171628 1.803e-06 
3211 22 0.00012322 9.63e-07 
3212 28 0.000151453 1.838e-06 
3213 22 0.00011723 6.9e-07 
3214 26 0.000130158 8.51e-07 
3215 45 0.000254726 2.894e-06 
3216 20 0.000112804 8.43e-07 
3217 23 0.000141352 1.226e-06 
3218 46 0.000302872 5.666e-06 
3219 26 0.000129389 2.635e-06 
3220 15 6.0515e-05 3.76e-07 
3221 29 0.000150496 1.64e-06 
3222 20 9.2099e-05 4.65e-07 
3223 22 0.00011058 1.23e-06 
3224 27 0.000158575 2.299e-06 
3225 47 0.000255814 2.55e-06 
3226 26 0.000106981 8.77e-07 
3227 21 0.000123026 9.25e-07 
3228 21 0.000154235 1.8e-06 
3229 21 0.000152816 1.257e-06 
3230 36 0.000335023 4.581e-06 
3231 25 0.000222634 3.29e-06 
3232 23 0.000166617 6.94e-07 
3233 26 0.000137828 9.27e-07 
3234 25 0.000147117 3.217e-06 
3235 28 0.000252354 3.95e-06 
3236 26 0.000244448 3.001e-06 
3237 32 0.000351765 3.975e-06 
3238 27 0.000276443 4.608e-06 
3239 16 0.000147124 8.14e-07 
3240 27 0.000255799 9.24e-07 
3241 28 0.000212069 3.182e-06 
3242 36 0.000391883 3.883e-06 
3243 16 0.00017059 2.271e-06 
3244 27 0.000145149 2.046e-06 
3245 16 7.8005e-05 2.85e-07 
3246 26 0.000142069 1.127e-06 
3247 20 0.00010845 1.181e-06 
3248 30 0.000158954 2.202e-06 
3249 26 0.000153522 1.442e-06 
3250 29 0.000171305 4.033e-06 
3251 33 0.000288415 3.27e-06 
3252 36 0.00020581 2.168e-06 
3253 39 0.000223476 3.977e-06 
3254 26 0.000133646 1.371e-06 
3255 33 0.000185839 2.337e-06 
3256 17 7.2629e-05 2.93e-07 
3257 30 0.000152877 1.341e-06 
3258 38 0.000212993 2.974e-06 
3259 24 0.000116779 8.42e-07 
3260 25 0.000137096 2.228e-06 
3261 37 0.000195603 9.54e-07 
3262 17 7.9848e-05 4.61e-07 
3263 32 0.000188753 3.229e-06 
3264 17 7.214e-05 1.285e-06 
3265 46 0.000251429 4.247e-06 
3266 50 0.000297861 4.333e-06 
3267 25 0.000135561 7.64e-07 
3268 56 0.000332864 5.645e-06 
3269 34 0.0001863 1.425e-06 
3270 52 0.000284405 4.927e-06 
3271 21 0.000106544 7.02e-07 
3272 39 0.000200145 3.274e-06 
3273 26 0.000129677 9.64e-07 
3274 25 0.00011838 5.83e-07 
3275 37 0.000200322 2.611e-06 
3276 28 0.00015012 9.14e-07 
3277 29 0.000172641 1.486e-06 
3278 35 0.000196932 1.801e-06 
3279 27 0.000134928 8.41e-07 
3280 19 8.9791e-05 6.51e-07 
3281 56 0.000367929 6.651e-06 
3282 22 0.000123367 6.53e-07 
3283 45 0.000239256 2.611e-06 
3284 35 0.000189748 1.196e-06 
3285 57 0.000475551 6.269e-06 
3286 35 0.000219818 3.46e-06 
3287 28 0.000198519 4.32e-06 
3288 53 0.000302054 4.529e-06 
3289 26 0.000139399 1.03e-06 
3290 26 9.8719e-05 6.47e-07 
3291 48 0.000291862 5.589e-06 
3292 29 0.000151032 1.467e-06 
3293 34 0.000182019 1.96e-06 
3294 57 0.000373852 7.269e-06 
3295 19 9.5115e-05 7.74e-07 
3296 29 0.000154515 1.031e-06 
3297 52 0.000305811 6.423e-06 
3298 26 0.000122036 1.55e-06 
3299 49 0.000281572 2.859e-06 
3300 21 0.000107359 7.38e-07 
3301 35 0.00018119 1.406e-06 
3302 24 0.000138417 1.291e-06 
3303 53 0.000297131 3.633e-06 
3304 26 0.000114108 7.51e-07 
3305 11 3.6727e-05 3.17e-07 
3306 31 0.000172577 3.172e-06 
3307 28 0.000156466 3.337e-06 
3308 31 0.000190297 1.512e-06 
3309 25 0.000133185 8.74e-07 
3310 26 9.5633e-05 6.66e-07 
3311 11 3.5863e-05 1.97e-07 
3312 11 3.4566e-05 2.35e-07 
3313 11 3.5333e-05 1.99e-07 
3314 26 7.8042e-05 7.08e-07 
3315 27 0.000158336 8.39e-07 
3316 22 0.000104932 5.06e-07 
3317 26 0.000142567 1.076e-06 
3318 23 0.00011485 1.045e-06 
3319 30 0.00015981 1.347e-06 
3320 26 7.638e-05 8.88e-07 
3321 32 0.000181552 1.325e-06 
3322 28 0.000151006 7.67e-07 
3323 27 0.000140714 8.16e-07 
3324 19 0.000109119 4.28e-07 
3325 32 0.000181609 1.969e-06 
3326 23 0.000125355 5.39e-07 
3327 29 0.000151402 1.752e-06 
3328 13 4.8308e-05 4.37e-07 
3329 13 4.7977e-05 2.72e-07 
3330 13 4.5893e-05 2.09e-07 
3331 26 7.7081e-05 1.002e-06 
3332 21 0.000100258 4.74e-07 
3333 33 0.000185085 1.525e-06 
3334 26 7.2683e-05 7.87e-07 
3335 37 0.000220927 7.978e-06 
3336 18 8.8802e-05 8.77e-07 
3337 25 0.000144016 1.657e-06 
3338 38 0.000214337 2.401e-06 
3339 18 9.4793e-05 4.79e-07 
3340 33 0.000209814 1.826e-06 
3341 16 6.6996e-05 5.95e-07 
3342 26 0.000137961 1.089e-06 
3343 22 0.000122293 1.07e-06 
3344 40 0.000231063 3.625e-06 
3345 39 0.000248083 4.754e-06 
3346 50 0.000328285 7.382e-06 
3347 15 6.4563e-05 3.07e-07 
3348 26 0.000143702 1.442e-06 
3349 19 8.9859e-05 2.54e-07 
3350 28 0.000147148 8e-07 
3351 48 0.000281117 3.694e-06 
3352 24 0.000122211 4.36e-07 
3353 39 0.000217159 3.983e-06 
3354 19 9.5858e-05 4.72e-07 
3355 22 0.000109287 8.75e-07 
3356 17 7.2858e-05 2.66e-07 
3357 46 0.000270479 4.033e-06 
3358 42 0.000245404 4.429e-06 
3359 27 0.000142465 1.68e-06 
3360 56 0.000315746 5.465e-06 
3361 36 0.000215264 3.187e-06 
3362 52 0.000288108 4.108e-06 
3363 23 0.000121964 1.067e-06 
3364 31 0.000150287 8.33e-07 
3365 25 0.000117768 1.279e-06 
3366 37 0.000221527 3.58e-06 
3367 26 0.000134944 6.19e-07 
3368 51 0.000293774 4.748e-06 
3369 21 0.000102965 5.17e-07 
3370 30 0.000160702 1.29e-06 
3371 33 0.000183037 1.411e-06 
3372 49 0.000290132 5.116e-06 
3373 25 0.000149518 9.32e-07 
3374 33 0.000203768 4.121e-06 
3375 58 0.000737112 1.7808e-05 
3376 28 0.00034792 1.564e-06 
3377 51 0.000326389 4.192e-06 
3378 50 0.000304963 5.792e-06 
3379 57 0.000402823 1.4281e-05 
3380 33 0.000445352 1.4303e-05 
3381 30 0.00036141 2.775e-06 
3382 53 0.000689515 1.2768e-05 
3383 26 0.000328715 4.092e-06 
3384 33 0.000240716 2.31e-06 
3385 13 5.4713e-05 3.75e-07 
3386 46 0.000269817 4.081e-06 
3387 29 0.000172155 1.25e-06 
3388 36 0.000195501 2.878e-06 
3389 59 0.000382653 8.994e-06 
3390 29 0.000164552 2.015e-06 
3391 19 8.6493e-05 6.47e-07 
3392 31 0.000187007 1.332e-06 
3393 47 0.000265762 2.647e-06 
3394 37 0.000211628 1.512e-06 
3395 26 0.000146222 1.767e-06 
3396 26 0.000174299 2.113e-06 
3397 21 9.8004e-05 4.06e-07 
3398 27 0.000144552 9.44e-07 
3399 27 0.000154558 1.221e-06 
3400 30 0.000157385 1.704e-06 
3401 25 0.000127576 9.57e-07 
3402 24 0.00012233 7.37e-07 
3403 11 3.5543e-05 2.82e-07 
3404 29 0.000137983 7.48e-07 
3405 52 0.000305208 6.792e-06 
3406 27 0.000154335 1.623e-06 
3407 20 9.7988e-05 8.83e-07 
3408 24 0.000125119 9.88e-07 
3409 27 0.000170312 1.107e-06 
3410 34 0.000224115 1.984e-06 
3411 53 0.000325079 2.872e-06 
3412 21 9.9909e-05 1.119e-06 
3413 14 6.1508e-05 3.07e-07 
3414 22 0.000108016 6.19e-07 
3415 23 0.000112871 7.54e-07 
3416 20 0.000101267 4.69e-07 
3417 30 0.000162822 1.415e-06 
3418 27 0.000144343 7.37e-07 
3419 35 0.000177093 2.562e-06 
3420 39 0.000226268 2.487e-06 
3421 15 6.2009e-05 6.81e-07 
3422 23 0.000101863 9.7e-07 
3423 20 9.3475e-05 6.9e-07 
3424 21 9.9151e-05 5.63e-07 
3425 40 0.000224358 2.353e-06 
3426 20 0.000115332 6.34e-07 
3427 31 0.00016337 1.172e-06 
3428 12 4.5875e-05 1.67e-07 
3429 28 0.000154172 1.392e-06 
3430 24 0.000133689 1.074e-06 
3431 32 0.000158666 1.687e-06 
3432 21 0.000102023 7.44e-07 
3433 21 0.000105464 5.52e-07 
3434 38 0.000208961 2.289e-06 
3435 36 0.000211501 1.595e-06 
3436 30 0.000163141 2.039e-06 
3437 41 0.000226927 1.737e-06 
3438 21 0.000103658 7.52e-07 
3439 34 0.000209398 3.164e-06 
3440 13 4.7603e-05 2.15e-07 
3441 46 0.000258453 3.671e-06 
3442 27 0.000146141 1.138e-06 
3443 58 0.00032568 6.62e-06 
3444 34 0.00019111 2.195e-06 
3445 54 0.000320177 7.299e-06 
3446 25 0.00014448 9.23e-07 
3447 41 0.000250026 2.836e-06 
3448 25 0.0001262 4.54e-07 
3449 38 0.000210682 2.787e-06 
3450 11 3.6907e-05 4.39e-07 
3451 11 3.5038e-05 1.71e-07 
3452 11 3.5062e-05 1.97e-07 
3453 54 0.000313376 5.576e-06 
3454 24 0.000125794 7.12e-07 
3455 39 0.000217247 3.51e-06 
3456 33 0.000177869 1.651e-06 
3457 25 0.000122696 6.33e-07 
3458 23 0.000116542 1.34e-06 
3459 60 0.000384584 8.822e-06 
3460 20 0.000100826 8.65e-07 
3461 47 0.000252398 3.772e-06 
3462 20 9.2044e-05 4.82e-07 
3463 59 0.000337294 5.846e-06 
3464 35 0.000187996 2.055e-06 
3465 32 0.000175446 1.141e-06 
3466 54 0.0003117 6.244e-06 
3467 37 0.000200617 1.996e-06 
3468 55 0.000322459 4.58e-06 
3469 31 0.000167836 1.7e-06 
3470 32 0.000180739 1.539e-06 
3471 33 0.000181645 1.279e-06 
3472 23 0.000128814 1.246e-06 
3473 21 9.4978e-05 8.87e-07 
3474 33 0.000191783 1.259e-06 
3475 54 0.000307244 4.841e-06 
3476 13 4.817e-05 2.02e-07 
3477 13 4.6822e-05 6.3e-07 
3478 13 4.8222e-05 1.94e-07 
3479 33 0.000163233 1.059e-06 
3480 22 0.000116858 6.9e-07 
3481 54 0.000270194 2.881e-06 
3482 28 0.000184019 1.524e-06 
3483 54 0.000347496 5.654e-06 
3484 32 0.000171956 1.229e-06 
3485 33 0.000181919 1.599e-06 
3486 15 6.0414e-05 2.79e-07 
3487 28 0.000155435 1.349e-06 
3488 16 7.9673e-05 7.71e-07 
3489 23 0.000119347 8.37e-07 
3490 54 0.000296245 6.017e-06 
3491 29 0.00018595 2.126e-06 
3492 54 0.000318094 4.212e-06 
3493 21 9.958e-05 8.7e-07 
3494 27 0.000144451 8.85e-07 
3495 33 0.000172083 1.405e-06 
3496 31 0.000177977 1.112e-06 
3497 17 7.4797e-05 5.47e-07 
3498 38 0.000195904 2.254e-06 
3499 54 0.000274283 3.883e-06 
3500 39 0.000165177 1.359e-06 
3501 27 0.000145152 8.77e-07 
3502 28 0.000160003 2.3e-06 
3503 34 0.000205979 1.505e-06 
3504 54 0.00023786 3.277e-06 
3505 22 0.000104431 6.68e-07 
3506 28 0.0001619 1.406e-06 
3507 25 0.000134465 7.83e-07 
3508 35 0.000167174 1.786e-06 
3509 54 0.000234753 3.665e-06 
3510 11 3.9017e-05 1.91e-07 
3511 39 0.000211287 2.011e-06 
3512 38 0.000231829 3.383e-06 
3513 21 9.9665e-05 5.29e-07 
3514 22 0.00013082 6.61e-07 
3515 27 0.000141027 2.432e-06 
3516 25 0.000135466 6.88e-07 
3517 54 0.000230078 3.028e-06 
3518 29 0.000152942 1.234e-06 
3519 22 0.00010995 4.139e-06 
3520 23 0.000117646 9.95e-07 
3521 41 0.000188949 3.645e-06 
3522 22 9.9622e-05 1.162e-06 
3523 18 6.8849e-05 6.04e-07 
3524 28 0.000130117 2.297e-06 
3525 26 0.000114515 1.258e-06 
3526 42 0.00018798 5.211e-06 
3527 54 0.000223213 6.398e-06 
3528 23 9.0834e-05 1.192e-06 
3529 28 0.000106198 1.231e-06 
3530 49 0.000219086 6.481e-06 
3531 24 9.091e-05 1.057e-06 
3532 23 0.000100603 3.609e-06 
3533 20 0.000110643 1.433e-06 
3534 19 8.9196e-05 4.94e-07 
3535 52 0.000324558 5.224e-06 
3536 29 0.000164589 1.327e-06 
3537 58 0.000334305 7.542e-06 
3538 34 0.000204835 2.086e-06 
3539 27 0.000153527 1.454e-06 
3540 31 0.000153898 1.708e-06 
3541 25 0.000121405 5.8e-07 
3542 48 0.000273196 4.783e-06 
3543 54 0.000301507 5.275e-06 
3544 21 0.000109225 6.7e-07 
3545 18 0.000101834 8.86e-07 
3546 49 0.000273933 2.918e-06 
3547 54 0.000268896 3.243e-06 
3548 32 0.000182206 1.436e-06 
3549 29 0.000149364 1.422e-06 
3550 25 0.000124236 7.66e-07 
3551 35 0.00021869 1.922e-06 
3552 34 0.000186374 2.194e-06 
3553 30 0.00018823 1.286e-06 
3554 47 0.000273203 4.353e-06 
3555 22 0.000111702 6.99e-07 
3556 59 0.000345597 6.395e-06 
3557 37 0.00024166 2.356e-06 
3558 34 0.000199058 1.676e-06 
3559 37 0.000209205 3.461e-06 
3560 19 9.2618e-05 3.39e-07 
3561 21 0.000103262 6.77e-07 
3562 54 0.000297643 4.614e-06 
3563 40 0.000240758 2.37e-06 
3564 25 0.000131287 7.14e-07 
3565 38 0.000226766 3.318e-06 
3566 61 0.000403061 8.744e-06 
3567 31 0.000190318 1.44e-06 
3568 23 0.000113959 7.23e-07 
3569 35 0.000201906 1.766e-06 
3570 40 0.000222728 2.24e-06 
3571 32 0.000176862 2.042e-06 
3572 54 0.000278326 3.973e-06 
3573 39 0.000208101 1.756e-06 
3574 28 0.00015895 1.389e-06 
3575 29 0.000185064 2.817e-06 
3576 38 0.000186256 1.754e-06 
3577 29 0.000144216 1.021e-06 
3578 54 0.00025167 3.213e-06 
3579 29 0.000153887 8.27e-07 
3580 40 0.00016917 1.596e-06 
3581 25 0.000133615 1.258e-06 
3582 33 0.000180598 1.271e-06 
3583 54 0.000190597 2.991e-06 
3584 38 0.000139544 1.361e-06 
3585 54 0.000182112 2.691e-06 
3586 40 0.000139847 1.09e-06 
3587 27 0.000140255 1.309e-06 
3588 33 0.000186481 1.99e-06 
3589 11 3.4867e-05 2.2e-07 
3590 11 3.4634e-05 1.64e-07 
3591 11 3.6757e-05 1.68e-07 
3592 38 0.000123169 1.457e-06 
3593 54 0.000189941 2.734e-06 
3594 26 0.000141225 9.34e-07 
3595 33 0.000172569 2.553e-06 
3596 40 0.000122779 1.179e-06 
3597 54 0.000189757 3.355e-06 
3598 20 0.000101714 5.01e-07 
3599 38 0.000107431 1.776e-06 
3600 22 0.000104535 5.26e-07 
3601 18 7.5553e-05 3.98e-07 
3602 26 0.000146069 1.599e-06 
3603 29 0.000171247 2.02e-06 
3604 13 4.8251e-05 2.37e-07 
3605 13 4.7942e-05 2.24e-07 
3606 13 4.5496e-05 3.77e-07 
3607 54 0.000192728 3.147e-06 
3608 39 0.000215106 2.536e-06 
3609 15 6.4544e-05 4.95e-07 
3610 40 0.000130244 1.878e-06 
3611 24 0.000125443 6.37e-07 
3612 23 0.000112056 6.44e-07 
3613 24 0.000135988 7.47e-07 
3614 29 0.000145368 2.352e-06 
3615 19 7.7543e-05 5.82e-07 
3616 27 0.000145436 7.48e-07 
3617 38 0.000117331 1.634e-06 
3618 54 0.000186276 2.867e-06 
3619 15 6.5279e-05 1.392e-06 
3620 40 0.000122051 1.256e-06 
3621 56 0.000317608 5.987e-06 
3622 25 0.000119507 1.397e-06 
3623 24 0.000119257 1.463e-06 
3624 34 0.000195174 1.4e-06 
3625 25 0.000130501 1.149e-06 
3626 24 0.000126574 8.46e-07 
3627 18 8.1962e-05 3.9e-07 
3628 30 0.000164951 1.431e-06 
3629 28 0.000172713 1.251e-06 
3630 32 0.000156246 1.37e-06 
3631 21 0.000101554 5.77e-07 
3632 54 0.000202511 3.285e-06 
3633 38 0.00013477 1.883e-06 
3634 11 4.5272e-05 3.03e-07 
3635 57 0.000328274 5.316e-06 
3636 54 0.00019887 2.484e-06 
3637 19 8.7558e-05 4.27e-07 
3638 32 0.000167706 1.772e-06 
3639 37 0.000218276 2.177e-06 
3640 24 0.000114902 6.09e-07 
3641 25 0.000134962 1.397e-06 
3642 36 0.000186178 4.696e-06 
3643 19 7.0514e-05 6.39e-07 
3644 50 0.00021237 7.868e-06 
3645 29 0.000124902 1.778e-06 
3646 58 0.000261114 7.217e-06 
3647 36 0.000148894 2.952e-06 
3648 29 0.000126897 2.214e-06 
3649 43 0.000176991 7.258e-06 
3650 40 0.000159579 3.092e-06 
3651 25 0.00010014 1.197e-06 
3652 54 0.000247476 7.268e-06 
3653 38 0.000148687 3.492e-06 
3654 30 0.000124126 1.553e-06 
3655 33 0.000137567 2.044e-06 
3656 25 0.000106836 1.299e-06 
3657 21 8.7293e-05 6.43e-07 
3658 62 0.00031569 1.0347e-05 
3659 20 8.3037e-05 7.5e-07 
3660 47 0.000193854 3.767e-06 
3661 24 9.436e-05 9.14e-07 
3662 59 0.000250189 8.656e-06 
3663 37 0.00015641 4.001e-06 
3664 36 0.000166275 2.724e-06 
3665 35 0.000140787 2.606e-06 
3666 40 0.000167058 3.251e-06 
3667 54 0.000225183 6.583e-06 
3668 30 0.000119567 1.953e-06 
3669 33 0.000138036 2.977e-06 
3670 34 0.000135639 2.494e-06 
3671 63 0.000321205 9.887e-06 
3672 21 8.4347e-05 6.17e-07 
3673 19 6.3509e-05 5e-07 
3674 31 0.000123788 1.175e-06 
3675 20 8.6677e-05 1.385e-06 
3676 38 0.000151669 2.663e-06 
3677 21 7.854e-05 6.53e-07 
3678 54 0.000226595 7.145e-06 
3679 33 0.000143827 1.686e-06 
3680 40 0.00014909 2.018e-06 
3681 35 0.000154957 2.009e-06 
3682 24 9.3884e-05 1.241e-06 
3683 21 8.9069e-05 7.91e-07 
3684 54 0.000216677 4.718e-06 
3685 38 0.000141925 2.696e-06 
3686 25 9.2869e-05 4.28e-07 
3687 54 0.000193477 4.186e-06 
3688 40 0.000136405 1.908e-06 
3689 16 5.9567e-05 5.43e-07 
3690 38 0.000112975 1.618e-06 
3691 27 0.0001249 1.066e-06 
3692 21 9.1285e-05 4.11e-07 
3693 54 0.000174035 3.263e-06 
3694 21 7.5071e-05 5.45e-07 
3695 18 6.2471e-05 9.7e-07 
3696 40 0.000130251 1.391e-06 
3697 54 0.000165992 2.5e-06 
3698 27 0.000108913 8.68e-07 
3699 19 6.1464e-05 5.26e-07 
3700 38 0.000104324 1.657e-06 
3701 54 0.000134215 2.556e-06 
3702 40 9.9832e-05 1.452e-06 
3703 54 0.000148619 2.569e-06 
3704 38 9.2727e-05 1.505e-06 
3705 21 7.6435e-05 4.22e-07 
3706 40 0.000100731 1.344e-06 
3707 30 0.000142711 3.35e-06 
3708 54 0.000157651 3.917e-06 
3709 38 0.000115886 1.907e-06 
3710 54 0.00015257 2.92e-06 
3711 24 0.000104172 8.06e-07 
3712 41 0.000189222 5.541e-06 
3713 20 7.1662e-05 7.4e-07 
3714 26 0.00012543 1.561e-06 
3715 27 0.000114651 1.718e-06 
3716 40 0.000132333 1.598e-06 
3717 39 0.000165091 3.184e-06 
3718 54 0.000194428 4.851e-06 
3719 38 0.000118282 2.179e-06 
3720 50 0.00021131 4.365e-06 
3721 28 0.000120408 8.8e-07 
3722 21 8.0093e-05 5.55e-07 
3723 25 0.00010032 1.5e-06 
3724 21 7.285e-05 7.35e-07 
3725 27 0.000115568 9.68e-07 
3726 54 0.000181057 3.763e-06 
3727 40 0.000132659 1.619e-06 
3728 51 0.00022333 4.119e-06 
3729 38 0.000112841 1.998e-06 
3730 54 0.000172995 2.975e-06 
3731 33 0.00012862 1.654e-06 
3732 39 0.000187417 3.113e-06 
3733 20 7.1958e-05 5.38e-07 
3734 38 0.000158517 3.13e-06 
3735 26 0.00012342 3.811e-06 
3736 20 0.000108428 7.39e-07 
3737 30 0.000169969 1.82e-06 
3738 30 0.00018432 1.417e-06 
3739 44 0.00025729 4.079e-06 
3740 40 0.0001899 1.724e-06 
3741 54 0.000267826 5.106e-06 
3742 38 0.000158488 1.72e-06 
3743 25 0.000124916 9.6e-07 
3744 34 0.000177077 2.087e-06 
3745 35 0.000184373 1.395e-06 
3746 28 0.000137752 1.189e-06 
3747 27 0.000144318 1.044e-06 
3748 18 8.752e-05 4.99e-07 
3749 21 9.4043e-05 7.74e-07 
3750 48 0.000269527 4.154e-06 
3751 25 0.000128729 1.519e-06 
3752 60 0.00035 6.56e-06 
3753 38 0.000236935 2.56e-06 
3754 31 0.000181183 1.494e-06 
3755 33 0.000163918 1.584e-06 
3756 22 0.00011178 1.318e-06 
3757 34 0.000189728 2.387e-06 
3758 54 0.000292995 5.082e-06 
3759 40 0.000210488 2.95e-06 
3760 17 7.9243e-05 6.32e-07 
3761 25 0.000118657 6.88e-07 
3762 34 0.000211598 1.318e-06 
3763 35 0.000186811 1.822e-06 
3764 29 0.000146251 1.321e-06 
3765 37 0.000230486 2.257e-06 
3766 64 0.000425884 9.647e-06 
3767 32 0.000196053 1.947e-06 
3768 53 0.000306478 1.1604e-05 
3769 20 9.4744e-05 2.1769e-05 
3770 61 0.000342384 5.012e-06 
3771 37 0.000226975 3.84e-06 
3772 32 0.000201175 1.429e-06 
3773 38 0.000198357 3.991e-06 
3774 54 0.000293876 5.215e-06 
3775 31 0.000164946 1.429e-06 
3776 40 0.000187553 1.746e-06 
3777 54 0.000259009 4.056e-06 
3778 31 0.00016083 7.44e-07 
3779 40 0.000215975 3.061e-06 
3780 65 0.000408429 7.33e-06 
3781 33 0.000184777 1.273e-06 
3782 25 0.000138143 1.326e-06 
3783 37 0.000207016 1.709e-06 
3784 21 0.000121522 9.34e-07 
3785 38 0.000215336 1.902e-06 
3786 11 5.0542e-05 2.82e-07 
3787 11 3.5393e-05 2.49e-07 
3788 11 3.6366e-05 5.82e-07 
3789 38 0.000182662 2.345e-06 
3790 54 0.000294358 5.238e-06 
3791 11 5.4161e-05 1.66e-07 
3792 40 0.000187489 1.996e-06 
3793 41 0.000245775 2.733e-06 
3794 30 0.000172879 3.412e-06 
3795 39 0.000211544 2.566e-06 
3796 54 0.000252455 3.064e-06 
3797 38 0.000151604 1.326e-06 
3798 13 4.798e-05 8.07e-07 
3799 13 4.8074e-05 1.8e-07 
3800 13 4.6133e-05 1.98e-07 
3801 31 0.000166175 1.255e-06 
3802 40 0.00014734 1.488e-06 
3803 54 0.000209317 2.996e-06 
3804 38 0.000131762 1.226e-06 
3805 54 0.000167168 2.456e-06 
3806 20 9.5643e-05 4.9e-07 
3807 40 0.000108117 1.674e-06 
3808 15 5.8006e-05 3.68e-07 
3809 21 0.000100638 7.44e-07 
3810 25 0.000135236 8.43e-07 
3811 24 0.000114467 9.91e-07 
3812 54 0.00014628 2.488e-06 
3813 21 9.6152e-05 6.42e-07 
3814 38 0.000103415 2.549e-06 
3815 21 7.4967e-05 5.91e-07 
3816 54 0.000130373 3.227e-06 
3817 40 0.000104381 1.59e-06 
3818 27 0.000114286 7.89e-07 
3819 25 9.2041e-05 1.94e-06 
3820 38 9.5706e-05 1.498e-06 
3821 54 0.000142072 3.086e-06 
3822 40 9.8263e-05 1.197e-06 
3823 54 0.000134142 2.444e-06 
3824 38 9.0614e-05 1.326e-06 
3825 54 0.000130267 2.978e-06 
3826 40 9.9767e-05 1.562e-06 
3827 18 7.2607e-05 5.26e-07 
3828 54 0.000130668 2.954e-06 
3829 38 9.4945e-05 1.665e-06 
3830 40 9.8152e-05 1.528e-06 
3831 52 0.000224421 6.317e-06 
3832 23 0.000107167 9.79e-07 
3833 54 0.000124678 3.297e-06 
3834 29 0.000113364 1.671e-06 
3835 28 0.000127028 1.125e-06 
3836 38 8.7204e-05 1.56e-06 
3837 54 0.000124793 2.881e-06 
3838 53 0.000216902 3.466e-06 
3839 40 9.8853e-05 1.678e-06 
3840 22 8.7321e-05 7.65e-07 
3841 24 9.7677e-05 1.432e-06 
3842 22 7.815e-05 8.25e-07 
3843 28 0.000119439 1.481e-06 
3844 29 0.000119874 1.483e-06 
3845 39 0.0001622 3.664e-06 
3846 54 0.000137524 3.474e-06 
3847 38 9.8401e-05 1.444e-06 
3848 40 9.2455e-05 1.108e-06 
3849 54 0.000135283 2.957e-06 
3850 24 9.5808e-05 1.308e-06 
3851 25 9.6975e-05 9.47e-07 
3852 25 0.000103936 1.479e-06 
3853 23 7.8857e-05 7.27e-07 
3854 29 0.000122298 1.39e-06 
3855 38 8.8676e-05 1.558e-06 
3856 54 0.000127881 2.987e-06 
3857 30 0.000120013 1.672e-06 
3858 40 9.8006e-05 1.555e-06 
3859 25 0.000107056 1.537e-06 
3860 26 0.000109952 1.763e-06 
3861 34 0.00014364 2.479e-06 
3862 28 0.000131423 8.18e-07 
3863 14 4.8151e-05 4.19e-07 
3864 26 0.000109873 1.616e-06 
3865 32 0.000148914 1.851e-06 
3866 34 0.000129901 1.977e-06 
3867 55 0.000187843 4.049e-06 
3868 38 0.000121516 2.518e-06 
3869 35 0.000159497 2.991e-06 
3870 40 0.000141051 1.906e-06 
3871 21 8.4401e-05 9.94e-07 
3872 28 0.000105567 1.072e-06 
3873 39 0.000159306 2.546e-06 
3874 26 9.819e-05 6.39e-07 
3875 29 0.000129107 1.287e-06 
3876 38 0.000181697 4.28e-06 
3877 15 5.1106e-05 5.3e-07 
3878 48 0.000195281 3.101e-06 
3879 31 0.000130218 2.076e-06 
3880 60 0.000265478 7.335e-06 
3881 36 0.000152106 2.812e-06 
3882 33 0.000146251 2.231e-06 
3883 45 0.00018886 5.127e-06 
3884 38 0.000123883 2.26e-06 
3885 40 0.000106271 1.309e-06 
3886 20 6.9758e-05 4.99e-07 
3887 29 0.000107966 1.489e-06 
3888 31 0.000133126 1.378e-06 
3889 19 7.2308e-05 5.45e-07 
3890 66 0.000353351 1.1304e-05 
3891 22 9.3425e-05 6.44e-07 
3892 51 0.000203951 5.599e-06 
3893 26 0.000106404 8.51e-07 
3894 61 0.000265367 7.17e-06 
3895 37 0.000153659 3.136e-06 
3896 38 0.000161982 3.011e-06 
3897 21 9.2147e-05 8.88e-07 
3898 38 0.000137283 4.083e-06 
3899 35 0.000151509 3.786e-06 
3900 36 0.000142267 3.094e-06 
3901 67 0.00032733 1.0303e-05 
3902 21 8.6554e-05 9.11e-07 
3903 21 8.1415e-05 6.25e-07 
3904 33 0.000132085 1.275e-06 
3905 40 0.000139564 2.709e-06 
3906 25 9.2501e-05 1.357e-06 
3907 38 0.000123588 2.787e-06 
3908 37 0.000142357 1.447e-06 
3909 26 0.000102461 1.78e-06 
3910 21 7.4711e-05 6.16e-07 
3911 40 0.000128092 1.849e-06 
3912 38 0.000106771 1.65e-06 
3913 33 0.000125928 2.082e-06 
3914 27 0.000113754 8.43e-07 
3915 40 0.00010981 1.733e-06 
3916 38 9.1592e-05 1.183e-06 
3917 40 0.000166745 2.399e-06 
3918 24 9.4283e-05 8.28e-07 
3919 22 8.7061e-05 9.7e-07 
3920 40 9.8448e-05 1.848e-06 
3921 39 0.000101407 1.455e-06 
3922 19 7.5373e-05 7.07e-07 
3923 39 0.000161148 2.834e-06 
3924 23 8.6025e-05 7.72e-07 
3925 27 0.000118494 1.029e-06 
3926 11 3.2647e-05 3.77e-07 
3927 27 0.000116351 7.81e-07 
3928 26 0.000102606 1.709e-06 
3929 55 0.000233638 6.268e-06 
3930 27 9.3698e-05 1.843e-06 
3931 52 0.00021804 5.049e-06 
3932 21 7.5719e-05 6.7e-07 
3933 53 0.000196914 2.902e-06 
3934 41 0.000191471 4.386e-06 
3935 30 0.000140504 3.284e-06 
3936 36 0.000187192 2.83e-06 
3937 39 0.000139723 2.561e-06 
3938 11 3.2293e-05 3.59e-07 
3939 11 3.0402e-05 1.92e-07 
3940 11 2.9522e-05 1.8e-07 
3941 16 5.7729e-05 3.33e-07 
3942 26 0.000105379 1.25e-06 
3943 24 8.3259e-05 9.46e-07 
3944 30 0.000131318 1.287e-06 
3945 29 0.000126652 2.141e-06 
3946 31 0.000120981 1.525e-06 
3947 39 0.000161369 3.863e-06 
3948 26 0.000108278 1.806e-06 
3949 17 5.8101e-05 4.67e-07 
3950 27 0.000108436 4.117e-06 
3951 25 0.00013201 9.89e-07 
3952 29 0.000168722 1.429e-06 
3953 13 4.894e-05 2.62e-07 
3954 13 4.9102e-05 2.24e-07 
3955 13 4.5072e-05 3.17e-07 
3956 27 0.00015502 1.991e-06 
3957 22 0.000117974 4.69e-07 
3958 40 0.000236576 2.307e-06 
3959 30 0.000167766 1.767e-06 
3960 22 0.000110065 8.89e-07 
3961 32 0.000200054 2.417e-06 
3962 34 0.000210847 2.094e-06 
3963 46 0.000269544 5.753e-06 
3964 20 0.000103723 6.37e-07 
3965 15 5.9197e-05 4.38e-07 
3966 21 0.00010013 6.39e-07 
3967 27 0.000139333 1.213e-06 
3968 34 0.000185379 2.745e-06 
3969 39 0.000220638 3.584e-06 
3970 26 0.000135156 6.2e-07 
3971 31 0.000174046 1.928e-06 
3972 20 9.8442e-05 5.6e-07 
3973 23 0.000107757 5.59e-07 
3974 54 0.000330487 6.394e-06 
3975 31 0.000169882 1.543e-06 
3976 60 0.000345071 6.407e-06 
3977 22 0.000114787 1.054e-06 
3978 35 0.000218803 2.372e-06 
3979 33 0.000177169 1.665e-06 
3980 21 0.000113222 9.35e-07 
3981 25 0.000129998 6.41e-07 
3982 36 0.000205379 2.088e-06 
3983 29 0.000144949 1.11e-06 
3984 25 0.00011788 8.02e-07 
3985 39 0.000249074 3.508e-06 
3986 68 0.000444639 9.857e-06 
3987 34 0.00020101 2.364e-06 
3988 49 0.000269246 2.68e-06 
3989 22 0.000126299 5.26e-07 
3990 61 0.000414558 1.2561e-05 
3991 23 0.000226774 3.32e-06 
3992 34 0.000226356 2.5e-06 
3993 21 0.000114472 2.175e-06 
3994 42 0.000562651 7.329e-06 
3995 69 0.000459363 1.1967e-05 
3996 35 0.000214981 4.009e-06 
3997 27 0.00015434 1.205e-06 
3998 39 0.000241461 1.902e-06 
3999 55 0.000340746 4.72e-06 
4000 43 0.000264348 2.212e-06 
4001 32 0.000211229 2.413e-06 
4002 32 0.000155857 1.336e-06 
4003 39 0.000250318 4.187e-06 
4004 25 0.000148055 1.429e-06 
4005 24 0.000143375 1.108e-06 
4006 32 0.000187037 1.792e-06 
4007 25 0.000140763 1.044e-06 
4008 18 8.678e-05 5.57e-07 
4009 32 0.000153079 1.549e-06 
4010 18 6.9965e-05 5.41e-07 
4011 37 0.000235449 6.768e-06 
4012 20 0.000103081 1.087e-06 
4013 25 0.00015137 1.39e-06 
4014 58 0.000395492 6.037e-06 
4015 18 7.9439e-05 5.47e-07 
4016 27 0.000176144 1.233e-06 
4017 59 0.000385572 4.015e-06 
4018 32 0.000199775 2.455e-06 
4019 26 0.000172777 2.028e-06 
4020 18 8.521e-05 6.49e-07 
4021 26 0.000185621 1.362e-06 
4022 33 0.000227307 3.034e-06 
4023 21 0.000143309 1.044e-06 
4024 27 0.000175753 2.605e-06 
4025 39 0.000306518 2.325e-06 
4026 32 0.000207609 3.291e-06 
4027 20 9.9934e-05 9.89e-07 
4028 37 0.000240458 2.174e-06 
4029 18 6.9576e-05 8.26e-07 
4030 29 0.000172317 1.583e-06 
4031 55 0.000350592 5.163e-06 
4032 32 0.000161123 1.303e-06 
4033 18 6.0215e-05 4.41e-07 
4034 21 0.00011147 1.001e-06 
4035 11 3.78e-05 3.4e-07 
4036 22 0.000120304 7.01e-07 
4037 20 7.1546e-05 7.69e-07 
4038 16 8.1473e-05 3.86e-07 
4039 28 0.000157627 1.383e-06 
4040 26 0.000130254 8.78e-07 
4041 30 0.000174321 1.772e-06 
4042 31 0.00018752 2.152e-06 
4043 18 5.1873e-05 6.54e-07 
4044 40 0.00025914 5.023e-06 
4045 17 7.1622e-05 3.29e-07 
4046 29 0.000154627 1.099e-06 
4047 27 0.000125109 1.322e-06 
4048 27 0.000141592 1.377e-06 
4049 32 0.000137786 1.298e-06 
4050 21 9.7165e-05 3.482e-06 
4051 39 0.00022484 2.914e-06 
4052 27 0.000143401 1.441e-06 
4053 28 0.000184427 1.471e-06 
4054 36 0.000215257 1.597e-06 
4055 32 0.000190392 1.515e-06 
4056 20 0.000103823 5.89e-07 
4057 32 0.000223177 3.491e-06 
4058 36 0.000255778 1.604e-06 
4059 34 0.000174682 1.179e-06 
4060 21 0.000122507 8.83e-07 
4061 18 8.0768e-05 5.65e-07 
4062 20 8.4103e-05 1.313e-06 
4063 23 0.000123642 5.9e-07 
4064 40 0.000216625 3.719e-06 
4065 41 0.000227507 1.696e-06 
4066 30 0.000154866 1.203e-06 
4067 33 0.000190983 1.725e-06 
4068 40 0.000295427 4.693e-06 
4069 21 0.000105587 7.76e-07 
4070 48 0.000288126 3.769e-06 
4071 27 0.000174558 9.55e-07 
4072 62 0.000380532 8.422e-06 
4073 38 0.000269561 3.81e-06 
4074 37 0.000256612 2.488e-06 
4075 47 0.00030669 5.971e-06 
4076 18 9.1145e-05 4.69e-07 
4077 32 0.000192478 1.935e-06 
4078 41 0.000240645 3.209e-06 
4079 25 0.000122508 1.279e-06 
4080 21 0.000111753 6.76e-07 
4081 70 0.000480875 1.1951e-05 
4082 24 0.000150302 5.074e-06 
4083 49 0.000203761 7.651e-06 
4084 28 0.000168805 1.054e-06 
4085 63 0.000291935 1.0562e-05 
4086 35 0.000166025 3.205e-06 
4087 40 0.000173126 3.185e-06 
4088 32 0.00014136 1.9e-06 
4089 37 0.000162255 3.744e-06 
4090 38 0.000152481 2.273e-06 
4091 71 0.000366701 1.1257e-05 
4092 23 9.7103e-05 9.58e-07 
4093 23 8.1051e-05 8.27e-07 
4094 35 0.000151708 2.175e-06 
4095 39 0.000165668 5.981e-06 
4096 18 0.000117065 5.94e-07 
4097 39 0.000152293 1.931e-06 
4098 20 7.1006e-05 9.05e-07 
4099 18 4.9194e-05 3.38e-07 
4100 32 0.000127429 2.201e-06 
4101 24 9.0051e-05 1.082e-06 
4102 18 4.6617e-05 5.41e-07 
4103 25 8.8386e-05 7.64e-07 
4104 22 9.3477e-05 5.85e-07 
4105 20 6.6463e-05 1.205e-06 
4106 27 0.000108744 6.06e-07 
4107 18 4.4358e-05 5.02e-07 
4108 55 0.000238017 6.399e-06 
4109 32 0.000126032 1.84e-06 
4110 25 9.043e-05 8.21e-07 
4111 18 4.1479e-05 6.61e-07 
4112 41 0.000171653 3.124e-06 
4113 20 5.681e-05 7.12e-07 
4114 18 4.1164e-05 3.63e-07 
4115 32 0.000108328 1.382e-06 
4116 18 4.0113e-05 5.21e-07 
4117 40 0.000160807 2.967e-06 
4118 11 3.3485e-05 3.25e-07 
4119 11 3.1141e-05 2.81e-07 
4120 11 3.1375e-05 2.05e-07 
4121 38 0.000170142 3.159e-06 
4122 39 0.000149968 2.622e-06 
4123 20 5.6633e-05 6.42e-07 
4124 27 0.000113321 7.21e-07 
4125 40 0.000162169 6.949e-06 
4126 31 0.000164358 1.043e-06 
4127 18 5.2366e-05 4.71e-07 
4128 13 4.5482e-05 2.24e-07 
4129 13 4.6685e-05 1.86e-07 
4130 13 4.7444e-05 4.48e-07 
4131 21 9.8133e-05 8.91e-07 
4132 32 0.000146037 1.334e-06 
4133 27 0.000141145 8.46e-07 
4134 41 0.000205233 2.221e-06 
4135 15 5.7338e-05 4.12e-07 
4136 18 4.6473e-05 3.29e-07 
4137 20 6.1301e-05 7.03e-07 
4138 28 0.000152912 1.653e-06 
4139 18 4.2415e-05 3.49e-07 
4140 32 0.000135998 1.327e-06 
4141 29 0.000150377 1.338e-06 
4142 41 0.000234852 2.298e-06 
4143 18 4.2074e-05 3.89e-07 
4144 20 5.8357e-05 5.39e-07 
4145 18 4.062e-05 2.51e-07 
4146 32 0.000112381 1.618e-06 
4147 32 0.000197957 2.455e-06 
4148 18 4.1262e-05 3.59e-07 
4149 20 5.6106e-05 5.34e-07 
4150 24 0.000118839 1.481e-06 
4151 30 0.000167526 1.428e-06 
4152 28 0.000138888 1.147e-06 
4153 28 0.000157548 9.14e-07 
4154 23 0.000118438 8.11e-07 
4155 22 0.000112897 7.5e-07 
4156 18 4.425e-05 5.55e-07 
4157 26 0.000148026 1.503e-06 
4158 17 7.374e-05 3.79e-07 
4159 31 0.000169508 1.605e-06 
4160 29 0.000139012 9e-07 
4161 31 0.000170996 1.061e-06 
4162 21 0.000121178 1.337e-06 
4163 23 0.000116239 8.5e-07 
4164 32 0.000137712 1.12e-06 
4165 55 0.000318699 5.872e-06 
4166 18 4.5833e-05 4.47e-07 
4167 27 0.00013239 2.686e-06 
4168 24 0.000124667 7e-07 
4169 42 0.000298899 3.687e-06 
4170 34 0.000295205 3.426e-06 
4171 24 0.000178995 1.588e-06 
4172 28 0.000232694 2.253e-06 
4173 38 0.000397355 6.288e-06 
4174 48 0.000489658 8.481e-06 
4175 20 0.00016466 2.446e-06 
4176 39 0.000392324 6.691e-06 
4177 29 0.000295488 3.541e-06 
4178 30 0.000291772 4.066e-06 
4179 37 0.000378194 4.854e-06 
4180 26 0.000253332 3.192e-06 
4181 35 0.000392036 3.615e-06 
4182 18 0.000183789 1.852e-06 
4183 25 0.000241619 1.646e-06 
4184 50 0.000541709 7.829e-06 
4185 33 0.000385176 4.188e-06 
4186 62 0.000682778 1.303e-05 
4187 22 0.000195776 1.41e-06 
4188 39 0.000397152 6.142e-06 
4189 33 0.000268272 3.459e-06 
4190 18 0.000136089 1.409e-06 
4191 33 0.000268826 3.52e-06 
4192 38 0.000328453 4.063e-06 
4193 31 0.000229291 2.246e-06 
4194 27 0.000202672 1.658e-06 
4195 41 0.000374935 5.804e-06 
4196 72 0.000637158 1.6507e-05 
4197 36 0.00027128 2.783e-06 
4198 55 0.000409198 7.914e-06 
4199 24 0.000153792 1.039e-06 
4200 63 0.000416671 8.002e-06 
4201 23 0.00012914 1.425e-06 
4202 35 0.000224681 2.228e-06 
4203 32 0.00025108 2.803e-06 
4204 39 0.000237834 4.127e-06 
4205 18 8.0365e-05 4.87e-07 
4206 33 0.00018011 1.437e-06 
4207 43 0.000257048 3.697e-06 
4208 73 0.000588547 1.3536e-05 
4209 37 0.000260542 1.953e-06 
4210 29 0.000158361 1.867e-06 
4211 20 9.7956e-05 1.353e-06 
4212 18 7.1869e-05 3.28e-07 
4213 32 0.000174663 1.981e-06 
4214 11 3.5953e-05 4.04e-07 
4215 18 6.8295e-05 3.68e-07 
4216 22 0.000111107 8.25e-07 
4217 20 7.6288e-05 5.72e-07 
4218 18 5.0347e-05 4.18e-07 
4219 23 9.8399e-05 5.53e-07 
4220 32 0.000161306 1.386e-06 
4221 21 9.9448e-05 5.98e-07 
4222 18 4.4085e-05 5.6e-07 
4223 20 6.3828e-05 6.2e-07 
4224 18 4.2077e-05 4.53e-07 
4225 42 0.000223401 3.964e-06 
4226 25 9.5031e-05 7.26e-07 
4227 41 0.000198483 1.278e-06 
4228 32 0.000181648 1.567e-06 
4229 39 0.000209756 1.956e-06 
4230 21 0.000101976 7.69e-07 
4231 39 0.000217149 3.41e-06 
4232 25 0.000123486 1.126e-06 
4233 24 0.000128259 1.005e-06 
4234 55 0.000312073 5.712e-06 
4235 23 0.000118005 1.009e-06 
4236 25 0.000120686 1.656e-06 
4237 27 0.000144697 8.11e-07 
4238 42 0.000252512 8.097e-06 
4239 37 0.000183424 1.046e-06 
4240 28 0.000157334 1.782e-06 
4241 29 0.000149215 1.527e-06 
4242 29 0.000143486 2.158e-06 
4243 26 0.000119668 1.175e-06 
4244 27 8.4366e-05 5.88e-07 
4245 30 0.000164606 1.517e-06 
4246 39 0.000214925 3.322e-06 
4247 18 7.8473e-05 4.55e-07 
4248 32 0.000217555 1.915e-06 
4249 30 0.000179255 1.379e-06 
4250 32 0.000204229 2.122e-06 
4251 31 0.000175408 1.827e-06 
4252 13 5.2013e-05 2.76e-07 
4253 27 0.00014428 1.897e-06 
4254 25 0.000127988 5.39e-07 
4255 33 0.000186557 1.896e-06 
4256 31 0.000182062 1.014e-06 
4257 31 0.000170398 1.517e-06 
4258 30 0.000199314 1.624e-06 
4259 34 0.000193729 3.119e-06 
4260 36 0.000223273 2.788e-06 
4261 16 8.0098e-05 2.95e-07 
4262 34 0.000205137 3.411e-06 
4263 40 0.000269606 2.625e-06 
4264 34 0.000192312 2.21e-06 
4265 25 0.000157795 1.485e-06 
4266 34 0.000212259 2.568e-06 
4267 43 0.000277309 2.737e-06 
4268 32 0.000220983 2.283e-06 
4269 37 0.000283516 1.791e-06 
4270 42 0.000343772 6.292e-06 
4271 17 9.2655e-05 4.2e-07 
4272 50 0.000316157 5.257e-06 
4273 33 0.000207581 2.027e-06 
4274 62 0.000411783 9.225e-06 
4275 36 0.000234455 2.576e-06 
4276 35 0.000222846 2.572e-06 
4277 41 0.000264309 2.782e-06 
4278 49 0.000305585 5.97e-06 
4279 26 0.000152526 1.065e-06 
4280 38 0.000218589 2.699e-06 
4281 35 0.000184245 1.831e-06 
4282 27 0.000131694 1.309e-06 
4283 19 9.9025e-05 4.66e-07 
4284 74 0.000541484 1.322e-05 
4285 24 0.000129658 9.94e-07 
4286 49 0.000261911 3.049e-06 
4287 30 0.00015872 1.586e-06 
4288 63 0.000372161 8.466e-06 
4289 33 0.000186102 1.843e-06 
4290 33 0.000182539 2.184e-06 
4291 39 0.000219615 1.883e-06 
4292 75 0.000489811 6.182e-06 
4293 23 0.000123247 1.071e-06 
4294 25 0.000116722 9.93e-07 
4295 26 0.000143327 1.108e-06 
4296 27 9.2572e-05 6.17e-07 
4297 55 0.000308681 5.953e-06 
4298 39 0.000216473 3.2e-06 
4299 42 0.000231989 3.011e-06 
4300 28 0.000157604 1.205e-06 
4301 41 0.000210673 1.261e-06 
4302 23 0.000107309 6.69e-07 
4303 40 0.000231795 3.78e-06 
4304 21 9.6097e-05 5.62e-07 
4305 33 0.000166947 1.422e-06 
4306 11 3.5064e-05 3.7e-07 
4307 11 3.3888e-05 2.05e-07 
4308 11 3.4871e-05 1.76e-07 
4309 13 4.6673e-05 2.43e-07 
4310 13 4.7084e-05 3.89e-07 
4311 13 4.8845e-05 2.16e-07 
4312 15 6.1114e-05 3.22e-07 
4313 39 0.00021528 3.147e-06 
4314 28 0.000151534 9.58e-07 
4315 27 9.581e-05 6.86e-07 
4316 33 0.000169289 2.62e-06 
4317 11 3.5928e-05 2.33e-07 
4318 21 9.7055e-05 7.94e-07 
4319 25 0.000158367 3.972e-06 
4320 27 0.000152373 1.165e-06 
4321 27 0.000144384 7.82e-07 
4322 55 0.000310665 4.815e-06 
4323 38 0.000207295 2.382e-06 
4324 39 0.000222932 2.851e-06 
4325 43 0.000219254 2.557e-06 
4326 24 0.000127308 8.18e-07 
4327 41 0.000230047 3.326e-06 
4328 29 0.000159904 1.031e-06 
4329 30 0.000170978 2.63e-06 
4330 31 0.000151733 1.14e-06 
4331 32 0.00019313 2.849e-06 
4332 21 0.000113551 1.098e-06 
4333 13 4.6805e-05 2.33e-07 
4334 24 0.000118802 1.159e-06 
4335 34 0.000201755 1.988e-06 
4336 32 0.000163397 1.825e-06 
4337 31 0.000180563 1.776e-06 
4338 31 0.000167447 1.721e-06 
4339 23 0.000113845 8.74e-07 
4340 35 0.000197543 2.689e-06 
4341 33 0.000170793 4.575e-06 
4342 26 0.00017622 1.288e-06 
4343 44 0.000267734 4.07e-06 
4344 38 0.000238206 4.816e-06 
4345 26 0.000134704 1.699e-06 
4346 34 0.000190406 2.071e-06 
4347 22 0.000109589 7.82e-07 
4348 42 0.00026085 3.943e-06 
4349 50 0.000310617 6.547e-06 
4350 31 0.000170108 2.4e-06 
4351 36 0.000187594 1.619e-06 
4352 35 0.000185458 1.962e-06 
4353 24 0.000127098 1.108e-06 
4354 39 0.000254179 2.052e-06 
4355 20 9.7769e-05 1.077e-06 
4356 27 0.000134939 7.3e-07 
4357 56 0.000343497 6.031e-06 
4358 27 0.00014173 7.66e-07 
4359 64 0.000353668 6.1e-06 
4360 32 0.000188918 1.245e-06 
4361 23 0.000126117 7.84e-07 
4362 43 0.000269862 4.732e-06 
4363 35 0.000175767 1.597e-06 
4364 34 0.000190464 1.865e-06 
4365 40 0.000217053 2.419e-06 
4366 37 0.000213283 2.174e-06 
4367 25 0.000120122 9.37e-07 
4368 41 0.000274079 3.061e-06 
4369 76 0.000524421 1.2435e-05 
4370 38 0.000228144 2.575e-06 
4371 51 0.000290647 7.098e-06 
4372 26 0.000131299 1.011e-06 
4373 65 0.000359215 6.007e-06 
4374 33 0.000170525 1.678e-06 
4375 27 0.000141731 1.233e-06 
4376 41 0.000215101 2.279e-06 
4377 77 0.000527392 7.383e-06 
4378 39 0.000232098 1.938e-06 
4379 31 0.000165522 1.514e-06 
4380 28 0.000162686 1.055e-06 
4381 29 0.000104492 6.64e-07 
4382 24 0.000120678 9.55e-07 
4383 25 8.1097e-05 7.37e-07 
4384 42 0.000221687 3.774e-06 
4385 54 0.000264638 2.419e-06 
4386 55 0.000530515 5.798e-06 
4387 21 9.6726e-05 7.35e-07 
4388 32 0.000167945 1.234e-06 
4389 41 0.00020966 3.268e-06 
4390 39 0.000227743 2.394e-06 
4391 39 0.000213438 3.457e-06 
4392 55 0.000308811 5.643e-06 
4393 24 0.000130511 1.091e-06 
4394 25 0.000118247 8.99e-07 
4395 30 0.000153544 1.485e-06 
4396 29 0.000102888 1.075e-06 
4397 39 0.000222299 2.106e-06 
4398 25 0.000117111 8.13e-07 
4399 25 0.000122197 1.592e-06 
4400 27 0.000143328 1.104e-06 
4401 44 0.000252607 3.84e-06 
4402 29 0.000146968 2.081e-06 
4403 39 0.000195578 1.433e-06 
4404 21 9.9597e-05 8.25e-07 
4405 28 0.000156716 9.2e-07 
4406 29 9.4964e-05 1.353e-06 
4407 11 3.6075e-05 2.5e-07 
4408 13 5.4073e-05 2.1e-07 
4409 16 6.5864e-05 2.82e-07 
4410 18 8.3634e-05 4.31e-07 
4411 24 0.000128985 1.098e-06 
4412 17 6.6366e-05 5.77e-07 
4413 24 0.00012142 7.24e-07 
4414 35 0.000222603 2.379e-06 
4415 32 0.000186897 1.911e-06 
4416 19 8.6753e-05 5.18e-07 
4417 33 0.000208753 2.023e-06 
4418 25 0.000138628 2.132e-06 
4419 33 0.000152046 1.545e-06 
4420 32 0.000183398 1.661e-06 
4421 38 0.000212143 2.999e-06 
4422 40 0.000243368 2.882e-06 
4423 20 9.2667e-05 4.48e-07 
4424 28 0.000152852 1.414e-06 
4425 18 8.3662e-05 3.553e-06 
4426 44 0.000408492 5.33e-06 
4427 30 0.000165032 1.359e-06 
4428 27 0.000148562 1.519e-06 
4429 30 0.000156763 2.314e-06 
4430 45 0.000250017 2.789e-06 
4431 28 0.000143261 1.911e-06 
4432 41 0.000254554 1.914e-06 
4433 42 0.000290143 5.201e-06 
4434 21 9.8743e-05 4.39e-07 
4435 52 0.000296331 6.452e-06 
4436 34 0.000203238 1.963e-06 
4437 63 0.000371007 6.851e-06 
4438 34 0.000197488 1.313e-06 
4439 19 8.9054e-05 3.73e-07 
4440 45 0.000292541 5.557e-06 
4441 49 0.000286562 5.771e-06 
4442 33 0.000173947 1.879e-06 
4443 34 0.000179512 1.364e-06 
4444 40 0.000210927 2.993e-06 
4445 31 0.000144398 1.297e-06 
4446 31 0.000150043 1.354e-06 
4447 21 0.000102796 5.41e-07 
4448 78 0.000523042 1.3047e-05 
4449 22 0.000114321 7.33e-07 
4450 51 0.00026763 3.806e-06 
4451 32 0.00017303 1.814e-06 
4452 35 0.000192237 1.388e-06 
4453 37 0.000219066 2.34e-06 
4454 39 0.000233336 2.889e-06 
4455 39 0.00020194 1.564e-06 
4456 79 0.000517623 7.435e-06 
4457 25 0.000134074 9.05e-07 
4458 27 0.000127532 1.025e-06 
4459 26 0.000142296 5.698e-06 
4460 27 0.000137756 6.38e-07 
4461 54 0.00031801 5.318e-06 
4462 55 0.000240046 3.078e-06 
4463 21 9.9371e-05 9.53e-07 
4464 42 0.000251933 3.803e-06 
4465 31 0.000150191 8.65e-07 
4466 15 5.8779e-05 4.26e-07 
4467 13 4.7568e-05 3.4e-07 
4468 13 4.4987e-05 2.9e-07 
4469 13 4.4829e-05 3.05e-07 
4470 55 0.000320108 7.475e-06 
4471 26 0.000140835 1.425e-06 
4472 25 0.000115553 9.87e-07 
4473 11 3.6658e-05 9.08e-07 
4474 11 3.5642e-05 2.9e-07 
4475 11 3.3943e-05 1.95e-07 
4476 30 0.000170206 2.673e-06 
4477 31 0.000146785 1.159e-06 
4478 39 0.000230023 3.78e-06 
4479 39 0.000217551 3.768e-06 
4480 39 0.000206321 1.848e-06 
4481 32 0.00013693 8.43e-07 
4482 31 8.666e-05 6.87e-07 
4483 30 0.000172489 1.132e-06 
4484 25 0.000116457 8.19e-07 
4485 55 0.000305617 3.699e-06 
4486 34 0.00017836 1.895e-06 
4487 37 0.000191854 3.155e-06 
4488 56 0.000286578 4.435e-06 
4489 57 0.000211307 2.586e-06 
4490 21 9.4279e-05 5.14e-07 
4491 26 0.000134653 1.495e-06 
4492 27 9.0402e-05 1.062e-06 
4493 40 0.000237504 3.635e-06 
4494 35 0.000179597 1.562e-06 
4495 42 0.000231934 4.525e-06 
4496 43 0.000180772 1.786e-06 
4497 80 0.000539359 1.3574e-05 
4498 81 0.000492156 8.683e-06 
4499 40 0.000238038 2.648e-06 
4500 41 0.000178041 1.773e-06 
4501 28 0.000144438 1.178e-06 
4502 32 0.000146111 1.026e-06 
4503 29 0.000108069 9.87e-07 
4504 30 0.000157023 1.141e-06 
4505 29 0.000102756 6.43e-07 
4506 25 0.000125516 1.037e-06 
4507 23 0.000113183 1.026e-06 
4508 52 0.00030669 4.297e-06 
4509 57 0.000303663 3.708e-06 
4510 36 0.000205996 4.131e-06 
4511 29 0.000143237 3.729e-06 
4512 38 0.000217274 1.659e-06 
4513 39 0.000138121 2.822e-06 
4514 28 0.000153551 1.427e-06 
4515 33 0.000158333 2.483e-06 
4516 46 0.000260396 2.586e-06 
4517 39 0.000168822 2.114e-06 
4518 42 0.000257633 5.289e-06 
4519 43 0.000191 2.187e-06 
4520 28 0.000140775 1.281e-06 
4521 27 8.4706e-05 8.12e-07 
4522 63 0.000367145 5.64e-06 
4523 24 0.000124075 9.81e-07 
4524 25 8.3436e-05 5.37e-07 
4525 46 0.000290656 4.267e-06 
4526 47 0.000234093 2.318e-06 
4527 50 0.000306085 4.552e-06 
4528 29 0.000151258 9.29e-07 
4529 24 0.000117451 6.65e-07 
4530 23 9.6205e-05 4.99e-07 
4531 30 0.000159415 1.533e-06 
4532 31 0.00010671 1.064e-06 
4533 18 7.7697e-05 4.2e-07 
4534 19 5.1269e-05 3.8e-06 
4535 25 0.000234604 3.704e-06 
4536 20 0.000137687 4.6e-07 
4537 21 6.0893e-05 4.76e-07 
4538 34 0.000216636 3.417e-06 
4539 25 0.000127791 7.13e-07 
4540 14 5.7768e-05 2.82e-07 
4541 15 3.847e-05 4.5e-07 
4542 32 0.000193533 2.697e-06 
4543 31 0.000132427 1.249e-06 
4544 41 0.000239888 2.932e-06 
4545 40 0.00024998 2.448e-06 
4546 45 0.000197212 3.195e-06 
4547 27 0.00016205 1.135e-06 
4548 27 0.00016208 1.363e-06 
4549 25 0.000132762 1.107e-06 
4550 39 0.0002492 9.133e-06 
4551 32 0.00019569 3.306e-06 
4552 33 0.000164594 8.08e-07 
4553 21 0.000126751 6.45e-07 
4554 26 0.000155858 1.491e-06 
4555 31 0.000174729 9.64e-07 
4556 11 3.6267e-05 4.37e-07 
4557 55 0.000318035 5.133e-06 
4558 33 0.000177445 1.656e-06 
4559 39 0.000230296 5.418e-06 
4560 38 0.000256548 1.4924e-05 
4561 35 0.000246265 1.269e-06 
4562 39 0.000216827 4.224e-06 
4563 60 0.00035152 6.998e-06 
4564 61 0.000278332 5.607e-06 
4565 21 9.9932e-05 1.54e-06 
4566 28 0.000155944 2.298e-06 
4567 28 0.000115668 8.69e-06 
4568 28 0.00026439 4.549e-06 
4569 28 0.000146006 5.45e-07 
4570 28 7.4034e-05 6.67e-07 
4571 28 6.9089e-05 6.08e-07 
4572 28 6.9047e-05 4.78e-07 
4573 28 8.222e-05 5.13e-07 
4574 28 6.9015e-05 5.02e-07 
4575 28 6.4664e-05 4.98e-07 
4576 28 6.4657e-05 5.18e-07 
4577 28 6.4566e-05 6.38e-07 
4578 28 6.3979e-05 7.72e-07 
4579 28 6.5213e-05 5.5e-07 
4580 28 6.5697e-05 4.84e-07 
4581 28 6.923e-05 4.81e-07 
4582 28 6.8518e-05 5.2e-07 
4583 28 7.1389e-05 5.23e-07 
4584 28 6.4162e-05 6.19e-07 
4585 28 6.4749e-05 4.93e-07 
4586 28 6.3971e-05 7.63e-07 
4587 28 6.992e-05 5.01e-07 
4588 28 6.4989e-05 6.7e-07 
4589 28 6.8584e-05 2.527e-06 
4590 28 8.2871e-05 7.58e-07 
4591 28 6.9027e-05 5.57e-07 
4592 28 7.0003e-05 6.04e-07 
4593 28 7.8048e-05 6.89e-07 
4594 28 9.0278e-05 6.27e-07 
4595 28 7.2289e-05 5.23e-07 
4596 28 7.0341e-05 6.8e-07 
4597 19 4.5309e-05 4.19e-07 
4598 34 0.000273079 1.862e-06 
4599 33 0.000158902 1.306e-06 
4600 30 0.000177363 1.717e-06 
4601 31 0.000103204 1.958e-06 
4602 15 6.218e-05 4.1e-07 
4603 22 0.000112076 7.66e-07 
4604 35 0.00024507 2.436e-06 
4605 40 0.000238978 3.301e-06 
4606 41 0.000196482 2.038e-06 
4607 82 0.000543054 1.7873e-05 
4608 83 0.00134985 1.4305e-05 
4609 26 0.000191395 1.312e-06 
4610 23 0.000105084 5.8e-07 
4611 42 0.00032581 4.618e-06 
4612 43 0.000218356 2.27e-06 
4613 46 0.000311507 4.395e-06 
4614 53 0.000312737 3.16e-06 
4615 30 0.000183053 2.105e-06 
4616 37 0.000184844 1.925e-06 
4617 38 0.000310214 3.306e-06 
4618 37 0.000188839 1.426e-06 
4619 32 0.000182206 2.517e-06 
4620 29 0.000148107 1.393e-06 
4621 36 0.000207272 2.024e-06 
4622 47 0.00022304 2.748e-06 
4623 28 0.000217332 7.8e-07 
4624 33 0.000139063 1.843e-06 
4625 44 0.000354074 4.25e-06 
4626 44 0.000226439 2.266e-06 
4627 39 0.00015061 8.87e-07 
4628 22 0.000112624 7.87e-07 
4629 23 7.8767e-05 7.35e-07 
4630 18 8.0045e-05 5.33e-07 
4631 19 5.7042e-05 4.97e-07 
4632 20 0.000101767 8.67e-07 
4633 21 6.2049e-05 8.77e-07 
4634 46 0.000307973 4.474e-06 
4635 47 0.000252393 3.022e-06 
4636 30 0.00015929 1.078e-06 
4637 51 0.000281376 5.133e-06 
4638 13 4.7199e-05 2.74e-07 
4639 13 4.7005e-05 4.65e-07 
4640 13 4.7031e-05 1.97e-07 
4641 66 0.000377302 7.626e-06 
4642 67 0.000277958 1.379e-05 
4643 24 0.000147306 1.425e-06 
4644 25 0.000111993 6.42e-07 
4645 34 0.000208605 2.557e-06 
4646 35 0.000143109 2.911e-06 
4647 19 8.7501e-05 5.76e-07 
4648 22 8.9639e-05 1.812e-06 
4649 23 7.714e-05 4.62e-07 
4650 32 0.00015143 2.64e-06 
4651 33 0.000146722 2.976e-06 
4652 11 3.556e-05 3.37e-07 
4653 11 3.2449e-05 2.07e-07 
4654 11 3.1324e-05 1.78e-07 
4655 25 0.00010864 1.984e-06 
4656 26 0.000112468 9.15e-07 
4657 27 0.000112069 1.736e-06 
4658 14 5.8315e-05 3.66e-07 
4659 15 3.8492e-05 3.23e-07 
4660 28 0.000114866 1.261e-06 
4661 29 9.1489e-05 1.607e-06 
4662 55 0.000256218 7.01e-06 
4663 46 0.000207969 4.852e-06 
4664 41 0.000149903 2.929e-06 
4665 39 0.000154751 3.294e-06 
4666 29 0.000113186 1.278e-06 
4667 20 8.2385e-05 8.88e-07 
4668 21 6.061e-05 4.86e-07 
4669 27 0.000119761 1.086e-06 
4670 25 9.9575e-05 1.7e-06 
4671 25 9.5794e-05 1.054e-06 
4672 34 0.000154643 3.881e-06 
4673 35 0.000139729 1.889e-06 
4674 32 0.000147422 2.873e-06 
4675 43 0.000200397 4.532e-06 
4676 58 0.000266386 8.511e-06 
4677 59 0.000231038 5.073e-06 
4678 28 0.00013273 1.812e-06 
4679 27 0.000104888 9.45e-07 
4680 39 0.000165379 3.841e-06 
4681 21 8.3412e-05 9.63e-07 
4682 55 0.000270042 8.639e-06 
4683 21 8.2757e-05 7.04e-07 
4684 32 0.000127655 2.212e-06 
4685 33 0.000105162 1.271e-06 
4686 36 0.000164883 3.601e-06 
4687 23 8.8491e-05 7.01e-07 
4688 38 0.000161552 3.652e-06 
4689 39 0.000133006 1.3e-06 
4690 84 0.000467296 3.4253e-05 
4691 85 0.000605376 6.903e-06 
4692 42 0.000267507 3.82e-06 
4693 43 0.000229433 2.62e-06 
4694 34 0.000224346 4.338e-06 
4695 35 0.00010985 1.182e-06 
4696 40 0.000204608 6.03e-06 
4697 40 0.000186801 2.083e-06 
4698 40 0.00014608 1.51e-06 
4699 40 0.000114165 1.39e-06 
4700 40 0.000113287 1.58e-06 
4701 40 0.000108719 1.64e-06 
4702 40 0.000108618 1.539e-06 
4703 40 0.000108291 1.558e-06 
4704 40 0.00010845 1.4e-06 
4705 40 0.00010995 1.466e-06 
4706 40 0.000109554 1.632e-06 
4707 40 0.000174363 1.519e-06 
4708 40 0.000117683 1.371e-06 
4709 40 0.000109095 1.269e-06 
4710 40 0.000107372 1.165e-06 
4711 40 0.000107585 1.953e-06 
4712 40 0.000117957 1.408e-06 
4713 40 0.000108338 1.786e-06 
4714 40 0.000107993 1.42e-06 
4715 40 0.000108109 1.446e-06 
4716 40 0.000107957 1.546e-06 
4717 40 0.000108862 1.387e-06 
4718 40 0.000115673 1.444e-06 
4719 40 0.000107151 1.355e-06 
4720 40 0.000109042 1.322e-06 
4721 40 0.000107725 1.343e-06 
4722 40 0.000107976 1.364e-06 
4723 40 0.00010697 1.256e-06 
4724 40 0.000107619 1.158e-06 
4725 40 0.000107299 1.196e-06 
4726 40 0.00010781 1.31e-06 
4727 40 0.000106982 1.551e-06 
4728 40 0.000107335 1.405e-06 
4729 27 7.0411e-05 9.2e-07 
4730 58 0.000302174 1.0993e-05 
4731 53 0.000240795 5.479e-06 
4732 32 0.000138308 2.658e-06 
4733 29 0.000112086 2.064e-06 
4734 38 0.000169208 2.683e-06 
4735 39 0.000135933 2.483e-06 
4736 11 3.4405e-05 1.28e-06 
4737 22 8.907e-05 1.022e-06 
4738 23 6.5147e-05 7.96e-07 
4739 30 0.000132735 2.81e-06 
4740 33 0.000138194 2.956e-06 
4741 48 0.000228251 3.753e-06 
4742 35 0.000136488 1.362e-06 
4743 26 0.000136923 8.95e-07 
4744 27 8.4648e-05 7.21e-07 
4745 22 9.579e-05 1.02e-06 
4746 23 7.2397e-05 8.59e-07 
4747 28 0.000112444 1.685e-06 
4748 25 8.393e-05 6.31e-07 
4749 24 9.3012e-05 1.512e-06 
4750 25 7.4716e-05 8.06e-07 
4751 48 0.000240783 6.86e-06 
4752 49 0.00021534 3.934e-06 
4753 52 0.000240658 8.034e-06 
4754 31 0.000111602 6.398e-06 
4755 68 0.000389572 1.0127e-05 
4756 69 0.000316987 3.533e-06 
4757 39 0.000225947 5.125e-06 
4758 28 0.000159101 1.723e-06 
4759 29 0.000114483 9.3e-07 
4760 24 0.00012126 1.508e-06 
4761 19 7.1082e-05 5.41e-07 
4762 32 0.000207948 2.383e-06 
4763 33 0.00013411 1.215e-06 
4764 36 0.00021411 2.278e-06 
4765 33 0.000155556 9.8e-07 
4766 24 0.000121196 1.072e-06 
4767 24 8.3459e-05 7.07e-07 
4768 21 5.8108e-05 5.59e-07 
4769 34 0.000219013 2.872e-06 
4770 33 0.000173669 1.487e-06 
4771 13 4.8576e-05 2.39e-07 
4772 33 0.000184479 2.753e-06 
4773 29 0.000167242 2.58e-06 
4774 16 7.6636e-05 4.07e-07 
4775 17 5.2075e-05 4.85e-07 
4776 32 0.000205918 2.968e-06 
4777 33 0.000175122 2.407e-06 
4778 39 0.000222247 2.909e-06 
4779 42 0.000236002 3.059e-06 
4780 47 0.000234251 2.685e-06 
4781 32 0.000180478 1.795e-06 
4782 27 0.000149978 1.189e-06 
4783 41 0.000233183 3.731e-06 
4784 44 0.000269799 3.802e-06 
4785 33 0.000167311 9.67e-07 
4786 27 0.000145655 1.059e-06 
4787 55 0.000318472 6.554e-06 
4788 27 0.000148982 1.115e-06 
4789 54 0.000310485 5.956e-06 
4790 55 0.000241638 2.995e-06 
4791 34 0.000196639 3.279e-06 
4792 37 0.000189001 1.612e-06 
4793 21 0.000102286 7.7e-07 
4794 24 0.000126832 9.84e-07 
4795 25 7.7566e-05 8.9e-07 
4796 39 0.000222389 2.603e-06 
4797 30 0.000182617 1.615e-06 
4798 31 0.000121051 9.6e-07 
4799 25 0.000120589 1.298e-06 
4800 15 5.9922e-05 6.33e-07 
4801 34 0.000194138 2.497e-06 
4802 35 0.000140717 2.012e-06 
4803 36 0.000200477 2.327e-06 
4804 41 0.000227602 2.977e-06 
4805 44 0.000244502 3.58e-06 
4806 45 0.00018808 1.609e-06 
4807 86 0.000599889 1.6604e-05 
4808 87 0.000508708 7.105e-06 
4809 24 0.000137591 1.114e-06 
4810 27 0.000140711 1.255e-06 
4811 30 0.00015924 1.985e-06 
4812 31 0.000107923 1.033e-06 
4813 50 0.000290999 8.339e-06 
4814 47 0.000229467 1.911e-06 
4815 30 0.000173934 1.988e-06 
4816 33 0.000156625 1.232e-06 
4817 38 0.000230078 2.532e-06 
4818 39 0.000190661 3.248e-06 
4819 13 5.2632e-05 6e-07 
4820 13 4.4901e-05 3.53e-07 
4821 13 4.0473e-05 2.53e-07 
4822 34 0.000154628 4.719e-06 
4823 31 0.000135868 2.051e-06 
4824 40 0.000171912 3.966e-06 
4825 49 0.000200177 3.592e-06 
4826 34 0.000151444 4.373e-06 
4827 29 0.000108748 8.22e-07 
4828 24 0.000108076 9.55e-07 
4829 25 8.4557e-05 7.48e-07 
4830 20 7.2236e-05 7.24e-07 
4831 21 5.7497e-05 4.41e-07 
4832 21 7.9788e-05 7.8e-07 
4833 48 0.000233879 5.303e-06 
4834 49 0.000214053 3.159e-06 
4835 36 0.000137187 2.003e-06 
4836 51 0.000220459 6.993e-06 
4837 28 0.000120498 1.754e-06 
4838 33 0.000126915 8.11e-07 
4839 70 0.000289418 1.1608e-05 
4840 71 0.000262789 5.277e-06 
4841 11 3.6248e-05 1.169e-06 
4842 11 3.8392e-05 2.54e-07 
4843 11 3.7496e-05 2.04e-07 
4844 20 9.6924e-05 6.17e-07 
4845 25 0.000109386 7.42e-07 
4846 34 0.000189324 2.46e-06 
4847 35 0.000159851 1.124e-06 
4848 22 0.000111098 1.055e-06 
4849 23 8.2969e-05 3.76e-07 
4850 26 0.000142457 9.92e-07 
4851 35 0.000191866 3.215e-06 
4852 16 7.0836e-05 3.86e-07 
4853 17 5.0693e-05 2.79e-07 
4854 16 7.1485e-05 2.75e-07 
4855 17 4.9651e-05 4.72e-07 
4856 38 0.000226753 2.687e-06 
4857 35 0.000165171 1.553e-06 
4858 25 0.000137277 1.603e-06 
4859 55 0.000314876 5.139e-06 
4860 39 0.000223133 2.55e-06 
4861 30 0.000167524 1.6e-06 
4862 31 0.000121358 1.948e-06 
4863 39 0.000233274 4.224e-06 
4864 36 0.000198993 3.291e-06 
4865 39 0.000200341 3.148e-06 
4866 21 9.8166e-05 1.259e-06 
4867 26 0.000147317 1.76e-06 
4868 27 0.000111014 5.02e-07 
4869 48 0.000279507 4.479e-06 
4870 43 0.000210504 2.569e-06 
4871 60 0.000338473 7.846e-06 
4872 61 0.000274819 4.428e-06 
4873 32 0.000197741 1.873e-06 
4874 33 0.000120012 1.09e-06 
4875 11 3.476e-05 2.17e-07 
4876 29 0.000147569 2.373e-06 
4877 28 0.000149595 1.129e-06 
4878 23 0.000108468 9.04e-07 
4879 21 0.000101009 6.66e-07 
4880 33 0.000171534 2.16e-06 
4881 27 0.000145961 9.4e-07 
4882 39 0.000232983 2.625e-06 
4883 36 0.000215946 2.544e-06 
4884 39 0.000202062 1.91e-06 
4885 36 0.00021752 2.217e-06 
4886 37 0.000140929 1.243e-06 
4887 25 0.000127939 9.94e-07 
4888 42 0.00025378 3.919e-06 
4889 37 0.000197606 2.559e-06 
4890 42 0.000237738 4.345e-06 
4891 41 0.000168219 1.229e-06 
4892 88 0.00059857 1.5698e-05 
4893 89 0.000537707 7.615e-06 
4894 44 0.000293286 3.081e-06 
4895 37 0.000174685 1.928e-06 
4896 38 0.000206916 1.955e-06 
4897 39 0.000150899 1.352e-06 
4898 54 0.000331296 5.212e-06 
4899 59 0.000349448 4.187e-06 
4900 38 0.000220252 3.09e-06 
4901 31 0.000149778 9.99e-07 
4902 34 0.000203626 1.746e-06 
4903 35 0.000125554 1.133e-06 
4904 32 0.000186368 2.052e-06 
4905 35 0.000193805 1.367e-06 
4906 50 0.000294355 4.302e-06 
4907 41 0.000198237 1.649e-06 
4908 26 0.000131558 9.31e-07 
4909 27 9.3217e-05 9.73e-07 
4910 22 0.000117111 1.482e-06 
4911 21 8.9298e-05 3.41e-07 
4912 26 0.000131041 1.047e-06 
4913 29 0.000104882 8.04e-07 
4914 48 0.000327425 5.756e-06 
4915 49 0.000268881 2.0159e-05 
4916 52 0.00032525 3.965e-06 
4917 35 0.000179726 1.377e-06 
4918 55 0.000307331 6.346e-06 
4919 72 0.000393373 8.996e-06 
4920 73 0.000327157 4.176e-06 
4921 10 2.969e-05 3.23e-07 
4922 11 2.4731e-05 2.62e-07 
4923 26 0.000136464 2.382e-06 
4924 25 0.000115581 3.28e-07 
4925 33 0.000167226 2.277e-06 
4926 24 0.000117581 7.95e-07 
4927 25 8.1863e-05 6.67e-07 
4928 28 0.000151506 2.688e-06 
4929 23 8.8919e-05 5.42e-07 
4930 25 0.00034793 3.068e-06 
4931 36 0.000242329 3.185e-06 
4932 27 0.000130393 1.251e-06 
4933 40 0.000237423 3.622e-06 
4934 31 0.000147362 8.68e-07 
4935 32 0.00019824 1.881e-06 
4936 33 0.000142268 2.601e-06 
4937 18 8.8289e-05 6.22e-07 
4938 19 5.6642e-05 6.16e-07 
4939 18 9.5914e-05 7.23e-07 
4940 19 6.7308e-05 9.96e-07 
4941 24 0.00012756 6.8e-07 
4942 29 0.000136239 1.483e-06 
4943 39 0.000219639 2.711e-06 
4944 62 0.000375425 7.528e-06 
4945 63 0.000280218 3.362e-06 
4946 34 0.000205308 3.433e-06 
4947 33 0.000160389 1.607e-06 
4948 25 0.000144774 1.035e-06 
4949 34 0.0001959 2.046e-06 
4950 35 0.000155931 1.741e-06 
4951 44 0.00024512 2.762e-06 
4952 49 0.000237012 3.384e-06 
4953 39 0.000211001 2.897e-06 
4954 21 0.000100372 7.54e-07 
4955 55 0.000334791 6.263e-06 
4956 38 0.000222349 3.005e-06 
4957 39 0.000162713 1.756e-06 
4958 15 6.2403e-05 3.41e-07 
4959 24 0.000133467 6.64e-07 
4960 29 0.000119835 1.146e-06 
4961 41 0.000234085 3.909e-06 
4962 27 0.00014874 1.204e-06 
4963 40 0.000223954 2.658e-06 
4964 41 0.000173669 1.068e-06 
4965 90 0.000628958 1.8227e-05 
4966 91 0.00056784 7.278e-06 
4967 28 0.000161812 1.052e-06 
4968 25 0.00013757 1.128e-06 
4969 39 0.000217289 2.481e-06 
4970 32 0.000170353 1.242e-06 
4971 31 0.00011402 1.033e-06 
4972 52 0.000312026 1.3828e-05 
4973 50 0.000285653 3.964e-06 
4974 53 0.000241647 2.067e-06 
4975 32 0.000183777 3.226e-06 
4976 39 0.000211457 2.094e-06 
4977 40 0.000241941 3.293e-06 
4978 39 0.00019718 3.099e-06 
4979 34 0.000199635 1.741e-06 
4980 29 0.000152322 2.155e-06 
4981 21 0.000101408 1.14e-06 
4982 36 0.000220954 3.174e-06 
4983 35 0.000161525 8.51e-07 
4984 32 0.000211746 1.455e-06 
4985 33 0.000137984 1.64e-06 
4986 13 4.6731e-05 2.57e-07 
4987 13 4.6687e-05 2.8e-07 
4988 13 4.4873e-05 2.52e-07 
4989 34 0.000189744 2.393e-06 
4990 33 0.000173374 1.977e-06 
4991 40 0.000250769 5.422e-06 
4992 51 0.000260518 3.47e-06 
4993 30 0.000150404 1.372e-06 
4994 35 0.000175966 2.34e-06 
4995 26 0.00013932 1.606e-06 
4996 27 0.000107264 8.81e-07 
4997 14 5.8755e-05 2.05e-07 
4998 15 3.8628e-05 2.39e-07 
4999 50 0.000357042 6.545e-06 
5000 51 0.000307375 4.244e-06 
5001 36 0.000196416 9.51e-07 
5002 53 0.000306876 1.3665e-05 
5003 74 0.000408328 1.9506e-05 
5004 75 0.000405143 4.164e-06 
5005 10 3.3185e-05 1.66e-07 
5006 11 2.6399e-05 2.06e-07 
5007 27 0.000145326 7.3e-07 
5008 34 0.000245905 6.796e-06 
5009 43 0.000289691 3.019e-06 
5010 26 0.000140183 1.816e-06 
5011 27 0.00175022 7.09e-07 
5012 26 0.00014778 9.65e-07 
5013 27 9.4123e-05 8.37e-07 
5014 11 4e-05 2.88e-07 
5015 11 3.4911e-05 1.78e-07 
5016 11 3.5746e-05 2.46e-07 
5017 11 3.6853e-05 3.77e-07 
5018 27 0.00015943 1.352e-06 
5019 34 0.000199605 2.038e-06 
5020 35 0.000150372 1.018e-06 
5021 34 0.000202264 2.359e-06 
5022 35 0.000211167 1.694e-06 
5023 62 0.000385638 1.2111e-05 
5024 63 0.00034617 3.812e-06 
5025 20 9.7469e-05 7.8e-07 
5026 21 7.1773e-05 1.004e-06 
5027 18 9.393e-05 5.22e-07 
5028 19 5.9722e-05 5.09e-07 
5029 39 0.000220431 2.517e-06 
5030 30 0.000183599 1.691e-06 
5031 31 0.000114356 2.458e-06 
5032 55 0.000322968 5.211e-06 
5033 33 0.00017955 1.819e-06 
5034 25 0.000116115 1.133e-06 
5035 35 0.000208942 3.083e-06 
5036 40 0.000238918 2.774e-06 
5037 37 0.000189299 1.801e-06 
5038 30 0.000170802 2.728e-06 
5039 25 0.000110214 5.64e-07 
5040 30 0.00017118 1.8e-06 
5041 35 0.00018942 1.692e-06 
5042 21 0.000110877 8.13e-07 
5043 50 0.000381503 5.825e-06 
5044 45 0.000240043 4.56e-06 
5045 34 0.000210597 1.343e-06 
5046 35 0.000156561 1.915e-06 
5047 40 0.000232338 2.434e-06 
5048 41 0.000160699 2.266e-06 
5049 46 0.000264338 5.038e-06 
5050 47 0.000201481 2.173e-06 
5051 92 0.000639641 1.9135e-05 
5052 93 0.000573932 7.054e-06 
5053 38 0.000240367 5.1e-06 
5054 44 0.000249108 1.879e-06 
5055 39 0.000158354 1.754e-06 
5056 48 0.000263641 3.957e-06 
5057 49 0.000198516 2.623e-06 
5058 16 7.5524e-05 9.6e-07 
5059 17 6.4652e-05 4.37e-07 
5060 30 0.000162274 1.492e-06 
5061 35 0.000153386 1.574e-06 
5062 34 0.000197318 2.711e-06 
5063 31 0.000158872 1.12e-06 
5064 38 0.0002226 1.497e-06 
5065 39 0.000122433 2.536e-06 
5066 44 0.000277896 6.243e-06 
5067 33 0.000165958 6.57e-07 
5068 39 0.000215702 3.938e-06 
5069 34 0.00020295 2.232e-06 
5070 35 0.000190206 3.202e-06 
5071 52 0.000305766 6.001e-06 
5072 37 0.000190233 2.005e-06 
5073 32 0.000205258 1.581e-06 
5074 27 0.000106846 6.06e-07 
5075 24 0.000135955 1.894e-06 
5076 25 9.7567e-05 1.166e-06 
5077 30 0.000161573 1.769e-06 
5078 27 0.000109453 7.49e-07 
5079 48 0.000332953 4.812e-06 
5080 49 0.000258654 3.004e-06 
5081 54 0.000340472 6.615e-06 
5082 37 0.000189322 1.593e-06 
5083 39 0.00025521 7.897e-06 
5084 76 0.000445655 1.4649e-05 
5085 77 0.000403998 1.745e-05 
5086 12 5.6179e-05 1.229e-06 
5087 13 7.3511e-05 2.271e-06 
5088 38 0.000267192 1.2709e-05 
5089 41 0.00025833 8.416e-06 
5090 29 0.000168323 6.737e-06 
5091 25 0.000151305 7.847e-06 
5092 28 0.000139356 7.162e-06 
5093 27 0.000147597 3.974e-06 
5094 56 0.000318814 2.0236e-05 
5095 57 0.000277886 2.2478e-05 
5096 30 0.000156821 2.382e-06 
5097 29 0.000138258 2.218e-06 
5098 31 0.000172769 2.425e-06 
5099 36 0.000207902 5.508e-06 
5100 35 0.000175052 2.261e-06 
5101 55 0.000284112 9.869e-06 
5102 24 0.000111496 1.293e-06 
5103 31 0.000123064 2.115e-06 
5104 22 0.000100572 3.579e-06 
5105 23 0.000123971 1.476e-06 
5106 20 9.0724e-05 7.21e-07 
5107 21 7.2264e-05 1.217e-06 
5108 27 0.000125262 1.437e-06 
5109 34 0.000179448 2.967e-06 
5110 35 0.000137646 2.174e-06 
5111 25 0.000104322 2.159e-06 
5112 39 0.000168679 5.487e-06 
5113 34 0.000167651 6.828e-06 
5114 35 0.000162941 2.666e-06 
5115 21 8.432e-05 7.56e-07 
5116 21 7.8108e-05 1.159e-06 
5117 36 0.00018092 4.202e-06 
5118 37 0.000162169 2.946e-06 
5119 25 0.00011945 2.399e-06 
5120 40 0.000205722 7.601e-06 
5121 41 0.000182761 3.058e-06 
5122 42 0.000204516 4.044e-06 
5123 43 0.000157275 3.818e-06 
5124 44 0.000199413 4.895e-06 
5125 51 0.000227056 7.354e-06 
5126 42 0.000226787 1.0063e-05 
5127 43 0.000261162 2.708e-06 
5128 94 0.000717452 2.9691e-05 
5129 95 0.000546314 1.4118e-05 
5130 54 0.00025363 8.208e-06 
5131 54 0.000229159 3.756e-06 
5132 54 0.000167473 2.708e-06 
5133 50 0.000139477 2.914e-06 
5134 54 0.000135626 3.817e-06 
5135 50 0.000155512 3.068e-06 
5136 54 0.000149712 9.639e-06 
5137 54 0.000282188 3.027e-06 
5138 50 0.000158223 3.197e-06 
5139 54 0.000157952 2.603e-06 
5140 50 0.000156269 2.429e-06 
5141 54 0.000150952 2.228e-06 
5142 50 0.000132918 2.39e-06 
5143 54 0.000141751 2.385e-06 
5144 54 0.000137081 2.321e-06 
5145 50 0.000126301 2.326e-06 
5146 54 0.000127231 1.938e-06 
5147 50 0.000126452 1.635e-06 
5148 54 0.00012667 1.617e-06 
5149 50 0.000119833 1.939e-06 
5150 54 0.00012901 2.252e-06 
5151 54 0.000125709 2.205e-06 
5152 50 0.000131208 1.699e-06 
5153 54 0.000128925 2.13e-06 
5154 50 0.000123483 1.843e-06 
5155 54 0.000127094 1.867e-06 
5156 50 0.000118976 2.185e-06 
5157 54 0.000136908 2.267e-06 
5158 54 0.000125236 1.837e-06 
5159 50 0.00012016 2.253e-06 
5160 54 0.000125196 2.375e-06 
5161 50 0.000176371 1.927e-06 
5162 54 0.000125913 1.978e-06 
5163 50 0.000119994 2.108e-06 
5164 54 0.000127305 2.029e-06 
5165 54 0.000125788 1.93e-06 
5166 50 0.000129406 1.809e-06 
5167 54 0.000136382 1.777e-06 
5168 50 0.000120386 1.817e-06 
5169 54 0.000125123 1.802e-06 
5170 50 0.000118669 1.796e-06 
5171 54 0.000124786 2.143e-06 
5172 54 0.00012347 2.129e-06 
5173 50 0.000119677 1.895e-06 
5174 54 0.000139276 1.872e-06 
5175 50 0.000119831 1.929e-06 
5176 54 0.000140928 2.024e-06 
5177 54 0.000130634 1.787e-06 
5178 50 0.000130618 2.228e-06 
5179 54 0.000145547 1.982e-06 
5180 50 0.000126764 5.715e-06 
5181 54 0.000181666 2.564e-06 
5182 50 0.000148324 9.079e-06 
5183 54 0.000272319 1.3783e-05 
5184 54 0.000249141 4.331e-06 
5185 50 0.000192527 3.39e-06 
5186 54 0.000188289 3.176e-06 
5187 50 0.000147475 2.608e-06 
5188 54 0.000145426 2.584e-06 
5189 50 0.000134497 2.017e-06 
5190 54 0.000142218 2.653e-06 
5191 54 0.000134818 2.467e-06 
5192 50 0.000138995 2.478e-06 
5193 54 0.000129417 2.423e-06 
5194 50 0.000122902 1.928e-06 
5195 54 0.000127778 2.248e-06 
5196 50 0.000120068 2.534e-06 
5197 54 0.000149481 2.188e-06 
5198 54 0.000127611 1.998e-06 
5199 50 0.000123151 9.908e-06 
5200 54 0.000220343 6.221e-06 
5201 50 0.000198937 4.46e-06 
5202 54 0.000206165 8.55e-06 
5203 50 0.000218927 7.825e-06 
5204 54 0.00031324 8.676e-06 
5205 54 0.000263539 5.743e-06 
5206 50 0.000216089 5.945e-06 
5207 54 0.000220651 6.464e-06 
5208 50 0.000214634 7.828e-06 
5209 54 0.000240658 7.661e-06 
5210 50 0.000186866 3.259e-06 
5211 54 0.000181287 2.535e-06 
5212 54 0.000167304 2.849e-06 
5213 50 0.000140153 2.39e-06 
5214 54 0.00013832 2.224e-06 
5215 50 0.000143917 2.581e-06 
5216 54 0.000156834 2.833e-06 
5217 54 0.000144179 2.141e-06 
5218 50 0.00012365 2.216e-06 
5219 54 0.000128974 2.609e-06 
5220 50 0.000124962 2.534e-06 
5221 54 0.000128479 2.451e-06 
5222 50 0.000121904 1.887e-06 
5223 55 0.000131226 2.202e-06 
5224 55 0.000131125 5.268e-06 
5225 55 0.000188084 3.625e-06 
5226 55 0.000136812 2.669e-06 
5227 55 0.00015107 2.12e-06 
5228 55 0.000134449 2.325e-06 
5229 55 0.000129466 2.319e-06 
5230 11 3.3965e-05 1.611e-06 
5231 32 0.00018311 1.724e-06 
5232 41 0.000209559 3.135e-06 
5233 30 0.000182174 3.51e-06 
5234 31 0.00017019 8.88e-07 
5235 55 0.000306097 5.17e-06 
5236 18 8.4558e-05 9.4e-07 
5237 19 6.1371e-05 5.58e-07 
5238 42 0.000246986 3.66e-06 
5239 43 0.000196112 1.306e-06 
5240 32 0.000189009 2.91e-06 
5241 35 0.000174434 1.159e-06 
5242 38 0.000237663 2.955e-06 
5243 39 0.000198027 2.731e-06 
5244 15 6.2981e-05 4.41e-07 
5245 25 0.000144509 6.59e-07 
5246 36 0.000227014 5.368e-06 
5247 35 0.000261949 2.645e-06 
5248 42 0.000259125 2.068e-06 
5249 53 0.000263306 4.749e-06 
5250 36 0.000217974 2.582e-06 
5251 31 0.000148226 1.294e-06 
5252 28 0.000162879 2.165e-06 
5253 29 0.000172175 4.345e-06 
5254 22 0.000169243 4.834e-06 
5255 23 0.00010581 2.884e-06 
5256 52 0.000400028 8.788e-06 
5257 53 0.000327786 3.534e-06 
5258 32 0.000166777 1.942e-06 
5259 53 0.000329169 7.527e-06 
5260 32 0.000204145 7.604e-06 
5261 25 9.8264e-05 9.63e-07 
5262 55 0.000242139 7.515e-06 
5263 64 0.000279162 1.004e-05 
5264 59 0.000223239 3.097e-06 
5265 78 0.000363625 1.6576e-05 
5266 79 0.000290057 5.078e-06 
5267 12 3.8271e-05 2.29e-07 
5268 13 3.2275e-05 5.27e-07 
5269 39 0.000169402 1.0005e-05 
5270 13 4.1056e-05 5.34e-07 
5271 13 4.4783e-05 3.19e-07 
5272 13 4.0005e-05 2.85e-07 
5273 28 0.000114777 2.432e-06 
5274 29 9.8784e-05 1.235e-06 
5275 34 0.000180712 3.559e-06 
5276 35 0.000143803 1.807e-06 
5277 12 3.8704e-05 2.09e-07 
5278 13 3.3209e-05 3.8e-07 
5279 28 0.000137352 2.102e-06 
5280 37 0.000209337 3.988e-06 
5281 38 0.000196571 4.644e-06 
5282 37 0.000156814 1.778e-06 
5283 33 0.000144413 2.687e-06 
5284 11 3.6699e-05 6.83e-07 
5285 11 3.2682e-05 2.78e-07 
5286 11 3.2666e-05 2.77e-07 
5287 18 6.2545e-05 4.54e-07 
5288 19 4.9072e-05 8.53e-07 
5289 39 0.000178329 4.252e-06 
5290 24 0.000108499 1.465e-06 
5291 25 9.3069e-05 2.298e-06 
5292 19 8.1415e-05 6.64e-07 
5293 41 0.000194282 4.489e-06 
5294 55 0.00024605 8.666e-06 
5295 36 0.000165197 2.846e-06 
5296 25 0.000108093 1.577e-06 
5297 30 0.000138207 2.162e-06 
5298 31 0.000110196 1.022e-06 
5299 39 0.00018881 1.3413e-05 
5300 42 0.000251684 9.292e-06 
5301 37 0.000175271 2.544e-06 
5302 42 0.000211345 4.845e-06 
5303 43 0.000199539 2.665e-06 
5304 44 0.000215262 5.31e-06 
5305 45 0.000172327 2.158e-06 
5306 21 8.2851e-05 5.51e-07 
5307 26 0.000110143 2.582e-06 
5308 33 0.000148447 2.121e-06 
5309 55 0.000248629 6.757e-06 
5310 27 0.000118899 9.47e-07 
5311 42 0.000180067 4.018e-06 
5312 43 0.000154743 2.167e-06 
5313 96 0.000551371 2.4274e-05 
5314 97 0.000525042 1.0866e-05 
5315 36 0.000176048 1.233e-05 
5316 39 0.000383123 5.7627e-05 
5317 20 0.000108718 5.032e-06 
5318 21 0.00014986 3.387e-06 
5319 32 0.000150311 3.323e-06 
5320 33 0.000117128 1.225e-06 
5321 40 0.00019433 4.564e-06 
5322 32 0.000146065 1.947e-06 
5323 41 0.000172472 1.555e-06 
5324 40 0.000186934 3.641e-06 
5325 41 0.000159126 2.327e-06 
5326 27 0.000130898 1.62e-06 
5327 36 0.000189603 4.043e-06 
5328 37 0.000148374 2.239e-06 
5329 25 0.000111034 1.492e-06 
5330 52 0.000256614 6.841e-06 
5331 45 0.000200938 4.28e-06 
5332 64 0.000373926 1.4171e-05 
5333 65 0.000282725 5.289e-06 
5334 36 0.000195287 5.348e-06 
5335 37 0.000200411 3.021e-06 
5336 54 0.000274274 1.6072e-05 
5337 43 0.000189263 3.976e-06 
5338 28 0.000124528 2.183e-06 
5339 33 0.000126904 1.009e-06 
5340 22 9.6985e-05 1.936e-06 
5341 21 9.5405e-05 7.93e-07 
5342 28 0.000130694 1.877e-06 
5343 29 0.000107758 1.792e-06 
5344 50 0.000298318 8.822e-06 
5345 51 0.000244747 6.184e-06 
5346 53 0.000276465 9.142e-06 
5347 55 0.000258829 8.067e-06 
5348 80 0.0003938 1.6872e-05 
5349 81 0.000374553 5.54e-06 
5350 14 5.4241e-05 4.33e-07 
5351 15 4.3244e-05 4.77e-07 
5352 26 0.000119444 1.79e-06 
5353 37 0.000163225 2.427e-06 
5354 30 0.00015413 2.615e-06 
5355 29 0.000107857 8.93e-07 
5356 21 8.8649e-05 1.005e-06 
5357 39 0.000165962 4.541e-06 
5358 14 5.6281e-05 4.36e-07 
5359 15 4.2282e-05 3.62e-07 
5360 38 0.000223464 6.436e-06 
5361 23 9.489e-05 1.585e-06 
5362 20 0.000109142 3.804e-06 
5363 21 9.5685e-05 2.325e-06 
5364 40 0.000237922 1.3864e-05 
5365 37 0.000192692 2.685e-06 
5366 34 0.000173756 1.3629e-05 
5367 27 0.000206411 2.785e-06 
5368 25 0.000167979 2.534e-06 
5369 26 0.000130654 4.483e-06 
5370 27 0.000125137 1.421e-06 
5371 11 3.8417e-05 3.19e-07 
5372 55 0.000262514 1.0684e-05 
5373 34 0.000162776 3.177e-06 
5374 43 0.000203577 4.203e-06 
5375 55 0.00028602 8.675e-06 
5376 13 5.3986e-05 3.9e-07 
5377 36 0.000183833 4.061e-06 
5378 37 0.000151384 1.641e-06 
5379 44 0.000221834 5.037e-06 
5380 45 0.000189722 3.461e-06 
5381 46 0.000203576 4.716e-06 
5382 47 0.000182445 2.087e-06 
5383 36 0.000177767 4.445e-06 
5384 35 0.000184968 2.829e-06 
5385 29 0.000124745 4.053e-06 
5386 48 0.000211747 5.945e-06 
5387 49 0.000190683 2.493e-06 
5388 98 0.000561741 2.5364e-05 
5389 99 0.000535764 1.3555e-05 
5390 21 8.7973e-05 1.156e-06 
5391 36 0.000165373 3.013e-06 
5392 37 0.000294523 4.085e-06 
5393 32 0.00014525 2.881e-06 
5394 31 0.000147271 3.194e-06 
5395 39 0.000181171 5.541e-06 
5396 39 0.000187754 5.171e-06 
5397 60 0.000277005 1.0382e-05 
5398 65 0.00027543 5.632e-06 
5399 22 9.3444e-05 1.819e-06 
5400 23 0.000105184 5.2e-07 
5401 35 0.000157677 1.836e-06 
5402 40 0.000197167 3.772e-06 
5403 35 0.000148341 2.358e-06 
5404 36 0.000168455 5.406e-06 
5405 37 0.00019738 4.613e-06 
5406 38 0.000194037 8.882e-06 
5407 49 0.000216947 5.226e-06 
5408 32 0.000140647 2.179e-06 
5409 37 0.000186383 2.912e-06 
5410 30 0.000162756 2.554e-06 
5411 31 0.000131441 1.319e-06 
5412 20 8.1532e-05 5.06e-07 
5413 21 6.3576e-05 5.04e-07 
5414 54 0.000328421 8.303e-06 
5415 55 0.000286983 4.023e-06 
5416 38 0.000185253 4.951e-06 
5417 38 0.000174229 5.764e-06 
5418 18 8.0223e-05 2.061e-06 
5419 20 0.000115356 2.076e-06 
5420 18 6.3206e-05 6.3e-07 
5421 39 0.000177753 3.513e-06 
5422 42 0.000254805 1.135e-05 
5423 53 0.000283648 9.757e-06 
5424 15 6.3444e-05 1.874e-06 
5425 82 0.000376032 1.7636e-05 
5426 83 0.000338158 6.983e-06 
5427 14 5.5366e-05 2.71e-07 
5428 15 4.3038e-05 1.627e-06 
5429 53 0.00036217 1.2919e-05 
5430 33 0.000146509 4.636e-06 
5431 55 0.000252845 9.954e-06 
5432 26 0.000109658 2.115e-06 
5433 35 0.000175273 7.38e-06 
5434 29 0.000149444 7.647e-06 
5435 27 0.000134133 1.854e-06 
5436 30 0.000139768 1.816e-06 
5437 29 0.000106181 1.176e-06 
5438 16 6.1309e-05 4.17e-07 
5439 17 4.9772e-05 4.95e-07 
5440 36 0.000178141 4.297e-06 
5441 37 0.000187992 3.217e-06 
5442 13 4.4209e-05 2.118e-06 
5443 13 5.8516e-05 1.003e-06 
5444 13 5.4864e-05 1.27e-06 
5445 25 0.00012278 7.085e-06 
5446 42 0.000228125 7.546e-06 
5447 43 0.00020868 4.309e-06 
5448 34 0.000191482 6.306e-06 
5449 35 0.00018519 4.355e-06 
5450 55 0.000295836 1.2894e-05 
5451 39 0.000204946 7.875e-06 
5452 32 0.000195525 5.862e-06 
5453 33 0.00017868 4.132e-06 
5454 22 0.000157387 1.481e-06 
5455 23 7.7739e-05 6.28e-07 
5456 44 0.000232181 6.28e-06 
5457 33 0.000141295 2.583e-06 
5458 16 7.5224e-05 2.057e-06 
5459 17 7.1261e-05 1.726e-06 
5460 11 4.4523e-05 5.31e-07 
5461 11 3.2509e-05 1.415e-06 
5462 11 3.594e-05 2.74e-07 
5463 46 0.000234292 6.747e-06 
5464 47 0.000202656 3.161e-06 
5465 48 0.000217351 6.318e-06 
5466 49 0.000185036 3.085e-06 
5467 55 0.000244742 7.271e-06 
5468 56 0.000270569 1.0468e-05 
5469 57 0.000216699 2.789e-06 
5470 44 0.000213449 6.641e-06 
5471 43 0.000161444 1.612e-06 
5472 100 0.000556954 2.0552e-05 
5473 101 0.000487776 1.184e-05 
5474 42 0.000201706 1.0888e-05 
5475 43 0.000191526 4.352e-06 
5476 31 0.000189187 9.075e-06 
5477 21 0.000108403 3.453e-06 
5478 36 0.000185876 3.676e-06 
5479 27 0.000108207 4.227e-06 
5480 24 0.000119201 1.433e-06 
5481 25 9.3555e-05 8.22e-07 
5482 22 8.7886e-05 1.279e-06 
5483 22 7.6e-05 5.38e-07 
5484 22 6.7848e-05 9.88e-07 
5485 22 6.5343e-05 9.43e-07 
5486 22 6.1785e-05 3.72e-07 
5487 22 5.9786e-05 5.15e-07 
5488 22 5.7157e-05 4.17e-07 
5489 22 6.5482e-05 3.77e-07 
5490 22 6.4953e-05 4.27e-07 
5491 22 6.1879e-05 3.81e-07 
5492 22 6.3215e-05 8.58e-07 
5493 22 6.5284e-05 8.85e-07 
5494 22 6.6321e-05 4.71e-07 
5495 22 6.5159e-05 4.23e-07 
5496 22 7.154e-05 4.76e-07 
5497 22 6.3929e-05 3.232e-06 
5498 22 7.1805e-05 1.6e-06 
5499 22 7.3058e-05 6.94e-07 
5500 22 5.942e-05 4.47e-07 
5501 22 6.0713e-05 5.52e-07 
5502 22 6.1809e-05 4.57e-07 
5503 22 5.8303e-05 4.04e-07 
5504 22 5.8352e-05 4.62e-07 
5505 22 5.8407e-05 7.29e-07 
5506 22 5.8596e-05 4.98e-07 
5507 22 5.8636e-05 4.34e-07 
5508 22 6.1377e-05 6.82e-07 
5509 22 6.0519e-05 4.76e-07 
5510 22 5.9976e-05 4.75e-07 
5511 22 5.7737e-05 6.27e-07 
5512 22 5.7252e-05 5.65e-07 
5513 22 5.7928e-05 4.71e-07 
5514 22 5.7323e-05 3.38e-07 
5515 22 5.8591e-05 4.33e-07 
5516 22 5.852e-05 4.87e-07 
5517 22 5.9564e-05 4.62e-07 
5518 22 5.9103e-05 5.33e-07 
5519 22 5.9745e-05 5.77e-07 
5520 22 6.2717e-05 4.56e-07 
5521 22 5.8548e-05 5.77e-07 
5522 22 6.1043e-05 4.68e-07 
5523 22 6.0049e-05 5.44e-07 
5524 22 6.5403e-05 4.78e-07 
5525 22 5.8656e-05 6.37e-07 
5526 22 5.8677e-05 5.88e-07 
5527 22 5.7467e-05 7.21e-07 
5528 22 5.9392e-05 5.17e-07 
5529 22 5.8786e-05 8.12e-07 
5530 22 5.9833e-05 3.78e-07 
5531 22 5.7228e-05 4.81e-07 
5532 23 6.2687e-05 4.74e-07 
5533 23 6.4606e-05 6.65e-07 
5534 23 6.9018e-05 5.56e-07 
5535 22 5.7539e-05 5.06e-07 
5536 23 6.4014e-05 4.62e-07 
5537 23 6.2032e-05 4.95e-07 
5538 23 6.9044e-05 3.99e-07 
5539 36 0.000162047 4.502e-06 
5540 37 0.000130725 5.396e-06 
5541 40 0.000195234 4.635e-06 
5542 41 0.000149111 1.823e-06 
5543 21 8.2966e-05 6.91e-07 
5544 25 9.7594e-05 1.488e-06 
5545 38 0.000207449 1.05e-05 
5546 37 0.000178219 3.695e-06 
5547 40 0.000176176 3.257e-06 
5548 41 0.00013551 1.552e-06 
5549 50 0.000242006 6.32e-06 
5550 41 0.000176503 2.038e-06 
5551 28 0.000114386 1.408e-06 
5552 29 0.00010296 6.38e-07 
5553 26 0.000127185 2.313e-06 
5554 26 0.000108227 1.109e-06 
5555 41 0.000251566 4.933e-06 
5556 30 0.000137934 3.089e-06 
5557 29 0.000109773 1.421e-06 
5558 50 0.000267613 7.032e-06 
5559 51 0.000232086 3.767e-06 
5560 39 0.000160138 3.829e-06 
5561 38 0.000167791 3.222e-06 
5562 25 0.000104173 1.252e-06 
5563 84 0.000372578 1.625e-05 
5564 85 0.000324076 6.782e-06 
5565 16 6.8403e-05 4.38e-07 
5566 17 4.9666e-05 7.83e-07 
5567 38 0.000192086 2.9e-06 
5568 39 0.000156947 1.922e-06 
5569 41 0.000179582 3.564e-06 
5570 54 0.000258241 6.95e-06 
5571 43 0.000172082 2.652e-06 
5572 55 0.000240313 7.768e-06 
5573 30 0.000132065 2.035e-06 
5574 31 0.000116585 9.19e-07 
5575 53 0.000274594 8.148e-06 
5576 55 0.00023333 7.404e-06 
5577 38 0.000177478 4.856e-06 
5578 43 0.000204919 5.848e-06 
5579 39 0.000181722 1.1976e-05 
5580 18 0.000100322 2.612e-06 
5581 13 5.7886e-05 7.28e-07 
5582 36 0.000186151 4.156e-06 
5583 37 0.000161206 2.214e-06 
5584 11 3.5566e-05 9.76e-07 
5585 22 0.000102016 2.24e-06 
5586 23 9.4561e-05 9.98e-07 
5587 38 0.000174984 4.04e-06 
5588 39 0.000146487 4.998e-06 
5589 25 0.000114808 1.577e-06 
5590 24 9.2076e-05 8.22e-07 
5591 25 7.4584e-05 1.076e-06 
5592 28 0.000124067 2.635e-06 
5593 37 0.000183095 5.241e-06 
5594 28 0.000125537 1.863e-06 
5595 29 0.000101252 1.315e-06 
5596 48 0.00023142 6.213e-06 
5597 49 0.000218939 2.674e-06 
5598 50 0.000240544 7.413e-06 
5599 51 0.000189012 2.887e-06 
5600 39 0.00015952 4.248e-06 
5601 66 0.000295622 1.0338e-05 
5602 61 0.000243709 3.554e-06 
5603 27 0.000113676 1.204e-06 
5604 26 0.000110857 1.384e-06 
5605 39 0.000158042 3e-06 
5606 44 0.0001783 5.435e-06 
5607 45 0.000159234 1.815e-06 
5608 102 0.000546242 2.5184e-05 
5609 103 0.000673255 1.286e-05 
5610 38 0.000171506 4.755e-06 
5611 39 0.000146392 1.618e-06 
5612 27 0.000121039 1.583e-06 
5613 38 0.000211915 3.969e-06 
5614 39 0.000159934 3.462e-06 
5615 26 0.000116715 2.763e-06 
5616 27 0.000101731 5.18e-07 
5617 42 0.000216469 5.757e-06 
5618 43 0.000224367 2.846e-06 
5619 36 0.000165146 2.081e-06 
5620 39 0.000154716 2.759e-06 
5621 55 0.000250189 7.983e-06 
5622 38 0.000180768 4.168e-06 
5623 39 0.000191306 5.918e-06 
5624 30 0.000123075 1.142e-06 
5625 31 8.9383e-05 1.131e-06 
5626 44 0.000195383 4.652e-06 
5627 54 0.000285121 6.065e-06 
5628 27 8.9317e-05 8.47e-07 
5629 38 0.000182677 5.166e-06 
5630 33 0.000131509 1.523e-06 
5631 22 8.9616e-05 7.2e-07 
5632 21 5.9845e-05 5.06e-07 
5633 56 0.000306937 1.0327e-05 
5634 57 0.000298468 5.473e-06 
5635 21 8.1932e-05 8.5e-07 
5636 13 6.1697e-05 2.86e-07 
5637 42 0.00019383 5.466e-06 
5638 43 0.00016722 3.481e-06 
5639 33 0.000141911 2.895e-06 
5640 55 0.000244137 7.401e-06 
5641 23 0.00011187 1.04e-06 
5642 86 0.00037143 1.7934e-05 
5643 87 0.00036063 9.215e-06 
5644 16 6.5404e-05 5.54e-07 
5645 17 5.2747e-05 5.46e-06 
5646 44 0.000282866 6.032e-06 
5647 33 0.00015924 2.179e-06 
5648 39 0.000221194 4.674e-06 
5649 32 0.00016155 2.892e-06 
5650 31 0.000141344 4.544e-06 
5651 38 0.000206016 4.532e-06 
5652 29 0.000122609 7.8e-07 
5653 42 0.000194446 3.977e-06 
5654 55 0.00026641 7.215e-06 
5655 15 6.3321e-05 1.086e-06 
5656 32 0.000151053 3.253e-06 
5657 27 0.000155837 5.801e-06 
5658 14 6.2331e-05 6.05e-07 
5659 19 7.6884e-05 2.81e-06 
5660 24 0.000141504 6.989e-06 
5661 39 0.000293447 9.131e-06 
5662 53 0.000296531 1.0376e-05 
5663 55 0.000301337 1.035e-05 
5664 66 0.000317308 1.1601e-05 
5665 67 0.000285481 1.5522e-05 
5666 26 0.000104179 1.281e-06 
5667 27 8.2636e-05 4.897e-06 
5668 25 0.000135142 4.295e-06 
5669 29 0.000142018 2.8e-06 
5670 50 0.000286667 7.369e-06 
5671 51 0.000228651 4.207e-06 
5672 52 0.000231226 6.474e-06 
5673 53 0.000208106 2.817e-06 
5674 36 0.000214079 3.484e-06 
5675 37 0.000164252 1.859e-06 
5676 44 0.000211271 5.087e-06 
5677 39 0.000148876 1.721e-06 
5678 13 4.3433e-05 2.71e-07 
5679 13 4.4051e-05 1.571e-06 
5680 13 4.5361e-05 9.03e-07 
5681 18 7.1635e-05 3.78e-07 
5682 19 5.0034e-05 6.54e-07 
5683 50 0.000252647 6.523e-06 
5684 51 0.00020338 3.136e-06 
5685 104 0.00054706 2.867e-05 
5686 105 0.000561305 1.2588e-05 
5687 44 0.000208663 7.009e-06 
5688 45 0.000194306 2.255e-06 
5689 21 7.6943e-05 7.42e-07 
5690 25 0.000103197 3.587e-06 
5691 39 0.000166457 3.447e-06 
5692 26 0.000110609 3.189e-06 
5693 25 9.6165e-05 4.4e-07 
5694 28 0.000116865 1.574e-06 
5695 29 0.0001156 9.69e-07 
5696 44 0.000241112 6.703e-06 
5697 43 0.000206718 2.337e-06 
5698 40 0.000178307 3.63e-06 
5699 41 0.000169046 2.595e-06 
5700 39 0.000160136 6.938e-06 
5701 23 0.000100218 9.94e-07 
5702 55 0.000238002 7.507e-06 
5703 11 3.4226e-05 4.03e-07 
5704 11 3.3623e-05 3.63e-07 
5705 11 3.3586e-05 3.62e-07 
5706 40 0.000222207 5.247e-06 
5707 39 0.000190658 4.35e-06 
5708 44 0.000218185 6.346e-06 
5709 45 0.000177783 8.759e-06 
5710 28 0.000119266 1.457e-06 
5711 29 0.000103875 1.163e-06 
5712 30 0.000132126 2.859e-06 
5713 29 0.00011007 9.42e-07 
5714 50 0.000337593 7.939e-06 
5715 51 0.000242304 3.96e-06 
5716 28 0.000132543 1.612e-06 
5717 33 0.000138271 2.062e-06 
5718 28 0.000124686 2.634e-06 
5719 39 0.000199811 4.09e-06 
5720 34 0.000146392 2.093e-06 
5721 45 0.000208082 6.223e-06 
5722 55 0.000237379 8.592e-06 
5723 27 0.000123181 7.515e-06 
5724 88 0.000378124 1.7382e-05 
5725 89 0.000354804 9.041e-06 
5726 18 7.4859e-05 6.69e-07 
5727 19 6.2355e-05 6.67e-07 
5728 44 0.00020127 6.2e-06 
5729 45 0.000169877 2.739e-06 
5730 11 3.4202e-05 2.93e-07 
5731 32 0.000136714 2.816e-06 
5732 33 0.000132568 1.181e-06 
5733 33 0.000145168 3.053e-06 
5734 22 0.000106879 1.183e-06 
5735 17 5.7608e-05 7.48e-07 
5736 25 0.000100711 1.267e-06 
5737 40 0.000206178 4.067e-06 
5738 41 0.000167711 2.57e-06 
5739 62 0.000272743 9.694e-06 
5740 67 0.000277306 7.587e-06 
5741 20 8.8053e-05 5.74e-07 
5742 15 4.5147e-05 5.27e-07 
5743 40 0.00020532 5.753e-06 
5744 29 0.000117012 1.349e-06 
5745 56 0.000272137 7.826e-06 
5746 43 0.000189861 1.0105e-05 
5747 39 0.000174558 4.431e-06 
5748 52 0.000258832 9.124e-06 
5749 53 0.000228637 4.93e-06 
5750 54 0.000252501 7.414e-06 
5751 55 0.000209495 3.551e-06 
5752 27 0.000108266 1.58e-06 
5753 53 0.000256287 1.0017e-05 
5754 40 0.000197122 4.717e-06 
5755 33 0.000151518 2.506e-06 
5756 23 9.312e-05 1.324e-06 
5757 44 0.000187423 5.177e-06 
5758 45 0.000177233 3.488e-06 
5759 106 0.000599612 2.573e-05 
5760 106 0.000539085 1.2568e-05 
5761 21 6.3868e-05 3.72e-07 
5762 40 0.000177619 4.951e-06 
5763 41 0.000160097 1.447e-06 
5764 55 0.000226819 6.517e-06 
5765 40 0.000174173 4.251e-06 
5766 41 0.000246946 1.812e-06 
5767 20 8.5102e-05 6.9e-07 
5768 21 6.2134e-05 9.94e-07 
5769 40 0.000203065 4.607e-06 
5770 29 0.000115344 4.32e-06 
5771 55 0.000237095 4.262e-06 
5772 26 0.000111333 2.186e-06 
5773 27 0.000107002 7.84e-07 
5774 30 0.000131681 1.722e-06 
5775 31 0.000100547 1.04e-06 
5776 44 0.000232846 7.668e-06 
5777 43 0.000209089 2.416e-06 
5778 40 0.000196668 6.068e-06 
5779 41 0.000181059 2.43e-06 
5780 46 0.000218465 5.08e-06 
5781 33 0.000133438 1.887e-06 
5782 38 0.000173545 4.438e-06 
5783 41 0.000197485 3.743e-06 
5784 32 0.000133293 1.415e-06 
5785 33 0.000111556 9.7e-07 
5786 34 0.000135987 1.537e-06 
5787 39 0.000165084 2.439e-06 
5788 16 8.4066e-05 5.66e-07 
5789 17 4.733e-05 3.02e-07 
5790 58 0.000300897 9.486e-06 
5791 59 0.000274856 5.879e-06 
5792 33 0.000139597 1.658e-06 
5793 41 0.00017756 4.029e-06 
5794 39 0.000189603 6.157e-06 
5795 39 0.000167333 4.77e-06 
5796 35 0.000164687 3.25e-06 
5797 90 0.000372643 1.5959e-05 
5798 91 0.000348226 8.032e-06 
5799 18 7.4668e-05 4.22e-07 
5800 19 5.9205e-05 6.86e-07 
5801 25 9.3141e-05 1.056e-06 
5802 34 0.000164363 2.768e-06 
5803 35 0.000153815 2.215e-06 
5804 46 0.000203951 4.529e-06 
5805 47 0.000173776 1.984e-06 
5806 34 0.00015141 2.632e-06 
5807 31 0.000115738 1.159e-06 
5808 58 0.000271571 7.035e-06 
5809 59 0.000261035 5.103e-06 
5810 55 0.000232196 1.2904e-05 
5811 18 7.7007e-05 4.72e-07 
5812 23 9.0162e-05 1.201e-06 
5813 39 0.000168706 3.897e-06 
5814 23 9.049e-05 1.128e-06 
5815 16 7.4533e-05 2.82e-07 
5816 21 7.696e-05 8.32e-07 
5817 38 0.000170109 2.925e-06 
5818 37 0.000175017 2.668e-06 
5819 24 9.2278e-05 1.002e-06 
5820 41 0.000185144 5.059e-06 
5821 22 9.108e-05 8.95e-07 
5822 23 6.5805e-05 5.02e-07 
5823 54 0.000266247 7.159e-06 
5824 55 0.000222776 3.121e-06 
5825 56 0.000254865 6.334e-06 
5826 57 0.000208571 3.075e-06 
5827 21 8.1873e-05 4.34e-07 
5828 42 0.000183971 3.866e-06 
5829 57 0.000238567 4.854e-06 
5830 21 8.8583e-05 6.59e-07 
5831 55 0.000240015 7.205e-06 
5832 27 0.000113445 1.143e-06 
5833 46 0.000194375 5.689e-06 
5834 45 0.000175962 1.712e-06 
5835 46 0.000223186 6.801e-06 
5836 47 0.000210142 1.784e-06 
5837 15 5.2546e-05 6.42e-07 
5838 39 0.000164174 3.777e-06 
5839 34 0.000143766 2.845e-06 
5840 45 0.000200009 6.213e-06 
5841 30 0.000146096 2.534e-06 
5842 31 0.000126559 1.406e-06 
5843 36 0.000167544 3.249e-06 
5844 37 0.000141545 1.788e-06 
5845 53 0.000250406 7.925e-06 
5846 28 0.000127563 1.915e-06 
5847 25 9.8106e-05 7.17e-07 
5848 32 0.00013761 1.724e-06 
5849 33 0.000107157 9.67e-07 
5850 44 0.000233377 6.073e-06 
5851 45 0.000222612 2.243e-06 
5852 42 0.000185168 4.68e-06 
5853 43 0.000149966 2.519e-06 
5854 40 0.000174327 3.938e-06 
5855 45 0.000166952 4.73e-06 
5856 27 0.000117577 1.785e-06 
5857 36 0.000176289 2.887e-06 
5858 37 0.000143958 1.913e-06 
5859 34 0.000147755 2.204e-06 
5860 31 0.000138606 2.501e-06 
5861 55 0.000235417 6.131e-06 
5862 42 0.000209875 4.133e-06 
5863 39 0.000172206 2.678e-06 
5864 42 0.000179318 3.054e-06 
5865 43 0.000140529 2.309e-06 
5866 34 0.000135052 1.579e-06 
5867 29 9.836e-05 8e-07 
5868 30 0.000121363 1.579e-06 
5869 31 0.000111341 1.557e-06 
5870 50 0.000249774 6.294e-06 
5871 51 0.000229443 3.867e-06 
5872 13 3.9664e-05 3.26e-07 
5873 13 4.2517e-05 2.71e-07 
5874 13 4.0202e-05 3.06e-07 
5875 92 0.000378391 1.7627e-05 
5876 91 0.00033326 6.812e-06 
5877 20 8.4028e-05 8.66e-07 
5878 21 7.359e-05 8.01e-07 
5879 11 3.1682e-05 7.46e-07 
5880 40 0.000212278 2.272e-06 
5881 25 8.195e-05 9.72e-07 
5882 68 0.000293608 8.993e-06 
5883 63 0.000230222 3.112e-06 
5884 22 8.6809e-05 9.66e-07 
5885 23 7.5546e-05 8.33e-07 
5886 32 0.000127663 3.083e-06 
5887 35 0.00014309 1.117e-06 
5888 39 0.000151242 3.046e-06 
5889 48 0.000222019 5.286e-06 
5890 47 0.000172933 2.218e-06 
5891 11 3.2882e-05 2.73e-07 
5892 11 2.9679e-05 3.07e-07 
5893 11 3.0504e-05 2.48e-07 
5894 22 8.7097e-05 9.3e-07 
5895 17 5.547e-05 4.28e-07 
5896 36 0.000170299 4.517e-06 
5897 39 0.000163291 2.848e-06 
5898 24 9.281e-05 1.351e-06 
5899 25 7.4609e-05 1.093e-06 
5900 56 0.000258991 7.805e-06 
5901 57 0.000228564 2.606e-06 
5902 58 0.00024933 8.145e-06 
5903 59 0.00023273 4.088e-06 
5904 24 0.000105737 6.91e-07 
5905 19 6.8878e-05 1.215e-06 
5906 25 0.000107488 1.585e-06 
5907 55 0.000233905 6.398e-06 
5908 29 0.0001095 1.987e-06 
5909 30 0.000131626 2.664e-06 
5910 35 0.000141348 1.564e-06 
5911 55 0.000219628 6.003e-06 
5912 46 0.00021713 4.217e-06 
5913 38 0.000153454 2.48e-06 
5914 45 0.000197883 3.437e-06 
5915 52 0.000217509 7.253e-06 
5916 53 0.000198425 2.622e-06 
5917 42 0.000179625 4.443e-06 
5918 43 0.00016417 1.717e-06 
5919 42 0.00020272 4.403e-06 
5920 35 0.000139911 3.044e-06 
5921 50 0.000219946 5.621e-06 
5922 43 0.000178069 2.707e-06 
5923 26 0.000110763 3.127e-06 
5924 27 0.000104597 4.92e-07 
5925 34 0.000135774 2.097e-06 
5926 35 0.000105181 1.09e-06 
5927 46 0.000246552 8.138e-06 
5928 45 0.000261998 3.344e-06 
5929 38 0.000161429 2.925e-06 
5930 39 0.000143173 3.541e-06 
5931 25 8.8464e-05 1.343e-06 
5932 22 9.739e-05 1.294e-06 
5933 23 7.5478e-05 7.39e-07 
5934 38 0.000174325 2.928e-06 
5935 37 0.000148993 3.068e-06 
5936 24 8.7398e-05 5.89e-07 
5937 25 6.5661e-05 1.893e-06 
5938 23 8.7247e-05 1.803e-06 
5939 30 0.000123025 2.574e-06 
5940 41 0.000188041 5.781e-06 
5941 42 0.000210481 4.044e-06 
5942 43 0.000149488 1.95e-06 
5943 40 0.000188884 2.911e-06 
5944 43 0.000200062 3.704e-06 
5945 34 0.000130113 2.321e-06 
5946 35 9.8367e-05 1.371e-06 
5947 40 0.000186821 3.037e-06 
5948 35 0.000125523 1.242e-06 
5949 22 8.0569e-05 7.48e-07 
5950 23 6.3999e-05 8.63e-07 
5951 60 0.000315472 1.0375e-05 
5952 61 0.000306227 6.445e-06 
5953 53 0.00023915 6.261e-06 
5954 39 0.000163182 3.441e-06 
5955 39 0.000148678 4.862e-06 
5956 33 0.000128674 1.973e-06 
5957 68 0.000287108 1.0199e-05 
5958 69 0.000264315 4.8e-06 
5959 92 0.000379787 1.8078e-05 
5960 91 0.000366202 7.886e-06 
5961 20 8.4595e-05 4.83e-07 
5962 21 6.5879e-05 8.19e-07 
5963 36 0.000167092 2.733e-06 
5964 29 0.000122712 2.731e-06 
5965 27 0.000110448 8.08e-07 
5966 55 0.000222381 5.085e-06 
5967 36 0.000144491 2.155e-06 
5968 33 0.000113275 9.64e-07 
5969 46 0.000217388 6.154e-06 
5970 47 0.000201922 3.982e-06 
5971 36 0.000174433 3.046e-06 
5972 37 0.00014215 1.0145e-05 
5973 55 0.000232289 3.431e-06 
5974 26 9.9203e-05 1.268e-06 
5975 27 8.3551e-05 6.12e-07 
5976 58 0.000293287 6.729e-06 
5977 59 0.000252061 4.427e-06 
5978 60 0.000253135 8.314e-06 
5979 61 0.00022178 4.12e-06 
5980 25 0.000110627 1.041e-06 
5981 21 7.606e-05 5.7e-07 
5982 18 6.6411e-05 5.69e-07 
5983 23 8.557e-05 8.13e-07 
5984 30 0.000128224 2.124e-06 
5985 41 0.000196213 3.496e-06 
5986 48 0.000218574 5.67e-06 
5987 49 0.000190611 3.807e-06 
5988 20 8.503e-05 4.88e-07 
5989 25 0.000101691 1.455e-06 
5990 40 0.000204629 4.241e-06 
5991 30 0.000117055 1.478e-06 
5992 41 0.00016933 2.938e-06 
5993 46 0.000201471 6.775e-06 
5994 45 0.000170583 1.831e-06 
5995 48 0.000228632 7.71e-06 
5996 49 0.000222262 3.588e-06 
5997 23 8.5484e-05 6.71e-07 
5998 39 0.000153837 5.178e-06 
5999 44 0.000221818 4.024e-06 
6000 51 0.000227059 8.736e-06 
6001 28 0.00012863 2.246e-06 
6002 29 0.000116876 6.19e-07 
6003 36 0.000152864 2.698e-06 
6004 37 0.000120669 1.767e-06 
6005 46 0.000253428 9.45e-06 
6006 43 0.000206278 3.603e-06 
6007 42 0.000194756 3.487e-06 
6008 41 0.000174332 4.612e-06 
6009 29 0.000135409 2.619e-06 
6010 32 0.000145693 3.009e-06 
6011 33 0.000127581 1.514e-06 
6012 38 0.000179235 4.596e-06 
6013 37 0.000153053 2.774e-06 
6014 55 0.000236241 6.585e-06 
6015 25 0.000103708 1.634e-06 
6016 64 0.000268553 9.822e-06 
6017 69 0.000265205 8.241e-06 
6018 44 0.000241227 5.9e-06 
6019 41 0.000205979 4.355e-06 
6020 44 0.00022858 6.646e-06 
6021 44 0.000166783 3.173e-06 
6022 44 0.000138534 2.404e-06 
6023 44 0.00012922 2.206e-06 
6024 44 0.000116059 2.281e-06 
6025 44 0.000124073 3.641e-06 
6026 44 0.000101904 2.155e-06 
6027 44 0.000102717 1.536e-06 
6028 44 9.9628e-05 2.168e-06 
6029 44 9.9954e-05 1.827e-06 
6030 44 9.977e-05 1.836e-06 
6031 44 9.9342e-05 1.523e-06 
6032 44 9.8842e-05 1.258e-06 
6033 44 9.9462e-05 1.58e-06 
6034 44 9.8385e-05 1.462e-06 
6035 44 0.000108853 1.38e-06 
6036 44 9.7811e-05 1.441e-06 
6037 44 0.000101469 1.925e-06 
6038 44 9.8737e-05 1.457e-06 
6039 44 9.8619e-05 1.329e-06 
6040 44 0.000110184 1.439e-06 
6041 44 9.8051e-05 1.326e-06 
6042 44 9.8587e-05 1.507e-06 
6043 44 9.7863e-05 1.225e-06 
6044 44 9.9016e-05 1.318e-06 
6045 44 9.7344e-05 1.613e-06 
6046 44 0.000108415 1.595e-06 
6047 44 0.000103381 1.462e-06 
6048 44 9.8401e-05 1.248e-06 
6049 44 9.8499e-05 1.377e-06 
6050 44 9.915e-05 1.559e-06 
6051 44 9.9046e-05 1.251e-06 
6052 44 0.000100166 1.413e-06 
6053 44 0.000112455 1.339e-06 
6054 44 9.9525e-05 1.245e-06 
6055 44 9.9725e-05 1.282e-06 
6056 44 9.895e-05 1.447e-06 
6057 44 0.000111371 1.508e-06 
6058 44 0.000100327 1.698e-06 
6059 44 0.000105821 1.162e-06 
6060 44 0.000100641 1.212e-06 
6061 44 0.000102332 1.169e-06 
6062 44 9.8442e-05 1.233e-06 
6063 44 9.9272e-05 1.219e-06 
6064 44 9.8588e-05 1.49e-06 
6065 44 0.00010582 1.419e-06 
6066 44 9.83e-05 1.404e-06 
6067 44 9.801e-05 1.209e-06 
6068 44 9.8425e-05 1.394e-06 
6069 44 9.7548e-05 1.518e-06 
6070 44 9.9691e-05 1.286e-06 
6071 45 0.000111513 1.374e-06 
6072 45 0.000110289 3.707e-06 
6073 45 0.000118209 1.192e-06 
6074 45 0.000160823 1.227e-06 
6075 45 0.000124196 1.423e-06 
6076 45 0.000121084 1.402e-06 
6077 45 0.000135572 1.561e-06 
6078 45 0.0001133 1.736e-06 
6079 30 0.000132335 1.034e-06 
6080 35 0.000126781 1.982e-06 
6081 32 0.000134932 7.993e-06 
6082 31 0.000162555 1.115e-06 
6083 52 0.000469724 7.974e-06 
6084 13 4.2783e-05 2.13e-07 
6085 26 9.851e-05 1.64e-06 
6086 27 8.1573e-05 2.367e-06 
6087 41 0.000181787 3.704e-06 
6088 46 0.00021822 5.979e-06 
6089 41 0.000166654 2.521e-06 
6090 36 0.000188124 2.646e-06 
6091 43 0.000214559 3.348e-06 
6092 45 0.000210595 5.716e-06 
6093 11 3.9713e-05 5.73e-07 
6094 15 6.5497e-05 4.62e-07 
6095 92 0.000484746 2.4841e-05 
6096 93 0.000466694 1.1978e-05 
6097 22 0.000133333 2.196e-06 
6098 23 0.000125202 1.645e-06 
6099 42 0.000328051 7.07e-06 
6100 43 0.000260949 3.075e-06 
6101 48 0.000334656 9.882e-06 
6102 45 0.000406715 4.814e-06 
6103 53 0.000396585 1.1416e-05 
6104 55 0.000368569 1.18e-05 
6105 34 0.000227919 4.775e-06 
6106 37 0.000289801 4.999e-06 
6107 39 0.000325555 8.393e-06 
6108 28 0.000206098 2.981e-06 
6109 29 0.000180052 1.518e-06 
6110 60 0.000518979 1.5579e-05 
6111 61 0.000437465 6.747e-06 
6112 62 0.000393664 1.0714e-05 
6113 63 0.000352936 7.73e-06 
6114 23 0.000132573 2.259e-06 
6115 25 0.0001591 1.659e-06 
6116 24 0.000161835 1.752e-06 
6117 19 0.000104263 2.881e-06 
6118 42 0.0003319 8.27e-06 
6119 25 0.000132169 1.141e-06 
6120 55 0.000290154 7.419e-06 
6121 13 5.2922e-05 4.59e-07 
6122 13 5.3255e-05 3.49e-07 
6123 14 6.2815e-05 4.47e-07 
6124 14 5.0319e-05 3.26e-07 
6125 14 4.7131e-05 2.81e-07 
6126 14 4.9983e-05 3.59e-07 
6127 14 4.8162e-05 3.78e-07 
6128 14 4.5189e-05 2.72e-07 
6129 14 4.3103e-05 2.82e-07 
6130 14 4.3344e-05 2.88e-07 
6131 14 9.2438e-05 3.47e-07 
6132 14 5.9787e-05 1.56e-07 
6133 14 3.8899e-05 1.81e-07 
6134 14 4.1684e-05 2.13e-07 
6135 14 3.855e-05 2.24e-07 
6136 14 3.7679e-05 2.82e-07 
6137 14 3.7047e-05 2.23e-07 
6138 14 3.6353e-05 3.58e-07 
6139 14 3.6969e-05 2.45e-07 
6140 14 3.5227e-05 2.88e-07 
6141 14 4.1192e-05 2.88e-07 
6142 14 4.0641e-05 2.25e-07 
6143 14 3.4238e-05 1.345e-06 
6144 14 4.0991e-05 2.77e-07 
6145 14 3.3492e-05 1.98e-07 
6146 14 3.4109e-05 1.41e-07 
6147 14 3.4807e-05 2.38e-07 
6148 14 3.5775e-05 1.63e-07 
6149 14 3.6356e-05 2.93e-07 
6150 14 4.8674e-05 2.87e-07 
6151 14 3.8824e-05 3.77e-07 
6152 14 3.9894e-05 2.97e-07 
6153 14 4.0936e-05 2.64e-07 
6154 14 4.0028e-05 4.46e-07 
6155 14 4.4159e-05 4.12e-07 
6156 14 8.9132e-05 2.5e-07 
6157 14 4.5234e-05 3.85e-07 
6158 14 4.7404e-05 4.52e-07 
6159 14 4.8072e-05 4.11e-07 
6160 14 5.018e-05 4.48e-07 
6161 14 5.1977e-05 2.98e-07 
6162 14 5.2046e-05 4.25e-07 
6163 14 5.6638e-05 2.077e-06 
6164 14 6.6057e-05 3.85e-07 
6165 14 4.3745e-05 6.24e-07 
6166 14 6.7176e-05 5.85e-07 
6167 14 4.0931e-05 3.27e-07 
6168 14 4.8004e-05 2.49e-07 
6169 14 4.5391e-05 4.07e-07 
6170 14 5.7532e-05 4.37e-07 
6171 14 3.4651e-05 2.97e-07 
6172 14 3.5736e-05 1.65e-07 
6173 14 3.5741e-05 3.96e-07 
6174 15 4.0515e-05 2.77e-07 
6175 15 4.173e-05 2.83e-07 
6176 15 4.3355e-05 2.36e-07 
6177 15 4.3173e-05 4.64e-07 
6178 15 4.3738e-05 7.44e-07 
6179 15 0.000156559 4.85e-07 
6180 15 5.3559e-05 2.9e-07 
6181 15 6.8459e-05 6.57e-07 
6182 15 7.3326e-05 6.47e-07 
6183 46 0.000276027 8.877e-06 
6184 47 0.000295578 3.606e-06 
6185 44 0.000300888 7.921e-06 
6186 45 0.000274502 3.294e-06 
6187 26 0.00016565 2.747e-06 
6188 27 0.000158988 2.296e-06 
6189 50 0.000360904 1.1042e-05 
6190 49 0.000323488 6.738e-06 
6191 39 0.000315097 1.3701e-05 
6192 26 0.000268186 3.817e-06 
6193 21 0.000172763 1.147e-06 
6194 28 0.000259067 3.807e-06 
6195 27 0.000195712 1.39e-06 
6196 38 0.000310394 4.08e-06 
6197 39 0.000229272 2.18e-06 
6198 44 0.00042566 1.0485e-05 
6199 47 0.000341113 5.248e-06 
6200 40 0.000233815 4.96e-06 
6201 41 0.000193732 3.741e-06 
6202 27 0.000139704 1.556e-06 
6203 38 0.000245186 4.172e-06 
6204 39 0.000196432 3.418e-06 
6205 58 0.000303135 1.0432e-05 
6206 59 0.000287956 4.794e-06 
6207 42 0.000234709 5.999e-06 
6208 41 0.000208098 5.448e-06 
6209 58 0.000514964 3.3206e-05 
6210 45 0.000790655 5.998e-06 
6211 45 0.00036956 6.302e-06 
6212 24 0.000128424 1.276e-06 
6213 24 8.7009e-05 7.38e-07 
6214 24 0.000100601 4.91e-07 
6215 15 3.3942e-05 2.46e-07 
6216 38 0.000232842 1.057e-05 
6217 37 0.000176051 2.019e-06 
6218 38 0.000360476 5.65e-06 
6219 45 0.000272944 6.077e-06 
6220 30 0.000160156 6.8e-07 
6221 41 0.000200807 1.71e-06 
6222 22 0.000110408 1.479e-06 
6223 23 8.3586e-05 4.42e-07 
6224 14 5.7131e-05 1.693e-06 
6225 53 0.000313984 7.421e-06 
6226 11 3.4201e-05 4e-07 
6227 11 3.1219e-05 2.95e-07 
6228 11 3.1014e-05 2.13e-07 
6229 46 0.000237093 5.654e-06 
6230 48 0.0002237 4.166e-06 
6231 47 0.000197746 2.899e-06 
6232 39 0.000186127 3.684e-06 
6233 27 0.00012624 1.832e-06 
6234 28 0.000130066 5.748e-06 
6235 29 0.000173877 1.714e-06 
6236 94 0.000593405 1.7304e-05 
6237 93 0.000520003 8.676e-06 
6238 22 0.0001355 8.21e-07 
6239 23 8.6916e-05 1.481e-06 
6240 55 0.000327188 7.162e-06 
6241 44 0.000272629 5.037e-06 
6242 43 0.000201792 1.519e-06 
6243 33 0.000175316 2.037e-06 
6244 28 0.000161364 2.071e-06 
6245 29 0.000119557 1.622e-06 
6246 55 0.000311981 5.506e-06 
6247 23 0.000110665 1.418e-06 
6248 15 6.9294e-05 6.25e-07 
6249 15 5.719e-05 2.207e-06 
6250 38 0.00036015 3.374e-06 
6251 33 0.000152781 1.138e-06 
6252 30 0.000181732 1.777e-06 
6253 31 0.00010638 1.379e-06 
6254 62 0.000405941 8.038e-06 
6255 63 0.000429386 9.308e-06 
6256 64 0.000383388 7.327e-06 
6257 65 0.000324897 4.031e-06 
6258 21 0.000110623 8.1e-07 
6259 54 0.000309881 1.2163e-05 
6260 55 0.000294414 2.405e-06 
6261 50 0.000412659 8.209e-06 
6262 51 0.000296716 3.278e-06 
6263 16 6.7589e-05 4.35e-07 
6264 17 4.5715e-05 2.61e-07 
6265 20 0.00010717 5.16e-07 
6266 25 0.000122205 1.072e-06 
6267 40 0.000255471 4.391e-06 
6268 37 0.000244781 3.36e-06 
6269 53 0.000346363 7.407e-06 
6270 42 0.000266275 3.353e-06 
6271 37 0.000167252 2.215e-06 
6272 42 0.000279019 4.779e-06 
6273 43 0.000232121 1.95e-06 
6274 29 0.000149952 1.896e-06 
6275 48 0.000304161 7.613e-06 
6276 45 0.000256891 7.016e-06 
6277 45 0.000260786 3.156e-06 
6278 70 0.000391323 1.3596e-05 
6279 65 0.000256136 4.899e-06 
6280 39 0.000174262 4.323e-06 
6281 28 0.000122187 3.148e-06 
6282 29 0.000117791 1.423e-06 
6283 40 0.00018883 3.099e-06 
6284 41 0.000145829 2.769e-06 
6285 46 0.000271832 1.3559e-05 
6286 47 0.000363341 3.267e-06 
6287 42 0.000291934 3.592e-06 
6288 41 0.000240218 3.336e-06 
6289 50 0.000309191 6.227e-06 
6290 51 0.000260728 2.368e-06 
6291 22 0.000126943 6.96e-07 
6292 27 0.000139397 2.387e-06 
6293 55 0.000315615 2.07e-06 
6294 30 0.000181095 2.375e-06 
6295 31 0.000147274 1.311e-06 
6296 46 0.00032798 6.129e-06 
6297 39 0.000256053 2.452e-06 
6298 30 0.000173087 8.96e-07 
6299 29 0.00012177 5.06e-07 
6300 32 0.000210866 2.622e-06 
6301 32 0.00015204 1.339e-06 
6302 27 9.8003e-05 7.07e-07 
6303 62 0.000447287 9.981e-06 
6304 15 6.3844e-05 3.74e-07 
6305 38 0.000223084 3.787e-06 
6306 37 0.000161402 1.186e-06 
6307 46 0.000268188 2.963e-06 
6308 59 0.000317625 4.356e-06 
6309 23 0.000117069 1.22e-06 
6310 94 0.000564421 1.5815e-05 
6311 93 0.000505932 9.445e-06 
6312 24 0.00015466 1.208e-06 
6313 25 0.000112186 1.202e-06 
6314 11 4.3626e-05 4.08e-07 
6315 55 0.000390921 6.375e-06 
6316 30 0.000192846 1.73e-06 
6317 31 0.000139561 1.333e-06 
6318 25 0.000162724 1.461e-06 
6319 44 0.000338384 5.309e-06 
6320 43 0.000262843 7.033e-06 
6321 42 0.000279766 4.149e-06 
6322 41 0.000213401 2.039e-06 
6323 38 0.000260616 2.903e-06 
6324 39 0.000207003 2.023e-06 
6325 32 0.000176235 1.873e-06 
6326 33 0.000121461 1.079e-06 
6327 64 0.000417522 8.013e-06 
6328 65 0.000359654 3.474e-06 
6329 66 0.000426512 1.0766e-05 
6330 67 0.000357816 3.883e-06 
6331 34 0.000186464 2.098e-06 
6332 39 0.000185137 2.81e-06 
6333 39 0.000227574 3.685e-06 
6334 39 0.000220827 5.138e-06 
6335 27 0.000140189 7.29e-07 
6336 30 0.00018017 2.633e-06 
6337 31 0.000121677 1.585e-06 
6338 46 0.000196092 4.787e-06 
6339 47 0.000176381 3.48e-06 
6340 46 0.000202459 6.787e-06 
6341 47 0.000185957 2.255e-06 
6342 55 0.000227789 8.442e-06 
6343 45 0.000187527 4.897e-06 
6344 46 0.000218278 7.646e-06 
6345 47 0.000208593 2.462e-06 
6346 18 7.1614e-05 2.411e-06 
6347 19 8.4078e-05 3.29e-07 
6348 26 0.000145946 9.38e-07 
6349 21 8.883e-05 5.9e-07 
6350 36 0.000232472 3.376e-06 
6351 35 0.000188335 1.767e-06 
6352 70 0.000427301 9.826e-06 
6353 71 0.000340373 4.754e-06 
6354 15 6.0395e-05 3.01e-07 
6355 15 5.8736e-05 4.22e-07 
6356 30 0.000178371 2.142e-06 
6357 28 0.00018242 9.45e-07 
6358 29 0.000117308 1.09e-06 
6359 42 0.000238516 2.111e-06 
6360 41 0.000168556 1.734e-06 
6361 48 0.000341505 7.334e-06 
6362 45 0.000277696 4.23e-06 
6363 28 0.000145048 1.611e-06 
6364 31 0.000130375 1.251e-06 
6365 44 0.000275042 3.646e-06 
6366 45 0.000203352 1.426e-06 
6367 25 0.000132705 8.61e-07 
6368 29 0.000180572 2.556e-06 
6369 52 0.000345249 7.37e-06 
6370 51 0.000284604 2.637e-06 
6371 53 0.000367165 7.351e-06 
6372 28 0.000194179 2.142e-06 
6373 23 0.000124941 5.91e-07 
6374 40 0.000256638 3.461e-06 
6375 36 0.000221446 2.046e-06 
6376 41 0.000193139 2.755e-06 
6377 42 0.000261134 3.179e-06 
6378 31 0.000140063 6.9e-07 
6379 16 7.5263e-05 5.2e-07 
6380 63 0.000467125 9.288e-06 
6381 42 0.000296674 4.717e-06 
6382 43 0.000288485 2.284e-06 
6383 22 0.00010903 1.31e-06 
6384 23 8.5559e-05 1.369e-06 
6385 38 0.000224034 3.233e-06 
6386 37 0.000167222 1.201e-06 
6387 38 0.00023119 3.316e-06 
6388 43 0.000204931 2.295e-06 
6389 52 0.000316796 6.975e-06 
6390 47 0.000260414 3.463e-06 
6391 39 0.000217108 3.446e-06 
6392 30 0.000175878 2.004e-06 
6393 31 0.000131462 1.658e-06 
6394 94 0.000532037 1.2846e-05 
6395 93 0.000421624 7.177e-06 
6396 22 0.000128065 1.085e-06 
6397 23 9.872e-05 9.7e-07 
6398 55 0.000309751 6.76e-06 
6399 14 5.4307e-05 2.18e-07 
6400 14 3.8506e-05 2.94e-07 
6401 14 3.6811e-05 2.53e-07 
6402 14 4.1467e-05 2.22e-07 
6403 14 3.9624e-05 2.92e-07 
6404 14 4.0177e-05 3.24e-07 
6405 14 3.8724e-05 2.66e-07 
6406 14 3.6659e-05 2.88e-07 
6407 14 3.6858e-05 2.76e-07 
6408 14 3.6673e-05 2.45e-07 
6409 14 3.9167e-05 1.27e-07 
6410 14 3.7563e-05 2.5e-07 
6411 14 3.602e-05 3e-07 
6412 14 3.8522e-05 2.94e-07 
6413 14 3.5646e-05 2.73e-07 
6414 14 3.6838e-05 2.53e-07 
6415 14 3.4928e-05 2.88e-07 
6416 14 3.9377e-05 2.22e-07 
6417 14 3.7258e-05 2.23e-07 
6418 14 3.6486e-05 2.63e-07 
6419 14 3.5939e-05 2.46e-07 
6420 14 3.6259e-05 3.67e-07 
6421 14 3.6452e-05 2.14e-07 
6422 14 3.7151e-05 1.635e-06 
6423 14 5.3928e-05 1.539e-06 
6424 14 4.7268e-05 1.012e-06 
6425 14 4.6547e-05 3.5e-07 
6426 14 4.5083e-05 3.34e-07 
6427 14 4.6526e-05 3.24e-07 
6428 14 4.0406e-05 3.19e-07 
6429 14 4.2738e-05 2.32e-07 
6430 14 7.4448e-05 1.213e-06 
6431 14 4.561e-05 3.25e-07 
6432 14 5.2921e-05 1.266e-06 
6433 14 5.5529e-05 3.54e-07 
6434 14 4.9293e-05 3.46e-07 
6435 14 4.8499e-05 1.584e-06 
6436 14 6.2476e-05 3.15e-07 
6437 14 4.5347e-05 2.87e-07 
6438 14 4.3751e-05 3.92e-07 
6439 14 5.6519e-05 4.05e-07 
6440 14 5.4253e-05 3.69e-07 
6441 14 5.7018e-05 2.49e-07 
6442 14 3.8109e-05 1.93e-07 
6443 14 3.7025e-05 2.67e-07 
6444 14 3.6898e-05 2.21e-07 
6445 14 3.7702e-05 3.67e-07 
6446 14 3.6929e-05 2.66e-07 
6447 14 3.6922e-05 1.96e-07 
6448 14 4.7283e-05 3.89e-07 
6449 14 4.0693e-05 3.33e-07 
6450 14 3.7578e-05 2.76e-07 
6451 15 4.4333e-05 5.03e-07 
6452 15 4.1971e-05 3.74e-07 
6453 15 4.5444e-05 2.79e-07 
6454 15 4.7944e-05 4.4e-07 
6455 15 8.5707e-05 3.31e-07 
6456 15 4.4489e-05 2.94e-07 
6457 15 4.0582e-05 2.48e-07 
6458 15 3.9216e-05 2.37e-07 
6459 15 4.172e-05 2.82e-07 
6460 15 4.3653e-05 2.42e-07 
6461 14 4.9384e-05 2.31e-07 
6462 14 3.9436e-05 5.29e-07 
6463 14 4.2321e-05 3.48e-07 
6464 14 4.7727e-05 3.44e-07 
6465 14 4.7383e-05 4.01e-07 
6466 14 4.6642e-05 6.36e-07 
6467 14 4.4794e-05 3.1e-07 
6468 14 4.1334e-05 3.3e-07 
6469 14 4.2694e-05 3.02e-07 
6470 14 4.2483e-05 2.79e-07 
6471 14 4.3196e-05 8.38e-07 
6472 14 4.4012e-05 3.15e-07 
6473 14 4.6536e-05 5.28e-07 
6474 14 4.8291e-05 4.95e-07 
6475 14 4.6542e-05 2.62e-07 
6476 14 0.000115591 1.057e-06 
6477 14 0.000107755 4.62e-07 
6478 14 0.000123919 1.032e-06 
6479 14 0.000103147 7.25e-07 
6480 14 9.2963e-05 5.5e-07 
6481 14 4.5205e-05 2.29e-07 
6482 14 4.4044e-05 2.7e-07 
6483 14 4.0529e-05 3.69e-07 
6484 14 4.0805e-05 4.12e-07 
6485 14 4.1927e-05 2.66e-07 
6486 14 3.9639e-05 3.05e-07 
6487 14 3.9388e-05 2.69e-07 
6488 14 3.846e-05 4.5e-07 
6489 14 3.9939e-05 3.51e-07 
6490 14 3.5593e-05 3.09e-07 
6491 14 3.7223e-05 3.83e-07 
6492 14 3.6572e-05 3.03e-07 
6493 14 3.6184e-05 2.27e-07 
6494 14 3.6051e-05 2.4e-07 
6495 14 3.5962e-05 2.29e-07 
6496 14 3.6344e-05 3.19e-07 
6497 14 3.7466e-05 4.25e-07 
6498 14 3.9076e-05 2.6e-07 
6499 14 3.692e-05 3.67e-07 
6500 14 3.6294e-05 2.96e-07 
6501 14 3.6596e-05 1.111e-06 
6502 14 4.805e-05 4.11e-07 
6503 14 8.0196e-05 2.17e-07 
6504 14 3.9389e-05 3.04e-07 
6505 14 3.7371e-05 3.16e-07 
6506 14 4.0982e-05 4.9e-07 
6507 14 4.0278e-05 1.81e-07 
6508 14 3.8323e-05 2.68e-07 
6509 14 3.8396e-05 2.55e-07 
6510 14 3.8061e-05 2.18e-07 
6511 14 3.7854e-05 3.61e-07 
6512 14 3.8607e-05 3.95e-07 
6513 15 5.3375e-05 4.38e-07 
6514 15 4.2093e-05 3.45e-07 
6515 15 4.2174e-05 2.24e-07 
6516 15 4.7256e-05 2.06e-07 
6517 15 4.3054e-05 3.73e-07 
6518 15 4.7672e-05 2.01e-07 
6519 15 5.5206e-05 4.11e-07 
6520 15 5.8433e-05 2.93e-07 
6521 15 4.2281e-05 1.344e-06 
6522 15 8.8055e-05 2.65e-07 
6523 55 0.000249443 9.022e-06 
6524 41 0.000194205 6.648e-06 
6525 34 0.000164322 3.3e-06 
6526 35 0.000156947 2.357e-06 
6527 66 0.000388484 1.4499e-05 
6528 67 0.000477108 5.368e-06 
6529 68 0.000312539 1.4442e-05 
6530 69 0.000401443 5.131e-06 
6531 32 0.000201372 2.168e-06 
6532 33 0.000153566 3.349e-06 
6533 40 0.000198092 4.379e-06 
6534 29 0.000117084 1.382e-06 
6535 45 0.000232429 7.059e-06 
6536 33 0.000158933 3.768e-06 
6537 48 0.0002889 1.0175e-05 
6538 49 0.000335427 5.634e-06 
6539 44 0.000286578 6.588e-06 
6540 43 0.000219505 3.8e-06 
6541 30 0.00019829 5.277e-06 
6542 31 0.000205516 3.871e-06 
6543 48 0.00037257 8.775e-06 
6544 47 0.000268033 3.077e-06 
6545 52 0.000725178 8.815e-06 
6546 53 0.000271704 3.761e-06 
6547 66 0.000292694 1.0386e-05 
6548 71 0.000430393 1.0853e-05 
6549 21 0.000135762 2.63e-06 
6550 20 0.000189529 7.061e-06 
6551 21 0.00018008 1.051e-06 
6552 22 0.000143548 1.23e-06 
6553 27 0.000191225 2.492e-06 
6554 26 0.000172895 4.369e-06 
6555 43 0.000527532 1.6059e-05 
6556 42 0.000406315 8.106e-06 
6557 43 0.000269282 3.427e-06 
6558 23 0.000107754 8.95e-07 
6559 38 0.000190351 5.484e-06 
6560 39 0.000173248 2.13e-06 
6561 42 0.00023633 5.701e-06 
6562 43 0.000207207 3.298e-06 
6563 46 0.000318224 1.0068e-05 
6564 47 0.000283855 3.206e-06 
6565 32 0.000160409 1.846e-06 
6566 33 0.000146711 1.517e-06 
6567 40 0.000230004 5.62e-06 
6568 43 0.000213182 3.827e-06 
6569 15 5.6332e-05 4.78e-07 
6570 15 5.6909e-05 5.73e-07 
6571 12 4.7281e-05 1.417e-06 
6572 12 4.7811e-05 3.47e-07 
6573 12 4.0389e-05 2.13e-07 
6574 12 3.7711e-05 2.29e-07 
6575 12 3.8324e-05 3.18e-07 
6576 12 4.0517e-05 3.17e-07 
6577 12 3.6841e-05 2.79e-07 
6578 12 3.2387e-05 1.6e-07 
6579 12 3.4463e-05 2.83e-07 
6580 12 3.4695e-05 2.94e-07 
6581 12 3.4724e-05 2.97e-07 
6582 12 3.4806e-05 5.37e-07 
6583 12 6.3771e-05 6.23e-07 
6584 12 6.904e-05 7.2e-07 
6585 12 8.5193e-05 3.08e-07 
6586 12 3.3915e-05 2.56e-07 
6587 12 3.2848e-05 2.68e-07 
6588 12 3.2825e-05 3.33e-07 
6589 12 3.4631e-05 2.7e-07 
6590 12 3.1449e-05 2.71e-07 
6591 12 3.3237e-05 1.76e-07 
6592 12 3.1048e-05 2.71e-07 
6593 12 3.2063e-05 3.37e-07 
6594 12 3.2708e-05 1.86e-07 
6595 12 3.4285e-05 2.73e-07 
6596 12 3.2021e-05 1.81e-07 
6597 12 3.0319e-05 3.07e-07 
6598 12 3.3238e-05 2.21e-07 
6599 12 3.371e-05 2.33e-07 
6600 12 3.0542e-05 2.34e-07 
6601 12 3.3458e-05 3.22e-07 
6602 12 3.2768e-05 2.19e-07 
6603 12 3.398e-05 2.33e-07 
6604 12 3.3704e-05 2e-07 
6605 12 3.1127e-05 2.69e-07 
6606 12 3.0369e-05 1.8e-07 
6607 12 3.2947e-05 2.8e-07 
6608 12 3.2462e-05 2.72e-07 
6609 12 3.2779e-05 1.99e-07 
6610 12 3.6065e-05 2.61e-07 
6611 12 3.3009e-05 1.93e-07 
6612 12 3.1474e-05 1.75e-07 
6613 12 3.1196e-05 1.58e-07 
6614 12 3.4846e-05 1.96e-07 
6615 12 3.2249e-05 2.17e-07 
6616 12 3.1084e-05 2.91e-07 
6617 12 3.6593e-05 2.46e-07 
6618 12 3.7287e-05 3.35e-07 
6619 12 3.1449e-05 2.94e-07 
6620 12 3.3605e-05 1.004e-06 
6621 12 4.0303e-05 2.35e-07 
6622 12 3.4392e-05 3.61e-07 
6623 12 4.7138e-05 2.46e-07 
6624 13 4.4324e-05 2.45e-07 
6625 13 4.497e-05 5.58e-07 
6626 13 4.0122e-05 2.63e-07 
6627 13 4.2099e-05 3.93e-07 
6628 13 4.3636e-05 2.4e-07 
6629 13 4.9339e-05 6.1e-07 
6630 13 4.3516e-05 2.5e-07 
6631 13 3.6226e-05 3.3e-07 
6632 13 4.0216e-05 2.52e-07 
6633 13 3.7392e-05 3.27e-07 
6634 13 3.8312e-05 2.37e-07 
6635 12 3.8051e-05 2.55e-07 
6636 12 3.1194e-05 2.15e-07 
6637 12 3.0496e-05 1.58e-07 
6638 12 3.0124e-05 1.92e-07 
6639 12 3.0011e-05 2.38e-07 
6640 12 3.213e-05 2.13e-07 
6641 12 3.1527e-05 1.79e-07 
6642 12 3.0011e-05 1.77e-07 
6643 12 3.1205e-05 1.8e-07 
6644 12 2.9741e-05 1.72e-07 
6645 12 3.0106e-05 1.7e-07 
6646 12 3.9591e-05 2.11e-07 
6647 12 2.8572e-05 2.19e-07 
6648 12 2.9051e-05 2.1e-07 
6649 12 2.9777e-05 2.09e-07 
6650 12 2.9318e-05 1.67e-07 
6651 12 2.9713e-05 1.64e-07 
6652 12 2.9957e-05 2.05e-07 
6653 12 3.1755e-05 2.07e-07 
6654 12 3.0137e-05 1.61e-07 
6655 12 3.1369e-05 3.07e-07 
6656 12 3.1568e-05 1.52e-07 
6657 12 3.3124e-05 2.6e-07 
6658 12 3.0689e-05 2.66e-07 
6659 12 2.993e-05 3.02e-07 
6660 12 3.2581e-05 1.86e-07 
6661 12 3.0841e-05 1.86e-07 
6662 12 3.0832e-05 2.31e-07 
6663 12 3.1429e-05 2.68e-07 
6664 12 3.0576e-05 3.18e-07 
6665 12 3.0845e-05 2.58e-07 
6666 12 3.1907e-05 8.51e-07 
6667 12 3.82e-05 2.6e-07 
6668 12 3.3835e-05 2.34e-07 
6669 12 3.2543e-05 2.11e-07 
6670 12 3.4275e-05 2.13e-07 
6671 12 3.3522e-05 7.93e-07 
6672 12 8.272e-05 2.77e-07 
6673 12 3.3657e-05 1.83e-07 
6674 12 3.1816e-05 2.02e-07 
6675 12 3.1572e-05 1.86e-07 
6676 12 3.2026e-05 2.39e-07 
6677 12 3.0362e-05 1.95e-07 
6678 12 3.1119e-05 1.9e-07 
6679 12 3.0441e-05 1.55e-07 
6680 12 3.0437e-05 2.45e-07 
6681 12 3.0291e-05 2.37e-07 
6682 12 3.0499e-05 1.83e-07 
6683 12 3.0218e-05 1.6e-07 
6684 12 2.9548e-05 1.69e-07 
6685 12 3.0754e-05 1.69e-07 
6686 12 3.0048e-05 2.01e-07 
6687 12 3.0633e-05 3.13e-07 
6688 13 3.6951e-05 2.19e-07 
6689 13 3.5203e-05 3.1e-07 
6690 13 3.6524e-05 1.75e-07 
6691 13 3.6624e-05 3.08e-07 
6692 13 4.0705e-05 2.43e-07 
6693 13 4.1022e-05 1.78e-07 
6694 13 3.904e-05 2.82e-07 
6695 13 3.6644e-05 3.42e-07 
6696 13 4.0055e-05 4.15e-07 
6697 13 3.7457e-05 1.98e-07 
6698 13 3.7316e-05 2.43e-07 
6699 12 4.1994e-05 2.1e-07 
6700 12 3.3079e-05 2.1e-07 
6701 12 3.1446e-05 2.51e-07 
6702 12 3.3086e-05 2.96e-07 
6703 12 3.3723e-05 2.74e-07 
6704 12 3.6095e-05 3.09e-07 
6705 12 5.514e-05 1.75e-07 
6706 12 3.2293e-05 3.43e-07 
6707 12 3.0614e-05 2.57e-07 
6708 12 3.1232e-05 1.91e-07 
6709 12 3.0089e-05 2.51e-07 
6710 12 3.0145e-05 3.56e-07 
6711 12 3.1536e-05 2.23e-07 
6712 12 3.2013e-05 1.94e-07 
6713 12 3.0053e-05 2.61e-07 
6714 12 2.9807e-05 2.07e-07 
6715 12 3.0854e-05 7.51e-07 
6716 12 4.0035e-05 1.7e-07 
6717 12 3.0753e-05 1.98e-07 
6718 12 3.0096e-05 2.61e-07 
6719 12 3.0804e-05 2.61e-07 
6720 12 3.1103e-05 1.59e-07 
6721 12 3.0671e-05 2.14e-07 
6722 12 3.3438e-05 3.25e-07 
6723 12 3.4643e-05 2.29e-07 
6724 12 3.3207e-05 1.031e-06 
6725 12 3.9821e-05 3.13e-07 
6726 12 3.4015e-05 1.96e-07 
6727 12 3.1878e-05 1.83e-07 
6728 12 3.2308e-05 8.09e-07 
6729 12 3.2019e-05 3.31e-07 
6730 12 3.01e-05 2.16e-07 
6731 12 3.0271e-05 2.03e-07 
6732 12 3.0573e-05 2.48e-07 
6733 12 3.0517e-05 1.98e-07 
6734 12 2.9734e-05 1.97e-07 
6735 12 3.0611e-05 3e-07 
6736 12 3.0099e-05 1.73e-07 
6737 12 3.017e-05 1.96e-07 
6738 12 3.0014e-05 1.57e-07 
6739 12 2.9466e-05 2.56e-07 
6740 12 3.0204e-05 1.64e-07 
6741 12 3.0238e-05 1.91e-07 
6742 12 3.0663e-05 1.76e-07 
6743 12 3.0664e-05 1.71e-07 
6744 12 3.0489e-05 1.41e-07 
6745 12 3.1928e-05 1.77e-07 
6746 12 3.0132e-05 1.94e-07 
6747 12 3.0687e-05 1.95e-07 
6748 12 2.9684e-05 1.9e-07 
6749 12 3.0245e-05 2.3e-07 
6750 12 3.0319e-05 1.88e-07 
6751 12 2.9969e-05 2.3e-07 
6752 13 3.7845e-05 2.33e-07 
6753 13 3.8726e-05 2.71e-07 
6754 13 3.9165e-05 6.65e-07 
6755 13 8.8558e-05 4.24e-07 
6756 13 5.342e-05 2.38e-07 
6757 13 4.5574e-05 3.03e-07 
6758 13 4.4756e-05 4e-07 
6759 13 3.9137e-05 6.58e-07 
6760 13 3.9405e-05 2.81e-07 
6761 13 3.5415e-05 2.07e-07 
6762 13 3.3848e-05 2.97e-07 
6763 40 0.000200785 7.888e-06 
6764 41 0.000218363 2.652e-06 
6765 30 0.000189631 1.988e-06 
6766 31 0.000138752 1.524e-06 
6767 39 0.000224482 4.067e-06 
6768 55 0.000306762 6.139e-06 
6769 30 0.000153476 1.07e-06 
6770 31 0.000116577 9.37e-07 
6771 52 0.000362985 6.476e-06 
6772 17 7.973e-05 5.44e-07 
6773 15 6.5886e-05 2.196e-06 
6774 24 0.000147024 1.114e-06 
6775 29 0.000273041 3.249e-06 
6776 52 0.000255582 1.1532e-05 
6777 53 0.000372617 4.598e-06 
6778 38 0.000201911 2.924e-06 
6779 37 0.000144192 2.164e-06 
6780 25 9.3831e-05 1.009e-06 
6781 39 0.00016894 3.723e-06 
6782 55 0.000241347 6.53e-06 
6783 94 0.000398152 1.7651e-05 
6784 95 0.000376586 7.913e-06 
6785 26 0.000143734 1.483e-06 
6786 27 0.000102582 3.015e-06 
6787 27 0.000151102 1.463e-06 
6788 46 0.000288002 3.394e-06 
6789 53 0.000316395 6.945e-06 
6790 53 0.0003491 7.322e-06 
6791 36 0.000210167 2.17e-06 
6792 37 0.000163265 2.82e-06 
6793 68 0.000445883 9.215e-06 
6794 69 0.000362364 5.2e-06 
6795 70 0.000415365 9.027e-06 
6796 71 0.000350941 3.854e-06 
6797 45 0.000255203 4.19e-06 
6798 50 0.00032594 7.159e-06 
6799 47 0.000284805 3.088e-06 
6800 25 0.000140842 1.671e-06 
6801 11 3.1783e-05 2.24e-07 
6802 60 0.000260416 9.846e-06 
6803 55 0.000231556 3.621e-06 
6804 30 0.000126934 1.954e-06 
6805 41 0.000169817 5.716e-06 
6806 44 0.000348003 4.772e-06 
6807 43 0.000189415 2.035e-06 
6808 30 0.000139284 2.003e-06 
6809 31 0.00011444 1.764e-06 
6810 26 0.000110376 2.088e-06 
6811 31 0.000142924 2.999e-06 
6812 56 0.000339216 7.659e-06 
6813 57 0.000220476 3.618e-06 
6814 48 0.000217173 7.243e-06 
6815 49 0.000193018 2.027e-06 
6816 33 0.000139717 3.39e-06 
6817 27 0.000113027 1.247e-06 
6818 42 0.000212626 3.78e-06 
6819 39 0.000164605 2.341e-06 
6820 42 0.000196993 5.412e-06 
6821 43 0.000173144 1.687e-06 
6822 23 8.7749e-05 1.231e-06 
6823 39 0.000173071 3.773e-06 
6824 22 8.596e-05 2.3567e-05 
6825 23 0.000241031 8.1e-07 
6826 28 0.000170544 2.373e-06 
6827 23 0.000115074 6.7e-07 
6828 42 0.00029797 6.223e-06 
6829 31 0.000165386 2.181e-06 
6830 55 0.000323376 6.714e-06 
6831 40 0.000249996 3.229e-06 
6832 41 0.000201292 2.014e-06 
6833 44 0.000256304 3.515e-06 
6834 43 0.000194633 2.061e-06 
6835 46 0.000320538 7.82e-06 
6836 21 0.000124895 8.98e-07 
6837 34 0.000204729 3.233e-06 
6838 29 0.000136587 8.53e-07 
6839 40 0.000257388 3.717e-06 
6840 41 0.000189328 2.741e-06 
6841 29 0.000153461 1.145e-06 
6842 36 0.000205101 2.7e-06 
6843 43 0.000250585 4.724e-06 
6844 18 0.000109941 5.98e-07 
6845 52 0.000347579 5.504e-06 
6846 19 8.6309e-05 6.53e-07 
6847 32 0.000197389 2.012e-06 
6848 33 0.000150997 1.348e-06 
6849 13 5.2864e-05 6.6e-07 
6850 13 4.9513e-05 2.3e-07 
6851 15 6.3173e-05 9.69e-07 
6852 15 6.3243e-05 5.18e-07 
6853 13 4.9777e-05 2.74e-07 
6854 30 0.000210441 5.984e-06 
6855 25 0.00060585 2.605e-06 
6856 54 0.000376599 6.531e-06 
6857 53 0.000292765 2.498e-06 
6858 48 0.000314081 6.903e-06 
6859 47 0.000255479 2.3e-06 
6860 45 0.000262483 3.66e-06 
6861 44 0.000332578 6.334e-06 
6862 43 0.00026416 2.888e-06 
6863 38 0.000231266 2.307e-06 
6864 39 0.000163273 1.541e-06 
6865 55 0.000330374 6.579e-06 
6866 96 0.000565878 1.5564e-05 
6867 95 0.000492698 7.595e-06 
6868 24 0.000150702 7.16e-07 
6869 25 8.8015e-05 1.566e-06 
6870 38 0.000223879 2.6e-06 
6871 39 0.000169719 1.375e-06 
6872 70 0.000472669 9.64e-06 
6873 71 0.000396982 5.202e-06 
6874 72 0.000442874 9.514e-06 
6875 73 0.000382889 4.903e-06 
6876 38 0.000251007 2.525e-06 
6877 39 0.000174248 1.579e-06 
6878 72 0.000418182 1.172e-05 
6879 67 0.000347641 4.947e-06 
6880 39 0.000214855 2.734e-06 
6881 55 0.000297994 5.1e-06 
6882 15 6.2774e-05 5.63e-07 
6883 58 0.000406553 7.48e-06 
6884 47 0.000294209 3.76e-06 
6885 42 0.000285837 3.102e-06 
6886 35 0.00016728 1.338e-06 
6887 15 6.0745e-05 4.55e-07 
6888 32 0.000207859 2.196e-06 
6889 27 0.000122919 5.57e-07 
6890 48 0.000295059 8.973e-06 
6891 47 0.00025154 1.113e-06 
6892 48 0.000308585 6.765e-06 
6893 49 0.000275776 1.888e-06 
6894 23 0.000115727 7.03e-07 
6895 53 0.000330957 9.407e-06 
6896 24 9.8231e-05 1.325e-06 
6897 25 8.3208e-05 7.8e-07 
6898 24 9.5002e-05 9.13e-07 
6899 29 0.000131232 1.939e-06 
6900 36 0.000182033 3.142e-06 
6901 37 0.000182537 3.208e-06 
6902 21 8.0071e-05 7.71e-07 
6903 44 0.000196602 4.859e-06 
6904 45 0.000172247 2.463e-06 
6905 40 0.000189097 4.659e-06 
6906 41 0.000166586 1.56e-06 
6907 43 0.000188227 3.688e-06 
6908 22 9.4275e-05 1.577e-06 
6909 49 0.000291656 6.843e-06 
6910 30 0.000121029 1.532e-06 
6911 31 0.00010654 1.052e-06 
6912 44 0.000225695 4.248e-06 
6913 37 0.000210815 2.543e-06 
6914 20 7.7098e-05 2.396e-06 
6915 21 8.7153e-05 9.52e-07 
6916 32 0.000167111 3.701e-06 
6917 33 0.000139968 1.687e-06 
6918 33 0.000139652 3.005e-06 
6919 44 0.000231544 4.882e-06 
6920 45 0.000198252 3.091e-06 
6921 21 8.1628e-05 1.015e-06 
6922 25 0.000131688 2.286e-06 
6923 36 0.000162052 3.255e-06 
6924 31 0.000112343 1.261e-06 
6925 27 0.000120607 1.426e-06 
6926 48 0.000241786 7.483e-06 
6927 50 0.000227478 4.234e-06 
6928 35 0.000126375 1.834e-06 
6929 39 0.000168787 4.115e-06 
6930 25 9.0952e-05 9.45e-07 
6931 40 0.000205216 5.897e-06 
6932 43 0.000215449 1.884e-06 
6933 45 0.000202118 4.812e-06 
6934 39 0.000160907 3.396e-06 
6935 55 0.000226368 1.3731e-05 
6936 72 0.000322703 1.1179e-05 
6937 73 0.000289239 6.325e-06 
6938 40 0.00019185 1.4044e-05 
6939 41 0.000162249 1.891e-06 
6940 72 0.000359825 1.4516e-05 
6941 73 0.000313949 6.168e-06 
6942 74 0.000324151 1.1124e-05 
6943 75 0.000311388 5.435e-06 
6944 55 0.00023934 8.512e-06 
6945 96 0.00040633 1.9186e-05 
6946 91 0.000335933 9.378e-06 
6947 28 0.000137203 1.181e-06 
6948 29 0.000108775 1.532e-06 
6949 40 0.000187212 3.301e-06 
6950 41 0.000173561 3.029e-06 
6951 24 0.000106089 8.69e-07 
6952 31 0.000156468 3.813e-06 
6953 54 0.000294231 1.1102e-05 
6954 55 0.000264656 5.65e-06 
6955 25 0.00010301 1.093e-06 
6956 32 0.000159448 2.197e-06 
6957 33 0.000130104 2.923e-06 
6958 23 8.9847e-05 8.94e-07 
6959 26 0.000114756 2.847e-06 
6960 33 0.000150523 1.943e-06 
6961 48 0.000214644 6.764e-06 
6962 49 0.000190984 2.925e-06 
6963 50 0.000228311 8.234e-06 
6964 49 0.000202269 2.218e-06 
6965 36 0.000169015 3.926e-06 
6966 43 0.000182699 4.362e-06 
6967 13 4.9602e-05 3.81e-07 
6968 13 4.1562e-05 2.92e-07 
6969 15 6.351e-05 4.43e-07 
6970 15 5.3297e-05 4.03e-07 
6971 46 0.000210245 4.982e-06 
6972 59 0.000243845 6.456e-06 
6973 13 4.9139e-05 4.61e-07 
6974 44 0.000241203 6.772e-06 
6975 45 0.000217634 2.963e-06 
6976 36 0.000159228 2.675e-06 
6977 37 0.000123785 2.325e-06 
6978 11 3.5799e-05 4.76e-07 
6979 41 0.000179136 4.499e-06 
6980 40 0.00019611 4.631e-06 
6981 41 0.000173459 2.327e-06 
6982 50 0.000275011 1.1772e-05 
6983 22 9.1711e-05 6.66e-07 
6984 45 0.000230995 5.398e-06 
6985 32 0.000140116 2.036e-06 
6986 35 0.000126777 1.583e-06 
6987 42 0.00020205 4.971e-06 
6988 43 0.000155072 2.82e-06 
6989 22 8.9517e-05 8.12e-07 
6990 23 7.8973e-05 7.68e-07 
6991 26 0.000102304 1.901e-06 
6992 27 8.8292e-05 8.55e-07 
6993 30 0.000148834 3.057e-06 
6994 25 9.2602e-05 8.34e-07 
6995 38 0.000191021 6.456e-06 
6996 41 0.000182005 2.69e-06 
6997 40 0.000197682 4.612e-06 
6998 41 0.000174805 1.94e-06 
6999 15 5.3142e-05 3.59e-07 
7000 44 0.000217095 5.792e-06 
7001 47 0.000211642 4.558e-06 
7002 55 0.000246004 5.98e-06 
7003 39 0.000168866 6.237e-06 
7004 45 0.000201286 5.841e-06 
7005 43 0.000195681 4.1e-06 
7006 44 0.00021841 3.923e-06 
7007 37 0.000142462 1.818e-06 
7008 32 0.000156562 2.542e-06 
7009 33 0.000128898 1.507e-06 
7010 68 0.000303085 1.1083e-05 
7011 73 0.0003987 2.4249e-05 
7012 53 0.000268552 1.0002e-05 
7013 42 0.000214186 5.018e-06 
7014 43 0.00018088 2.297e-06 
7015 74 0.000420219 1.455e-05 
7016 75 0.000375984 7.035e-06 
7017 76 0.000369241 1.1775e-05 
7018 77 0.000349914 8.648e-06 
7019 92 0.000437982 3.4453e-05 
7020 95 0.00036501 8.002e-06 
7021 24 0.000110604 1.293e-06 
7022 25 0.00010185 1.395e-06 
7023 55 0.000240074 7.934e-06 
7024 42 0.000216031 4.308e-06 
7025 43 0.000188034 2.526e-06 
7026 44 0.000229004 6.496e-06 
7027 45 0.000306727 4.217e-06 
7028 23 9.6728e-05 1.32e-06 
7029 32 0.000183296 3.623e-06 
7030 25 0.000105664 1.082e-06 
7031 56 0.000252919 8.938e-06 
7032 55 0.000243787 2.861e-06 
7033 33 0.000142466 1.634e-06 
7034 34 0.0001788 3.203e-06 
7035 27 0.000107292 1.117e-06 
7036 58 0.000251173 9.729e-06 
7037 59 0.000243856 3.292e-06 
7038 46 0.00026469 8.743e-06 
7039 47 0.000235758 2.978e-06 
7040 54 0.00027417 8.491e-06 
7041 55 0.000280975 3.839e-06 
7042 38 0.000162085 8.273e-06 
7043 39 0.00015254 1.698e-06 
7044 44 0.000198934 5.223e-06 
7045 35 0.000132604 1.346e-06 
7046 44 0.000219626 7.471e-06 
7047 41 0.000195626 5.026e-06 
7048 35 0.000181013 4.538e-06 
7049 55 0.000229936 7.198e-06 
7050 39 0.00018217 5.847e-06 
7051 54 0.000253169 8.535e-06 
7052 47 0.000196546 4.28e-06 
7053 40 0.000183566 5.31e-06 
7054 41 0.000174304 3.256e-06 
7055 36 0.000152562 3.542e-06 
7056 31 0.000111025 9.48e-07 
7057 38 0.000175502 3.818e-06 
7058 39 0.00017511 3.878e-06 
7059 24 0.000113088 1.576e-06 
7060 19 6.412e-05 8.19e-07 
7061 32 0.000159156 2.973e-06 
7062 25 9.086e-05 3.07e-06 
7063 28 0.000111872 1.714e-06 
7064 29 0.000108083 1.708e-06 
7065 26 0.000103802 1.17e-06 
7066 30 0.0001366 2.08e-06 
7067 27 9.3727e-05 1.202e-06 
7068 32 0.000160962 2.818e-06 
7069 43 0.000227319 4.276e-06 
7070 27 0.000116172 1.282e-06 
7071 45 0.000204444 5.039e-06 
7072 39 0.000187673 5.636e-06 
7073 21 7.6793e-05 6.82e-07 
7074 13 4.7139e-05 4.18e-07 
7075 13 4.5349e-05 2.4e-07 
7076 15 5.1596e-05 3.92e-07 
7077 15 5.3505e-05 2.46e-07 
7078 13 4.1778e-05 2.6e-07 
7079 46 0.00021098 7.164e-06 
7080 45 0.000195043 2.522e-06 
7081 30 0.000121686 2.989e-06 
7082 37 0.00013994 1.778e-06 
7083 60 0.000275541 1.0386e-05 
7084 61 0.000240238 6.974e-06 
7085 25 9.1304e-05 9.86e-07 
7086 44 0.000226669 5.918e-06 
7087 45 0.000211997 4.348e-06 
7088 44 0.000200463 4.465e-06 
7089 45 0.000175719 2.373e-06 
7090 76 0.000369839 1.5191e-05 
7091 75 0.000345376 6.94e-06 
7092 78 0.000345386 1.2795e-05 
7093 79 0.000320548 7.933e-06 
7094 33 0.000129682 1.807e-06 
7095 43 0.000194321 4.293e-06 
7096 96 0.000413051 1.9284e-05 
7097 97 0.000396654 1.6024e-05 
7098 30 0.000188155 3.937e-06 
7099 31 0.0001358 1.184e-06 
7100 27 0.000117795 1.031e-06 
7101 15 5.2673e-05 4.49e-07 
7102 40 0.000202103 2.915e-06 
7103 41 0.000158379 1.85e-06 
7104 22 8.1975e-05 1.404e-06 
7105 23 7.0721e-05 7.82e-07 
7106 15 5.1808e-05 3.62e-07 
7107 32 0.000130741 6.146e-06 
7108 33 0.000122903 1.101e-06 
7109 55 0.000234418 6.336e-06 
7110 42 0.000196456 3.786e-06 
7111 43 0.000163581 2.112e-06 
7112 26 0.000110281 1.377e-06 
7113 31 0.000121948 1.951e-06 
7114 55 0.000222639 6.111e-06 
7115 39 0.00017571 4.129e-06 
7116 32 0.000167182 3.156e-06 
7117 35 0.000163142 1.798e-06 
7118 48 0.000210984 6.153e-06 
7119 47 0.000179735 3.709e-06 
7120 48 0.000253896 7.568e-06 
7121 51 0.000256672 4.892e-06 
7122 50 0.000223587 5.517e-06 
7123 51 0.000205053 3.219e-06 
7124 26 0.000117555 1.416e-06 
7125 33 0.000162617 2.833e-06 
7126 29 0.000114064 2.364e-06 
7127 28 0.000110778 1.121e-06 
7128 29 8.5022e-05 7.27e-07 
7129 36 0.000148178 7.068e-06 
7130 45 0.000266439 2.467e-06 
7131 56 0.000348535 6.696e-06 
7132 57 0.000302168 6.354e-06 
7133 53 0.000502176 5.103e-06 
7134 42 0.000271311 4.618e-06 
7135 43 0.000232918 6.038e-06 
7136 32 0.000201693 3.321e-06 
7137 33 0.000122124 9.83e-07 
7138 46 0.000204689 4.326e-06 
7139 47 0.000163548 2.074e-06 
7140 20 8.0839e-05 9.38e-07 
7141 25 9.4037e-05 1.015e-06 
7142 46 0.00023941 7.191e-06 
7143 45 0.000199634 3.578e-06 
7144 48 0.000209558 4.496e-06 
7145 55 0.000240289 6.655e-06 
7146 45 0.000196273 3.516e-06 
7147 30 0.00012289 1.314e-06 
7148 31 9.7469e-05 1.368e-06 
7149 44 0.000226672 6.476e-06 
7150 27 0.000110445 1.278e-06 
7151 74 0.000340357 1.5257e-05 
7152 69 0.000273628 5.508e-06 
7153 21 7.4394e-05 7.68e-07 
7154 32 0.000122643 2.082e-06 
7155 45 0.000197601 3.397e-06 
7156 11 3.3985e-05 2.71e-07 
7157 34 0.000164118 3.896e-06 
7158 35 0.000157356 1.557e-06 
7159 42 0.00022177 5.513e-06 
7160 45 0.000195167 3.309e-06 
7161 22 8.1016e-05 2.307e-06 
7162 23 8.1048e-05 1.117e-06 
7163 48 0.000216075 5.092e-06 
7164 45 0.000183382 2.434e-06 
7165 46 0.000204905 5.136e-06 
7166 47 0.000182371 2.002e-06 
7167 76 0.000353649 1.224e-05 
7168 77 0.000345099 8.24e-06 
7169 80 0.000357382 1.2512e-05 
7170 81 0.000318505 4.906e-06 
7171 55 0.000221141 7.147e-06 
7172 40 0.000177072 4.884e-06 
7173 37 0.000133695 1.356e-06 
7174 38 0.000150927 8.141e-06 
7175 39 0.000141412 2.057e-06 
7176 98 0.00041233 1.8244e-05 
7177 97 0.000366705 1.0479e-05 
7178 26 0.000123565 4.196e-06 
7179 27 0.000116572 1.164e-06 
7180 25 0.000141947 1.437e-06 
7181 36 0.000239184 3.681e-06 
7182 32 0.000180358 1.674e-06 
7183 36 0.000185228 1.665e-06 
7184 36 0.000157473 1.456e-06 
7185 12 4.0038e-05 2.54e-07 
7186 27 8.6157e-05 7.21e-07 
7187 28 7.3102e-05 1.182e-06 
7188 28 7.764e-05 1.073e-06 
7189 12 3.4231e-05 1.54e-07 
7190 28 8.5855e-05 1.426e-06 
7191 12 3.0965e-05 2.17e-07 
7192 28 7.1903e-05 1.902e-06 
7193 12 2.843e-05 1.67e-07 
7194 36 0.000115831 1.457e-06 
7195 12 2.7876e-05 1.96e-07 
7196 28 7.1935e-05 1.478e-06 
7197 12 2.7947e-05 1.98e-07 
7198 36 0.000108389 1.668e-06 
7199 12 2.9165e-05 8.85e-07 
7200 28 8.8593e-05 1.065e-06 
7201 12 2.7112e-05 2.2e-07 
7202 28 7.4259e-05 1.418e-06 
7203 12 2.6791e-05 2.32e-07 
7204 36 0.000101035 1.555e-06 
7205 12 2.6629e-05 2.08e-07 
7206 28 6.9601e-05 1.239e-06 
7207 12 2.6378e-05 1.43e-07 
7208 36 0.000106497 1.486e-06 
7209 12 2.8199e-05 2.59e-07 
7210 28 8.3e-05 1.112e-06 
7211 12 2.6606e-05 2.57e-07 
7212 28 6.9938e-05 1.903e-06 
7213 12 2.9486e-05 1.77e-07 
7214 36 0.000112346 1.517e-06 
7215 12 2.8255e-05 2.21e-07 
7216 28 7.5836e-05 1.248e-06 
7217 12 2.8579e-05 1.45e-07 
7218 36 0.000130134 1.368e-06 
7219 12 2.8844e-05 2.43e-07 
7220 28 8.7675e-05 7.74e-07 
7221 12 2.8119e-05 2.46e-07 
7222 28 7.4337e-05 1.99e-06 
7223 12 2.9727e-05 1.78e-07 
7224 36 0.000131218 2.342e-06 
7225 12 2.7039e-05 2e-07 
7226 28 8.15e-05 1.376e-06 
7227 12 2.7116e-05 1.77e-07 
7228 36 0.000105225 1.56e-06 
7229 12 2.8389e-05 2.26e-07 
7230 28 8.0649e-05 1.003e-06 
7231 12 2.8196e-05 2.22e-07 
7232 28 7.4645e-05 1.327e-06 
7233 12 2.844e-05 1.93e-07 
7234 36 0.000126572 1.675e-06 
7235 12 2.7846e-05 2.14e-07 
7236 28 7.8753e-05 1.381e-06 
7237 12 2.8336e-05 1.83e-07 
7238 36 0.000105098 1.517e-06 
7239 12 2.7973e-05 2.4e-07 
7240 28 7.9438e-05 1.066e-06 
7241 12 2.8124e-05 2.02e-07 
7242 28 7.2814e-05 9.7e-07 
7243 12 2.7989e-05 1.59e-07 
7244 36 0.00010329 1.553e-06 
7245 12 2.7854e-05 2.36e-07 
7246 28 7.3249e-05 1.551e-06 
7247 12 2.8068e-05 2.42e-07 
7248 36 0.000104536 1.403e-06 
7249 12 2.791e-05 2.61e-07 
7250 28 7.8653e-05 9.83e-07 
7251 12 2.5991e-05 2.29e-07 
7252 28 6.868e-05 2.12e-06 
7253 12 3.1464e-05 8.49e-07 
7254 36 0.000127221 3.469e-06 
7255 12 3.1335e-05 2.77e-07 
7256 28 9.9317e-05 2.158e-06 
7257 12 3.0265e-05 1.78e-07 
7258 36 0.000135181 1.717e-06 
7259 12 2.9172e-05 2.42e-07 
7260 28 9.2473e-05 1.333e-06 
7261 12 2.6757e-05 1.75e-07 
7262 28 8.2353e-05 1.275e-06 
7263 12 2.6465e-05 1.76e-07 
7264 36 0.000115406 1.408e-06 
7265 12 2.6325e-05 1.61e-07 
7266 28 7.4497e-05 9.928e-06 
7267 12 2.6386e-05 1.5e-07 
7268 36 0.000109155 1.477e-06 
7269 12 2.6516e-05 2.23e-07 
7270 28 8.2824e-05 9.96e-07 
7271 12 2.6136e-05 8.43e-07 
7272 28 7.4023e-05 1.416e-06 
7273 12 2.9165e-05 2.42e-07 
7274 36 0.000110396 1.452e-06 
7275 12 2.6162e-05 2.41e-07 
7276 28 7.6613e-05 1.096e-06 
7277 12 2.5753e-05 1.61e-07 
7278 28 7.5949e-05 1.033e-06 
7279 12 2.5761e-05 2.38e-07 
7280 36 0.000101116 1.423e-06 
7281 12 2.6115e-05 1.83e-07 
7282 28 7.0215e-05 1.12e-06 
7283 13 3.301e-05 1.65e-07 
7284 13 3.0116e-05 2.32e-07 
7285 13 3.1525e-05 5.85e-07 
7286 13 0.000100209 9.29e-07 
7287 13 3.7948e-05 2.69e-07 
7288 13 7.2473e-05 1.242e-06 
7289 13 5.3548e-05 9.44e-07 
7290 13 3.7999e-05 2.36e-07 
7291 13 3.5891e-05 2.02e-07 
7292 13 3.4821e-05 3.25e-07 
7293 13 3.3902e-05 7.96e-07 
7294 13 3.097e-05 3.88e-07 
7295 13 3.0581e-05 8.09e-07 
7296 13 3.7276e-05 2.13e-07 
7297 13 3.4001e-05 6.54e-07 
7298 13 3.5442e-05 2.35e-07 
7299 13 3.3064e-05 2.61e-07 
7300 13 3.5208e-05 1.43e-07 
7301 13 3.546e-05 3.02e-07 
7302 13 4.0895e-05 2.56e-07 
7303 13 3.6913e-05 3.02e-07 
7304 13 3.623e-05 2.3e-07 
7305 50 0.000290937 5.253e-06 
7306 49 0.000215875 2.636e-06 
7307 52 0.00038083 1.0977e-05 
7308 47 0.000327894 1.999e-06 
7309 50 0.000321695 7.006e-06 
7310 51 0.000266095 3.998e-06 
7311 44 0.000295018 4.703e-06 
7312 45 0.000221905 2.23e-06 
7313 55 0.000325513 7.167e-06 
7314 13 5.074e-05 6.11e-07 
7315 13 4.6872e-05 3.18e-07 
7316 15 6.0571e-05 7.22e-07 
7317 15 6.1276e-05 2.74e-07 
7318 13 4.7797e-05 2.85e-07 
7319 44 0.000305202 5.208e-06 
7320 43 0.000279104 4.442e-06 
7321 43 0.000184857 4.142e-06 
7322 30 0.000122911 1.838e-06 
7323 31 9.2059e-05 8.25e-07 
7324 46 0.000217739 4.611e-06 
7325 31 0.000118396 7.16e-07 
7326 34 0.00017824 4.389e-06 
7327 27 0.000117393 1.131e-06 
7328 34 0.000174818 6.868e-06 
7329 35 0.000285661 4.625e-06 
7330 58 0.000401138 8.916e-06 
7331 55 0.000249637 2.427e-06 
7332 40 0.000296599 8.194e-06 
7333 41 0.000313778 1.921e-06 
7334 34 0.000139425 2.393e-06 
7335 36 0.000147088 2.372e-06 
7336 33 0.000110524 1.073e-06 
7337 42 0.000207106 1.0008e-05 
7338 43 0.000191061 2.349e-06 
7339 26 0.000114973 1.442e-06 
7340 21 7.3083e-05 6.24e-07 
7341 27 0.00011094 1.666e-06 
7342 15 5.1295e-05 4.35e-07 
7343 45 0.000194203 5.22e-06 
7344 42 0.000215289 1.0411e-05 
7345 43 0.000234771 3.052e-06 
7346 23 9.1805e-05 1.028e-06 
7347 74 0.000343167 1.5102e-05 
7348 74 0.000292429 4.942e-06 
7349 52 0.000155112 3.918e-06 
7350 74 0.000179697 4.706e-06 
7351 52 0.000149371 2.525e-06 
7352 74 0.000209678 4.699e-06 
7353 52 0.000131828 2.688e-06 
7354 74 0.000207921 4.381e-06 
7355 52 0.000141252 2.588e-06 
7356 74 0.000206708 4.433e-06 
7357 52 0.000147063 3.139e-06 
7358 74 0.000222815 4.958e-06 
7359 52 0.000157989 3.544e-06 
7360 74 0.000255127 4.92e-06 
7361 52 0.000178898 3.275e-06 
7362 74 0.000281967 6.122e-06 
7363 52 0.000198932 1.846e-05 
7364 74 0.000471639 5.549e-06 
7365 52 0.000129352 2.529e-06 
7366 74 0.000221451 4.528e-06 
7367 52 0.000121145 3.82e-06 
7368 74 0.000324481 6.688e-06 
7369 52 0.00019797 4.827e-06 
7370 74 0.00029589 6.22e-06 
7371 52 0.000193426 4.334e-06 
7372 74 0.000277971 5.582e-06 
7373 52 0.000206953 2.999e-06 
7374 74 0.00025644 5.04e-06 
7375 52 0.000166483 3.435e-06 
7376 74 0.000271478 4.886e-06 
7377 52 0.000157494 3.017e-06 
7378 74 0.000235536 4.498e-06 
7379 52 0.000150176 2.827e-06 
7380 74 0.000231124 4.179e-06 
7381 52 0.000138216 2.644e-06 
7382 67 0.000197268 3.87e-06 
7383 68 0.000189954 3.679e-06 
7384 69 0.000183273 3.25e-06 
7385 70 0.000176796 3.583e-06 
7386 71 0.000178381 7.022e-06 
7387 70 0.000179817 3.207e-06 
7388 71 0.000173082 3.302e-06 
7389 72 0.000183131 3.373e-06 
7390 72 0.000194491 3.642e-06 
7391 52 0.000155796 2.469e-06 
7392 72 0.000262722 4.488e-06 
7393 52 0.000161921 3.109e-06 
7394 72 0.000178278 3.922e-06 
7395 52 0.000144813 3.208e-06 
7396 72 0.000188407 4.046e-06 
7397 52 0.00013761 2.585e-06 
7398 72 0.000185342 3.815e-06 
7399 52 0.000126389 2.816e-06 
7400 72 0.000187929 7.796e-06 
7401 52 0.000396112 3.026e-06 
7402 43 0.000130222 1.679e-06 
7403 44 0.000106845 1.983e-06 
7404 43 9.9294e-05 1.776e-06 
7405 44 0.000100745 1.5e-06 
7406 43 0.000100112 1.294e-06 
7407 44 9.9197e-05 1.768e-06 
7408 72 0.000241905 5.62e-06 
7409 52 0.000143944 3.175e-06 
7410 72 0.000226796 4.362e-06 
7411 52 0.000175004 2.27e-06 
7412 72 0.000211375 4.195e-06 
7413 52 0.000138453 2.671e-06 
7414 72 0.00021638 4.238e-06 
7415 52 0.000119926 2.328e-06 
7416 72 0.000199542 3.645e-06 
7417 52 0.000118593 2.238e-06 
7418 72 0.000175911 3.773e-06 
7419 52 0.000117089 2.17e-06 
7420 72 0.000190898 3.358e-06 
7421 52 0.000118155 2.584e-06 
7422 72 0.000176354 3.268e-06 
7423 52 0.000118154 1.84e-06 
7424 72 0.000189023 3.852e-06 
7425 52 0.00012341 2.755e-06 
7426 72 0.000191953 5.462e-06 
7427 52 0.000181712 2.35e-06 
7428 67 0.000163299 5.65e-06 
7429 68 0.000176898 4.083e-06 
7430 69 0.000167856 3.986e-06 
7431 70 0.000281901 8.537e-06 
7432 71 0.000276761 4.539e-06 
7433 72 0.000291639 3.796e-06 
7434 71 0.000277626 4.527e-06 
7435 72 0.000256877 3.182e-06 
7436 73 0.000183019 2.988e-06 
7437 74 0.000171519 3.411e-06 
7438 73 0.000194395 3.225e-06 
7439 74 0.000171631 3.34e-06 
7440 75 0.000172898 3.248e-06 
7441 76 0.000176331 3.129e-06 
7442 73 0.00016643 2.754e-06 
7443 74 0.000199852 2.75e-06 
7444 75 0.000172036 3.066e-06 
7445 76 0.000175137 3.297e-06 
7446 75 0.00017716 3.067e-06 
7447 76 0.000180208 3.439e-06 
7448 75 0.000170574 2.922e-06 
7449 76 0.000175587 2.909e-06 
7450 75 0.000174651 3.095e-06 
7451 76 0.000184667 3.765e-06 
7452 77 0.000201282 3.558e-06 
7453 40 0.00016873 5.554e-06 
7454 40 0.000153317 3.789e-06 
7455 40 0.000156192 2.556e-06 
7456 40 0.000141232 1.964e-06 
7457 40 0.000125809 2.413e-06 
7458 40 0.000127505 1.758e-06 
7459 40 0.00011592 1.963e-06 
7460 40 0.000111185 1.636e-06 
7461 40 0.000111368 1.616e-06 
7462 40 0.000108316 1.285e-06 
7463 40 0.000104672 1.732e-06 
7464 40 0.000104247 1.386e-06 
7465 40 0.000100823 1.311e-06 
7466 40 0.000101768 1.509e-06 
7467 40 0.000102702 1.266e-06 
7468 40 0.000100989 1.929e-06 
7469 40 0.000101015 1.749e-06 
7470 40 0.000106296 1.252e-06 
7471 40 0.000106834 1.773e-06 
7472 40 0.000136463 3.927e-06 
7473 40 0.000122148 1.392e-06 
7474 40 0.000102749 1.339e-06 
7475 40 0.000103186 1.434e-06 
7476 40 0.000102346 1.536e-06 
7477 40 0.000102907 1.559e-06 
7478 40 0.000101907 1.116e-06 
7479 40 0.000101086 1.343e-06 
7480 40 0.000101802 1.021e-06 
7481 40 0.000101593 1.143e-06 
7482 40 0.000101852 9.87e-07 
7483 40 0.00011146 1.39e-06 
7484 40 0.000102294 1.282e-06 
7485 40 0.000102573 3.547e-06 
7486 40 0.000109206 1.772e-06 
7487 40 9.8294e-05 1.801e-06 
7488 40 9.7794e-05 1.72e-06 
7489 40 9.8427e-05 2.148e-06 
7490 40 9.7303e-05 1.579e-06 
7491 40 0.000109871 1.658e-06 
7492 40 0.000212394 3.243e-06 
7493 40 0.000219793 2.308e-06 
7494 40 0.000138616 1.676e-06 
7495 40 0.000107545 2.114e-06 
7496 40 0.000107937 2.482e-06 
7497 40 0.000219941 1.3e-06 
7498 40 0.000103438 1.202e-06 
7499 40 0.000103219 1.659e-06 
7500 40 0.00010443 1.421e-06 
7501 40 0.000104216 1.723e-06 
7502 40 0.000103456 2.734e-06 
7503 40 0.000102205 1.522e-06 
7504 40 0.000111239 1.735e-06 
7505 40 0.000102387 1.311e-06 
7506 40 0.000106741 1.88e-06 
7507 40 0.000117024 1.642e-06 
7508 40 0.000114566 1.936e-06 
7509 40 0.000122883 1.63e-06 
7510 41 0.00012676 1.644e-06 
7511 41 0.000136922 1.79e-06 
7512 41 0.00011678 1.445e-06 
7513 41 0.000111801 1.284e-06 
7514 41 0.00010702 1.707e-06 
7515 41 0.000114461 1.711e-06 
7516 41 0.000120407 1.565e-06 
7517 39 9.7293e-05 1.111e-06 
7518 41 0.000165901 1.57e-06 
7519 41 0.000246544 3.785e-06 
7520 41 0.000114265 3.462e-06 
7521 41 0.000264099 1.621e-06 
7522 41 0.000130288 1.273e-06 
7523 32 0.000134369 1.937e-06 
7524 33 0.00010131 5.797e-06 
7525 36 0.000183744 3.935e-06 
7526 39 0.000199108 6.067e-06 
7527 39 0.000167569 2.958e-06 
7528 60 0.000283503 1.3148e-05 
7529 49 0.00027167 3.759e-06 
7530 13 5.2491e-05 2.86e-07 
7531 55 0.000320753 5.988e-06 
7532 32 0.000178579 1.157e-06 
7533 31 0.000131569 1.128e-06 
7534 34 0.000185882 2.691e-06 
7535 35 0.000134488 9.86e-07 
7536 41 0.000198026 3.076e-06 
7537 25 0.000129294 9.5e-07 
7538 53 0.000332107 8.487e-06 
7539 48 0.000305789 5.036e-06 
7540 49 0.000263948 2.493e-06 
7541 78 0.000554984 1.5657e-05 
7542 77 0.000507288 4.969e-06 
7543 82 0.000520195 1.272e-05 
7544 83 0.00046094 8.858e-06 
7545 46 0.000265549 5.92e-06 
7546 47 0.000242016 4.37e-06 
7547 25 0.000117324 1.32e-06 
7548 46 0.000242454 5.673e-06 
7549 45 0.000214911 3.757e-06 
7550 21 0.000101698 9.37e-07 
7551 98 0.000534878 2.463e-05 
7552 93 0.000467457 1.2825e-05 
7553 32 0.000234481 3.613e-06 
7554 33 0.000248759 4.493e-06 
7555 34 0.000412953 4.186e-06 
7556 35 0.000223385 2.394e-06 
7557 41 0.000292252 4.564e-06 
7558 78 0.0005994 1.8042e-05 
7559 75 0.000743158 1.017e-05 
7560 60 0.000513463 1.8727e-05 
7561 61 0.000506046 8.358e-06 
7562 48 0.000551257 9.742e-06 
7563 48 0.000440813 5.058e-06 
7564 53 0.000410508 1.1441e-05 
7565 34 0.000226984 2.652e-06 
7566 33 0.000166031 1.373e-06 
7567 52 0.000387929 8.281e-06 
7568 51 0.000327118 4.008e-06 
7569 36 0.000294626 9.586e-06 
7570 37 0.000221517 3.392e-06 
7571 44 0.000259555 7.908e-06 
7572 45 0.000252211 3.228e-06 
7573 44 0.000272429 4.976e-06 
7574 43 0.000248811 5.131e-06 
7575 55 0.000275498 7.097e-06 
7576 32 0.000153754 1.847e-06 
7577 33 0.000123315 1.585e-06 
7578 32 0.000148776 2.577e-06 
7579 41 0.000181992 3.089e-06 
7580 13 4.9544e-05 4.26e-07 
7581 39 0.000184887 3.786e-06 
7582 42 0.000212449 4.725e-06 
7583 43 0.000183056 4.544e-06 
7584 42 0.00019792 4.482e-06 
7585 43 0.000175501 6.945e-06 
7586 22 9.2053e-05 5.5e-07 
7587 27 9.4476e-05 2.441e-06 
7588 26 0.000113861 1.187e-06 
7589 35 0.000171727 3.692e-06 
7590 55 0.000224811 6.838e-06 
7591 45 0.000191318 5.335e-06 
7592 23 0.000102928 1.858e-06 
7593 33 0.000134002 2.226e-06 
7594 56 0.00025941 8.151e-06 
7595 59 0.000238687 4.283e-06 
7596 38 0.000171675 3.966e-06 
7597 41 0.000147862 2.418e-06 
7598 46 0.000244167 5.672e-06 
7599 45 0.000205876 2.531e-06 
7600 33 0.000127438 1.733e-06 
7601 43 0.000212261 3.57e-06 
7602 38 0.000183905 3.755e-06 
7603 37 0.000154928 1.758e-06 
7604 76 0.000348738 1.2603e-05 
7605 77 0.000295798 6.142e-06 
7606 13 5.6045e-05 5.49e-07 
7607 13 4.2382e-05 2.078e-06 
7608 15 6.9761e-05 4.34e-07 
7609 15 6.4147e-05 3.13e-07 
7610 13 4.9235e-05 1.9e-07 
7611 34 0.000213456 3.246e-06 
7612 27 0.000126202 1.027e-06 
7613 46 0.000291537 5.207e-06 
7614 33 0.000157993 9.02e-07 
7615 25 0.000136838 1.156e-06 
7616 46 0.000270236 3.275e-06 
7617 61 0.000349175 7.476e-06 
7618 54 0.000408521 8.608e-06 
7619 46 0.000307642 3.697e-06 
7620 22 0.000107853 5.85e-07 
7621 55 0.000481892 3.057e-06 
7622 50 0.000328677 5.058e-06 
7623 51 0.000257199 2.564e-06 
7624 78 0.0005464 1.1897e-05 
7625 79 0.000478708 4.785e-06 
7626 84 0.000541178 1.1534e-05 
7627 85 0.000489725 8.232e-06 
7628 40 0.000283916 3.509e-06 
7629 41 0.000209816 4.577e-06 
7630 41 0.000252356 2.914e-06 
7631 15 6.5803e-05 4.38e-07 
7632 94 0.000636838 2.171e-05 
7633 95 0.000559167 1.0543e-05 
7634 24 0.000159054 9.54e-07 
7635 25 0.000119515 1.562e-06 
7636 13 6.3866e-05 2.91e-07 
7637 15 7.4618e-05 9.82e-07 
7638 46 0.000254725 6.691e-06 
7639 43 0.00021753 3.744e-06 
7640 48 0.000296566 1.2658e-05 
7641 49 0.000351244 4.379e-06 
7642 34 0.000203753 3.472e-06 
7643 35 0.000175478 2.601e-06 
7644 56 0.000378429 1.3955e-05 
7645 55 0.000382795 6.666e-06 
7646 11 5.666e-05 5.04e-07 
7647 56 0.000491376 1.8709e-05 
7648 55 0.000447616 7.602e-06 
7649 78 0.000488448 1.8062e-05 
7650 52 0.000295211 6.414e-06 
7651 75 0.000418162 9.9e-06 
7652 55 0.000295341 1.2755e-05 
7653 46 0.000510625 1.1792e-05 
7654 47 0.000498512 9.263e-06 
7655 44 0.000512228 6.654e-06 
7656 41 0.000259127 1.0662e-05 
7657 26 0.000231362 1.698e-06 
7658 35 0.000339445 7.421e-06 
7659 32 0.000296953 3.565e-06 
7660 33 0.000269887 3.469e-06 
7661 42 0.000416195 8.158e-06 
7662 37 0.000410084 5.016e-06 
7663 55 0.000569575 1.6527e-05 
7664 38 0.000462995 2.184e-05 
7665 37 0.000455944 8.33e-06 
7666 53 0.000605067 2.0907e-05 
7667 42 0.000524968 6.662e-06 
7668 43 0.000228828 3.478e-06 
7669 44 0.000501667 1.8562e-05 
7670 43 0.000487627 1.2132e-05 
7671 28 0.000334815 6.498e-06 
7672 21 0.000271784 2.592e-06 
7673 45 0.000485013 1.3374e-05 
7674 23 0.000237736 6.173e-06 
7675 27 0.000256923 2.731e-06 
7676 36 0.000333743 1.1601e-05 
7677 37 0.000368812 3.479e-06 
7678 36 0.000355832 1.1688e-05 
7679 27 0.000216325 3.538e-06 
7680 76 0.000525832 2.3418e-05 
7681 77 0.000581902 1.1331e-05 
7682 41 0.000251723 5.938e-06 
7683 60 0.000384816 2.3407e-05 
7684 55 0.000620628 5.461e-06 
7685 28 0.00015739 2.54e-06 
7686 45 0.000289546 7.047e-06 
7687 39 0.000206654 6.821e-06 
7688 32 0.000166002 2.569e-06 
7689 33 0.00017292 1.955e-06 
7690 43 0.000284252 7.84e-06 
7691 13 4.8127e-05 2.5e-07 
7692 52 0.000264188 9.731e-06 
7693 53 0.000245836 2.28e-06 
7694 80 0.000416512 1.8456e-05 
7695 79 0.000364169 7.245e-06 
7696 86 0.000402475 2.011e-05 
7697 87 0.000433561 9.038e-06 
7698 56 0.000276467 9.645e-06 
7699 47 0.000198726 4.893e-06 
7700 25 9.2575e-05 7.61e-07 
7701 27 0.000123381 1.877e-06 
7702 29 0.000117892 2.194e-06 
7703 32 0.000156647 2.548e-06 
7704 31 0.000134855 2.28e-06 
7705 34 0.000144107 3.182e-06 
7706 34 0.000114183 1.363e-06 
7707 35 0.000107222 1.716e-06 
7708 30 0.000122054 1.081e-06 
7709 31 8.8819e-05 1.223e-06 
7710 96 0.000423484 2.1614e-05 
7711 99 0.000396633 1.1564e-05 
7712 34 0.000224443 4.423e-06 
7713 35 0.000153703 5.568e-06 
7714 44 0.000220872 6.349e-06 
7715 45 0.000205536 4.219e-06 
7716 55 0.000227303 7.158e-06 
7717 50 0.000218207 7.059e-06 
7718 49 0.000181862 2.221e-06 
7719 36 0.000150049 3.271e-06 
7720 35 0.000134522 2.934e-06 
7721 52 0.00023888 9.855e-06 
7722 53 0.000241896 2.791e-06 
7723 78 0.000352412 1.5278e-05 
7724 77 0.000309268 8.067e-06 
7725 52 0.000306431 1.071e-05 
7726 53 0.000287769 4.383e-06 
7727 13 4.7455e-05 3.11e-07 
7728 13 4.2787e-05 4.92e-07 
7729 15 4.9589e-05 3.75e-07 
7730 15 5.2199e-05 2.89e-07 
7731 13 3.9853e-05 4.23e-07 
7732 46 0.00020627 5.418e-06 
7733 47 0.000182891 3.036e-06 
7734 39 0.000159369 3.43e-06 
7735 42 0.000194982 9.523e-06 
7736 39 0.000161762 1.663e-06 
7737 46 0.000223913 6.226e-06 
7738 47 0.000208784 2.845e-06 
7739 34 0.000150366 2.14e-06 
7740 35 0.000115147 1.898e-06 
7741 38 0.000169162 4.446e-06 
7742 46 0.000207151 5.398e-06 
7743 37 0.000146334 1.956e-06 
7744 42 0.000210314 4.467e-06 
7745 43 0.000173995 3.157e-06 
7746 24 9.4715e-05 9.78e-07 
7747 25 6.5929e-05 1.02e-06 
7748 22 9.5833e-05 1.054e-06 
7749 29 0.000117536 1.722e-06 
7750 21 8.24e-05 6.5e-07 
7751 45 0.00020065 4.744e-06 
7752 23 9.1063e-05 9.52e-07 
7753 13 4.1683e-05 2.57e-07 
7754 26 0.00011265 1.433e-06 
7755 27 8.723e-05 1.188e-06 
7756 55 0.00024408 5.949e-06 
7757 38 0.000192282 7.796e-06 
7758 38 0.00018167 3.34e-06 
7759 39 0.000166452 1.814e-06 
7760 15 5.0837e-05 2.87e-07 
7761 36 0.00018374 4.049e-06 
7762 37 0.000169941 2.028e-06 
7763 28 0.000127159 9.78e-07 
7764 36 0.000185396 3.211e-06 
7765 29 0.000111601 1.034e-06 
7766 78 0.000351632 2.0784e-05 
7767 79 0.000496332 4.823e-06 
7768 35 0.000196692 4.018e-06 
7769 44 0.00026295 5.747e-06 
7770 33 0.000138525 2.655e-06 
7771 42 0.00021084 3.987e-06 
7772 41 0.000177661 2.56e-06 
7773 38 0.000159792 3.44e-06 
7774 47 0.000218807 4.788e-06 
7775 54 0.000247065 8.757e-06 
7776 55 0.000218336 2.423e-06 
7777 80 0.000410873 2.0871e-05 
7778 81 0.000390424 6.899e-06 
7779 88 0.000373776 1.7146e-05 
7780 89 0.000347179 6.491e-06 
7781 46 0.000239358 5.488e-06 
7782 45 0.000207658 3.923e-06 
7783 56 0.000253355 9.377e-06 
7784 61 0.000252237 5.498e-06 
7785 55 0.000224247 6.786e-06 
7786 41 0.000165077 5.567e-06 
7787 53 0.0002514 8.721e-06 
7788 48 0.000225208 7.819e-06 
7789 57 0.000301041 6.107e-06 
7790 32 0.000129291 2.092e-06 
7791 33 0.000102533 1.678e-06 
7792 38 0.000173963 4.814e-06 
7793 33 0.000125831 1.161e-06 
7794 100 0.000465561 2.1355e-05 
7795 99 0.000415455 1.1372e-05 
7796 28 0.000157372 1.506e-06 
7797 29 0.000116997 3.906e-06 
7798 62 0.000654177 1.9383e-05 
7799 61 0.00040981 1.1175e-05 
7800 36 0.000351081 9.08e-06 
7801 35 0.000146392 1.956e-06 
7802 52 0.000350355 1.7274e-05 
7803 51 0.000587177 1.3253e-05 
7804 56 0.000828541 2.0626e-05 
7805 55 0.000363492 7.687e-06 
7806 33 0.000155944 2.337e-06 
7807 38 0.000167872 4.86e-06 
7808 39 0.000180873 1.966e-06 
7809 13 4.2017e-05 2.01e-07 
7810 80 0.000351253 1.6199e-05 
7811 77 0.000309539 6.481e-06 
7812 36 0.0001795 4.531e-06 
7813 27 0.000104302 6.76e-07 
7814 44 0.000212311 4.983e-06 
7815 45 0.000183319 4.857e-06 
7816 28 0.000163846 1.06e-06 
7817 29 9.5129e-05 1.367e-06 
7818 48 0.000232662 4.562e-06 
7819 49 0.000204556 2.75e-06 
7820 38 0.000192629 7.03e-06 
7821 39 0.000181141 2.429e-06 
7822 34 0.000136502 1.681e-06 
7823 33 9.206e-05 1.757e-06 
7824 42 0.000201183 7.466e-06 
7825 43 0.000190275 2.763e-06 
7826 42 0.000204503 4.996e-06 
7827 43 0.000197768 3.667e-06 
7828 28 0.000122895 1.491e-06 
7829 23 8.4726e-05 4.93e-07 
7830 45 0.000189709 5.027e-06 
7831 23 8.9155e-05 8.87e-07 
7832 42 0.000200389 3.376e-06 
7833 43 0.000204938 2.538e-06 
7834 42 0.000205175 5.558e-06 
7835 45 0.000210812 3.231e-06 
7836 27 0.000114625 1.097e-06 
7837 41 0.000200652 4.148e-06 
7838 55 0.000270958 7.006e-06 
7839 55 0.000216815 5.94e-06 
7840 56 0.000252253 6.978e-06 
7841 57 0.00022705 4.422e-06 
7842 82 0.000397236 1.74e-05 
7843 79 0.000346907 6.52e-06 
7844 90 0.000383488 1.4962e-05 
7845 91 0.000383022 8.452e-06 
7846 38 0.000150005 2.853e-06 
7847 33 0.000115256 8.33e-07 
7848 11 3.1173e-05 4.1e-07 
7849 38 0.000170155 3.628e-06 
7850 39 0.000222783 3.296e-06 
7851 78 0.000368164 1.4401e-05 
7852 77 0.000305495 7.464e-06 
7853 39 0.000169271 3.297e-06 
7854 13 4.8879e-05 4.19e-07 
7855 13 4.3131e-05 2.06e-07 
7856 15 5.154e-05 2.69e-07 
7857 15 5.3189e-05 3.41e-07 
7858 13 4.3226e-05 2.05e-07 
7859 28 0.00012649 1.784e-06 
7860 29 0.000104816 1.213e-06 
7861 13 4.3455e-05 3.93e-07 
7862 62 0.000290921 9.67e-06 
7863 57 0.000251949 3.841e-06 
7864 26 0.000113414 1.204e-06 
7865 35 0.000149879 3.861e-06 
7866 41 0.000188939 4.426e-06 
7867 40 0.000186837 4.274e-06 
7868 43 0.000157522 2.143e-06 
7869 25 0.000135042 1.531e-06 
7870 54 0.000307211 1.1932e-05 
7871 55 0.000341454 4.745e-06 
7872 44 0.000183997 3.87e-06 
7873 47 0.000183675 3.335e-06 
7874 36 0.000159716 2.761e-06 
7875 35 0.000138972 1.292e-06 
7876 54 0.000272022 8.642e-06 
7877 53 0.000240807 3.252e-06 
7878 34 0.000156545 2.52e-06 
7879 38 0.000146946 1.743e-06 
7880 39 0.000135902 2.129e-06 
7881 100 0.000441856 2.7061e-05 
7882 95 0.000371638 1.2439e-05 
7883 34 0.000177697 2.906e-06 
7884 35 0.00016097 1.614e-06 
7885 25 0.000107469 8.51e-07 
7886 35 0.000158517 3.957e-06 
7887 34 0.00014363 1.798e-06 
7888 35 0.000114469 1.314e-06 
7889 60 0.000315223 9.372e-06 
7890 49 0.000253554 4.053e-06 
7891 48 0.000244104 6.511e-06 
7892 47 0.000230685 3.152e-06 
7893 15 5.4049e-05 2.21e-07 
7894 44 0.000297798 4.576e-06 
7895 45 0.000202047 2.901e-06 
7896 16 6.0457e-05 6.3e-07 
7897 16 5.5182e-05 3.19e-07 
7898 16 5.607e-05 3.91e-07 
7899 16 4.4171e-05 3.34e-07 
7900 16 4.7825e-05 5.67e-07 
7901 16 4.394e-05 3.15e-07 
7902 16 4.4368e-05 3.49e-07 
7903 16 4.2597e-05 2.69e-07 
7904 16 4.3e-05 3.07e-07 
7905 16 4.3943e-05 4.71e-07 
7906 16 4.6014e-05 3.01e-07 
7907 16 4.5106e-05 2.67e-07 
7908 16 4.2533e-05 6.07e-07 
7909 16 4.4529e-05 2.79e-07 
7910 16 4.2854e-05 2.03e-07 
7911 16 4.1582e-05 3.04e-07 
7912 16 4.3238e-05 2.95e-07 
7913 16 4.3383e-05 2.74e-07 
7914 16 4.1782e-05 3.46e-07 
7915 16 4.2354e-05 3.07e-07 
7916 16 4.147e-05 3.05e-07 
7917 16 4.1394e-05 2.7e-07 
7918 16 3.949e-05 3.74e-07 
7919 16 4.1786e-05 6.92e-07 
7920 16 3.9358e-05 3.05e-07 
7921 16 4.1713e-05 4.93e-07 
7922 16 3.9736e-05 3.4e-07 
7923 16 3.9877e-05 2.47e-07 
7924 16 3.9587e-05 3.49e-07 
7925 16 3.8732e-05 3.14e-07 
7926 16 4.0271e-05 2.76e-07 
7927 16 3.9261e-05 3.82e-07 
7928 16 3.9718e-05 2.31e-07 
7929 16 3.9582e-05 2.48e-07 
7930 16 4.1268e-05 2.49e-07 
7931 16 4.1461e-05 3.33e-07 
7932 16 4.1943e-05 4.13e-07 
7933 16 4.1875e-05 2.65e-07 
7934 16 3.999e-05 3.27e-07 
7935 16 4.1343e-05 2.71e-07 
7936 16 3.8782e-05 1.94e-07 
7937 16 4.0764e-05 1.82e-07 
7938 16 3.9973e-05 3.52e-07 
7939 16 3.9967e-05 2.18e-07 
7940 16 4.1312e-05 2.64e-07 
7941 16 4.1348e-05 3.01e-07 
7942 16 4.1947e-05 2.46e-07 
7943 16 4.1907e-05 3.14e-07 
7944 16 3.9634e-05 3.01e-07 
7945 16 3.9647e-05 3.33e-07 
7946 16 4.1613e-05 3.16e-07 
7947 16 4.848e-05 3.09e-07 
7948 16 4.2344e-05 2.18e-07 
7949 16 3.8773e-05 2.8e-07 
7950 16 4.2129e-05 3.61e-07 
7951 15 3.3346e-05 3.16e-07 
7952 16 3.5814e-05 2.9e-07 
7953 17 4.5638e-05 7.35e-07 
7954 17 4.635e-05 2.99e-07 
7955 17 4.7666e-05 5.49e-07 
7956 17 4.6774e-05 3.66e-07 
7957 17 4.4201e-05 3.65e-07 
7958 17 4.5655e-05 4.78e-07 
7959 17 4.6229e-05 3.14e-07 
7960 17 4.5582e-05 3.79e-07 
7961 17 4.2293e-05 2.75e-07 
7962 17 4.7129e-05 2.33e-07 
7963 17 4.5376e-05 5.1e-07 
7964 17 4.4274e-05 2.6e-07 
7965 17 4.5017e-05 4.45e-07 
7966 17 4.5007e-05 2.34e-07 
7967 41 0.000183981 3.976e-06 
7968 78 0.000353387 1.3881e-05 
7969 77 0.000302043 6.673e-06 
7970 42 0.000197593 3.808e-06 
7971 43 0.000173527 2.44e-06 
7972 24 9.2503e-05 5.76e-07 
7973 25 6.6768e-05 5.24e-07 
7974 24 0.000103681 1.155e-06 
7975 29 0.000122282 2.581e-06 
7976 35 0.000148621 2.189e-06 
7977 48 0.000240044 5.875e-06 
7978 47 0.000202911 2.727e-06 
7979 45 0.000198454 3.957e-06 
7980 23 9.468e-05 1.737e-06 
7981 30 0.000142424 1.355e-06 
7982 31 0.000111072 1.206e-06 
7983 48 0.000225775 5.017e-06 
7984 47 0.000177034 2.209e-06 
7985 55 0.000222644 7.025e-06 
7986 36 0.000174628 6.029e-06 
7987 37 0.000173657 1.418e-06 
7988 34 0.000169862 2.995e-06 
7989 35 0.000150136 1.53e-06 
7990 53 0.000251915 7.232e-06 
7991 13 4.2315e-05 2.18e-07 
7992 58 0.000272857 8.07e-06 
7993 59 0.000240988 4.466e-06 
7994 80 0.00038886 1.3653e-05 
7995 83 0.000382102 6.313e-06 
7996 92 0.000408205 1.4643e-05 
7997 93 0.000376388 7.252e-06 
7998 48 0.000237519 5.084e-06 
7999 39 0.000160047 2.891e-06 
8000 40 0.000181877 5.251e-06 
8001 34 0.000136297 1.841e-06 
8002 43 0.000193947 3.589e-06 
8003 38 0.000216268 4.162e-06 
8004 37 0.000164059 2.139e-06 
8005 78 0.000346514 1.4741e-05 
8006 77 0.000306453 6.686e-06 
8007 40 0.000174486 3.91e-06 
8008 39 0.000138747 1.253e-06 
8009 46 0.000229689 5.803e-06 
8010 45 0.000205163 3.419e-06 
8011 55 0.000249022 5.984e-06 
8012 41 0.000169589 4.337e-06 
8013 17 0.000185665 2.5e-06 
8014 42 0.000274851 3.336e-06 
8015 43 0.000189404 2.725e-06 
8016 21 9.9741e-05 5.05e-07 
8017 56 0.000434112 1.1761e-05 
8018 55 0.000393641 3.025e-06 
8019 50 0.000305418 5.519e-06 
8020 51 0.000259841 3.306e-06 
8021 36 0.000176609 2.966e-06 
8022 37 0.000145515 2.45e-06 
8023 56 0.000281759 9.25e-06 
8024 52 0.000230033 3.797e-06 
8025 25 7.4356e-05 5.8e-07 
8026 58 0.000258451 7.04e-06 
8027 61 0.000241759 4.893e-06 
8028 94 0.000383404 1.697e-05 
8029 95 0.000353328 8.313e-06 
8030 26 0.000118603 1.199e-06 
8031 27 0.000103787 1.491e-06 
8032 34 0.000136284 1.81e-06 
8033 35 0.000101513 9.5e-07 
8034 28 0.000120122 1.322e-06 
8035 29 9.8901e-05 1.422e-06 
8036 36 0.000174492 3.654e-06 
8037 31 0.000140008 1.053e-06 
8038 48 0.000210748 4.271e-06 
8039 61 0.000254298 8.204e-06 
8040 78 0.000348808 1.2228e-05 
8041 77 0.000300435 6.989e-06 
8042 42 0.000192228 6.894e-06 
8043 41 0.000180298 1.684e-06 
8044 44 0.000190803 4.185e-06 
8045 45 0.000167223 3.2e-06 
8046 38 0.000261692 4.58e-06 
8047 43 0.000281262 2.881e-06 
8048 30 0.000192187 2.439e-06 
8049 23 0.000111114 1.139e-06 
8050 13 5.3368e-05 5.46e-07 
8051 13 5.1539e-05 2.42e-07 
8052 15 7.1071e-05 2.71e-07 
8053 15 6.512e-05 3.56e-07 
8054 13 5.4199e-05 2.47e-07 
8055 13 5.756e-05 3.14e-07 
8056 55 0.000357361 6.575e-06 
8057 35 0.000215549 2.133e-06 
8058 50 0.000373995 7.571e-06 
8059 51 0.000305193 3.262e-06 
8060 45 0.000287756 4.729e-06 
8061 23 0.000131031 2.168e-06 
8062 27 0.00016897 1.206e-06 
8063 30 0.000219513 1.979e-06 
8064 25 0.000127019 1.361e-06 
8065 41 0.000284422 4.459e-06 
8066 44 0.000373019 7.786e-06 
8067 41 0.00022809 3.801e-06 
8068 46 0.000238708 6.203e-06 
8069 49 0.000232607 5.388e-06 
8070 60 0.000324577 1.5218e-05 
8071 61 0.000290674 4.012e-06 
8072 84 0.00045546 1.6861e-05 
8073 79 0.000374364 6.47e-06 
8074 94 0.000517415 1.7339e-05 
8075 95 0.0004424 9.704e-06 
8076 26 0.000137351 2.917e-06 
8077 26 0.00024167 2.681e-06 
8078 26 0.000212769 7.08e-07 
8079 26 6.3183e-05 9.06e-07 
8080 26 6.2469e-05 6.3e-07 
8081 26 6.1659e-05 6.23e-07 
8082 26 6.2433e-05 2.601e-06 
8083 26 8.1143e-05 5.8e-07 
8084 26 8.3237e-05 6.81e-07 
8085 26 7.5201e-05 8.07e-07 
8086 26 0.000113445 9.47e-07 
8087 26 9.3944e-05 1.156e-06 
8088 26 0.000101073 1.379e-06 
8089 26 0.000101446 1.219e-06 
8090 26 8.2161e-05 7.59e-07 
8091 26 6.1123e-05 5.66e-07 
8092 26 6.0634e-05 5.49e-07 
8093 26 6.0814e-05 8.31e-07 
8094 26 6.0547e-05 1.634e-06 
8095 26 7.1166e-05 1.145e-06 
8096 26 0.000100806 8.44e-07 
8097 26 6.0772e-05 7.83e-07 
8098 26 6.0686e-05 7.62e-07 
8099 26 6.0388e-05 6.91e-07 
8100 26 6.5629e-05 1.028e-06 
8101 26 6.4335e-05 6.68e-07 
8102 26 6.8535e-05 8.07e-07 
8103 26 8.0907e-05 6.29e-07 
8104 26 6.9487e-05 4.89e-07 
8105 26 5.9721e-05 8.96e-07 
8106 26 6.0912e-05 5.95e-07 
8107 26 5.9498e-05 6.89e-07 
8108 26 6.0331e-05 4.59e-07 
8109 26 5.9321e-05 6e-07 
8110 26 5.9683e-05 5.35e-07 
8111 26 5.9303e-05 5.56e-07 
8112 26 5.9486e-05 5.02e-07 
8113 26 5.9232e-05 5.09e-07 
8114 26 5.9651e-05 7.15e-07 
8115 26 6.4032e-05 9.87e-07 
8116 26 7.4354e-05 7.99e-07 
8117 26 6.0442e-05 6.42e-07 
8118 26 0.000198058 1.443e-06 
8119 26 9.6284e-05 1.104e-06 
8120 26 9.4657e-05 8.47e-07 
8121 26 9.4204e-05 9.81e-07 
8122 26 9.0463e-05 8.27e-07 
8123 26 0.00010478 1.067e-06 
8124 26 0.000109548 8.7e-07 
8125 26 7.6342e-05 7.28e-07 
8126 26 6.4747e-05 8.44e-07 
8127 26 8.5602e-05 9.55e-07 
8128 26 8.6821e-05 8.41e-07 
8129 26 8.8916e-05 9.42e-07 
8130 26 9.7137e-05 1.041e-06 
8131 26 0.000111758 7.62e-07 
8132 26 8.7152e-05 9.04e-07 
8133 26 8.0914e-05 6.79e-07 
8134 26 8.2081e-05 1.21e-06 
8135 27 8.4041e-05 7.97e-07 
8136 27 8.0568e-05 9.35e-07 
8137 27 6.6534e-05 1.039e-06 
8138 27 6.7921e-05 9.73e-07 
8139 27 7.9262e-05 1.015e-06 
8140 27 8.6198e-05 6.11e-07 
8141 27 6.642e-05 6.58e-07 
8142 27 6.5936e-05 5.26e-07 
8143 27 6.6251e-05 7.66e-07 
8144 27 6.5364e-05 7.71e-07 
8145 27 6.7704e-05 5.69e-07 
8146 27 6.6536e-05 4.76e-07 
8147 27 6.7314e-05 4.53e-07 
8148 27 6.7376e-05 5.9e-07 
8149 27 6.8031e-05 5.71e-07 
8150 27 6.6587e-05 6.66e-07 
8151 44 0.000230903 7.358e-06 
8152 39 0.000157916 1.459e-06 
8153 42 0.000212251 5.26e-06 
8154 43 0.000190329 2.126e-06 
8155 32 0.000134101 1.8e-06 
8156 39 0.000151157 2.21e-06 
8157 40 0.000212125 5.752e-06 
8158 41 0.000204386 3.453e-06 
8159 30 0.000123011 1.231e-06 
8160 31 9.0134e-05 1.337e-06 
8161 28 0.000117151 1.882e-06 
8162 45 0.000219028 4.451e-06 
8163 15 4.9278e-05 3.03e-07 
8164 32 0.000155756 2.347e-06 
8165 33 0.000142745 1.24e-06 
8166 78 0.000367392 1.6423e-05 
8167 81 0.000344362 8.97e-06 
8168 33 0.000141924 2.476e-06 
8169 54 0.00030739 1.2188e-05 
8170 55 0.000329185 5.485e-06 
8171 39 0.000180489 3.688e-06 
8172 29 0.000116438 6.228e-06 
8173 62 0.000386225 1.3132e-05 
8174 63 0.00026594 4.37e-06 
8175 38 0.00016148 4.714e-06 
8176 37 0.000148009 2.317e-06 
8177 96 0.000402577 2.4803e-05 
8178 101 0.000412555 1.047e-05 
8179 34 0.000185852 4.547e-06 
8180 35 0.000175623 2.514e-06 
8181 55 0.000258019 7.394e-06 
8182 27 0.000110677 2.305e-06 
8183 27 0.000124163 1.596e-06 
8184 13 3.9947e-05 4.88e-07 
8185 62 0.000301126 1.0776e-05 
8186 57 0.000253182 4.593e-06 
8187 36 0.00015047 2.987e-06 
8188 37 0.000143477 3.19e-06 
8189 41 0.000173587 3.593e-06 
8190 55 0.000228339 7.436e-06 
8191 53 0.000250666 1.0921e-05 
8192 44 0.000243383 5.93e-06 
8193 45 0.00020726 3.041e-06 
8194 25 9.012e-05 1.632e-06 
8195 44 0.000212465 9.572e-06 
8196 45 0.000246413 2.432e-06 
8197 46 0.000274654 5.025e-06 
8198 47 0.000241409 3.558e-06 
8199 42 0.000249764 5.765e-06 
8200 41 0.00019337 2.535e-06 
8201 24 0.000108696 1.119e-06 
8202 31 0.000142255 3.714e-06 
8203 58 0.000288753 8.746e-06 
8204 49 0.000203356 5.362e-06 
8205 11 3.2045e-05 2.45e-07 
8206 82 0.000367376 1.6715e-05 
8207 77 0.000319537 6.918e-06 
8208 43 0.000214176 4.269e-06 
8209 17 6.8782e-05 6.26e-07 
8210 40 0.00017363 4.873e-06 
8211 41 0.000155181 2.239e-06 
8212 36 0.000178959 4.3e-06 
8213 27 0.00010327 1.431e-06 
8214 48 0.00024504 5.597e-06 
8215 49 0.000211554 2.909e-06 
8216 30 0.000134628 2.463e-06 
8217 31 0.000122864 1.033e-06 
8218 45 0.000197522 4.056e-06 
8219 23 9.6954e-05 1.336e-06 
8220 60 0.000308339 1.1117e-05 
8221 61 0.000290808 5.057e-06 
8222 80 0.000390076 1.6682e-05 
8223 83 0.000421698 7.595e-06 
8224 96 0.000429411 1.6474e-05 
8225 97 0.000387836 7.924e-06 
8226 32 0.000144076 2.736e-06 
8227 33 0.000121417 2.435e-06 
8228 34 0.000139838 9.67e-07 
8229 47 0.000204163 5.729e-06 
8230 48 0.000213876 5.458e-06 
8231 47 0.000195915 2.479e-06 
8232 30 0.000119242 1.5e-06 
8233 31 9.3159e-05 7.97e-07 
8234 46 0.000240398 6.965e-06 
8235 29 0.000113237 2.488e-06 
8236 56 0.000319879 1.338e-05 
8237 57 0.000319575 4.136e-06 
8238 38 0.000187129 6.233e-06 
8239 39 0.000171326 2.925e-06 
8240 13 4.1342e-05 3.1e-07 
8241 13 4.2647e-05 2.64e-07 
8242 41 0.000171219 3.857e-06 
8243 78 0.000363453 1.7136e-05 
8244 77 0.000316592 6.786e-06 
8245 48 0.000212963 7.442e-06 
8246 45 0.000171633 2.016e-06 
8247 38 0.000162118 5.297e-06 
8248 37 0.000153817 1.73e-06 
8249 46 0.000237933 6.636e-06 
8250 45 0.000209591 4.22e-06 
8251 27 0.000111343 1.157e-06 
8252 13 4.5843e-05 2.83e-07 
8253 13 4.2722e-05 4.66e-07 
8254 15 5.4604e-05 7.69e-07 
8255 15 5.6665e-05 5.39e-07 
8256 13 4.359e-05 4.45e-07 
8257 102 0.000471733 2.3768e-05 
8258 95 0.000371558 1.0231e-05 
8259 30 0.000153121 1.715e-06 
8260 31 0.000131696 1.468e-06 
8261 55 0.000239476 7.562e-06 
8262 28 0.000123463 1.418e-06 
8263 37 0.000160699 4.389e-06 
8264 36 0.000150781 2.889e-06 
8265 33 0.000108327 1.24e-06 
8266 58 0.000263335 1.061e-05 
8267 63 0.000264886 5.696e-06 
8268 44 0.00020574 6.121e-06 
8269 45 0.000182772 2.288e-06 
8270 48 0.000218693 5.144e-06 
8271 49 0.000188005 3.436e-06 
8272 44 0.000203476 4.429e-06 
8273 39 0.000185971 2.642e-06 
8274 30 0.000153925 2.722e-06 
8275 23 8.9269e-05 5.99e-07 
8276 55 0.000239498 6.624e-06 
8277 40 0.000184716 4.232e-06 
8278 43 0.000172803 3.708e-06 
8279 46 0.000241406 5.636e-06 
8280 45 0.000200048 5.098e-06 
8281 44 0.000190995 2.71e-06 
8282 51 0.000186938 7.56e-06 
8283 78 0.00036024 1.5478e-05 
8284 79 0.000324182 7.671e-06 
8285 15 5.1751e-05 4.05e-07 
8286 21 7.5159e-05 8.82e-07 
8287 60 0.000305248 9.916e-06 
8288 61 0.000271594 5.381e-06 
8289 84 0.000414395 1.7966e-05 
8290 79 0.000373561 7.778e-06 
8291 98 0.00043159 1.6173e-05 
8292 97 0.000373194 8.296e-06 
8293 52 0.000269681 8.012e-06 
8294 52 0.000219896 4.152e-06 
8295 47 0.000142123 2.76e-06 
8296 41 0.000167099 3.87e-06 
8297 45 0.000189997 4.577e-06 
8298 23 8.5015e-05 1.193e-06 
8299 13 4.0467e-05 4.04e-07 
8300 34 0.000132801 2.505e-06 
8301 31 0.000110561 1.019e-06 
8302 42 0.000209715 5.119e-06 
8303 45 0.000206863 4.726e-06 
8304 27 0.000112901 1.203e-06 
8305 26 0.000112051 7.08e-07 
8306 31 0.000107879 1.204e-06 
8307 36 0.000190427 4.4e-06 
8308 37 0.000173055 2.672e-06 
8309 56 0.000323438 1.1097e-05 
8310 55 0.000283813 3.868e-06 
8311 50 0.000232918 6.227e-06 
8312 47 0.000186106 3.547e-06 
8313 32 0.000139637 2.104e-06 
8314 31 9.8013e-05 1.649e-06 
8315 42 0.000196291 5.207e-06 
8316 39 0.000185064 4.847e-06 
8317 30 0.000133097 2.488e-06 
8318 31 0.000331078 2.209e-06 
8319 52 0.000297255 5.09e-06 
8320 49 0.000239128 1.506e-06 
8321 38 0.00021174 3.297e-06 
8322 37 0.000173479 1.313e-06 
8323 27 0.000141522 5.018e-06 
8324 53 0.000553089 5.31e-06 
8325 80 0.000490032 1.1699e-05 
8326 77 0.000379246 5.051e-06 
8327 55 0.000314426 6.117e-06 
8328 41 0.000224988 4.08e-06 
8329 96 0.000549639 1.6696e-05 
8330 95 0.000476502 6.617e-06 
8331 34 0.000218472 3.648e-06 
8332 35 0.000188124 1.444e-06 
8333 40 0.000277692 5.86e-06 
8334 39 0.000243049 1.479e-06 
8335 17 7.5723e-05 3.71e-07 
8336 39 0.000214134 3.084e-06 
8337 42 0.000242561 3.714e-06 
8338 43 0.000200704 1.68e-06 
8339 44 0.000299586 3.548e-06 
8340 43 0.000217129 2.4e-06 
8341 34 0.000188299 2.285e-06 
8342 37 0.000152634 1.309e-06 
8343 48 0.000305495 4.452e-06 
8344 49 0.000245366 4.119e-06 
8345 42 0.00026002 3.973e-06 
8346 43 0.000193576 2.762e-06 
8347 50 0.000328454 5.542e-06 
8348 50 0.000300763 7.737e-06 
8349 41 0.000344819 7.816e-06 
8350 48 0.000338514 6.155e-06 
8351 49 0.000205159 3.384e-06 
8352 24 0.000121512 1.745e-06 
8353 31 0.000173277 3.768e-06 
8354 41 0.000190849 3.86e-06 
8355 25 0.000109823 1.291e-06 
8356 64 0.000332574 1.0269e-05 
8357 57 0.000241144 3.41e-06 
8358 34 0.000144963 1.934e-06 
8359 35 0.000140212 1.953e-06 
8360 48 0.000244977 4.3288e-05 
8361 49 0.000540407 3.798e-06 
8362 34 0.000376826 2.33e-06 
8363 35 0.000143427 1.184e-06 
8364 13 4.9063e-05 2.17e-07 
8365 60 0.000379111 0.000107487 
8366 61 0.000373511 2.922e-06 
8367 80 0.000663142 8.933e-06 
8368 85 0.000461027 6.381e-06 
8369 98 0.000610524 1.7632e-05 
8370 99 0.000757892 1.0037e-05 
8371 78 0.000477589 1.2476e-05 
8372 77 0.000584135 8.424e-06 
8373 55 0.000313851 5.867e-06 
8374 62 0.000389834 9.371e-06 
8375 45 0.000233386 2.129e-06 
8376 25 0.000119608 7.1e-07 
8377 48 0.00030036 4.417e-06 
8378 35 0.000159868 1.559e-06 
8379 45 0.000268594 3.77e-06 
8380 23 0.000115736 1.473e-06 
8381 58 0.000441309 1.3047e-05 
8382 57 0.000433743 2.784e-06 
8383 13 5.4101e-05 4.18e-07 
8384 13 4.8379e-05 4.21e-07 
8385 15 6.2663e-05 4.42e-07 
8386 15 6.0509e-05 3.24e-07 
8387 13 4.6707e-05 5.94e-07 
8388 33 0.000180934 2.09e-06 
8389 32 0.000184248 1.78e-06 
8390 29 0.000121226 8.49e-07 
8391 32 0.00016703 1.245e-06 
8392 33 9.9415e-05 8.76e-07 
8393 38 0.000263711 4.703e-06 
8394 39 0.000265039 2.149e-06 
8395 27 0.000139543 1.358e-06 
8396 64 0.000381236 9.613e-06 
8397 63 0.000336148 5.981e-06 
8398 38 0.000205945 2.631e-06 
8399 39 0.000177105 1.806e-06 
8400 42 0.000240695 5.395e-06 
8401 43 0.000192738 1.661e-06 
8402 55 0.000305437 6.326e-06 
8403 46 0.000397663 1.1153e-05 
8404 47 0.000310799 2.39e-06 
8405 48 0.000285929 4.422e-06 
8406 43 0.000190056 1.422e-06 
8407 44 0.000267395 5.148e-06 
8408 41 0.000193133 1.425e-06 
8409 39 0.000218071 4.12e-06 
8410 32 0.00019349 2.776e-06 
8411 29 0.000147199 1.247e-06 
8412 96 0.000555653 2.2575e-05 
8413 95 0.000544121 7.361e-06 
8414 26 0.000165788 1.08e-06 
8415 27 0.000109135 1.15e-06 
8416 78 0.000468513 1.2584e-05 
8417 83 0.000448882 8.729e-06 
8418 46 0.000313553 6.241e-06 
8419 47 0.000264767 3.224e-06 
8420 11 3.5966e-05 2.19e-07 
8421 15 5.7765e-05 2.28e-07 
8422 30 0.000175096 2.109e-06 
8423 31 0.00011965 1.45e-06 
8424 38 0.000253781 7.943e-06 
8425 39 0.000235445 1.28e-06 
8426 13 4.8718e-05 2.38e-07 
8427 38 0.000217892 2.761e-06 
8428 35 0.000159868 1.161e-06 
8429 50 0.000355034 6.32e-06 
8430 51 0.00028636 5.67e-06 
8431 44 0.000310683 5.314e-06 
8432 43 0.000236818 8.515e-06 
8433 40 0.000290635 2.656e-06 
8434 40 0.000307002 3.709e-06 
8435 43 0.000308875 3.396e-06 
8436 32 0.000271014 1.997e-06 
8437 25 0.000136809 9.66e-07 
8438 35 0.000222449 2.379e-06 
8439 60 0.000417179 7.902e-06 
8440 61 0.000338383 3.07e-06 
8441 86 0.000701423 1.9093e-05 
8442 81 0.000532984 5.308e-06 
8443 100 0.000635759 1.5637e-05 
8444 99 0.000561853 7.758e-06 
8445 58 0.000374097 6.963e-06 
8446 63 0.000352065 3.833e-06 
8447 84 0.000517854 1.7492e-05 
8448 77 0.000412969 5.754e-06 
8449 56 0.000418125 8.612e-06 
8450 57 0.000399307 8.838e-06 
8451 34 0.000208167 2.313e-06 
8452 35 0.000222154 2.081e-06 
8453 44 0.000426196 1.4276e-05 
8454 45 0.000437542 3.548e-06 
8455 44 0.000376952 5.221e-06 
8456 63 0.000381138 5.719e-06 
8457 28 0.00017585 1.922e-06 
8458 37 0.000207927 2.095e-06 
8459 17 7.6337e-05 8.76e-07 
8460 41 0.000232638 2.233e-06 
8461 53 0.000325411 6.777e-06 
8462 46 0.000315587 6e-06 
8463 43 0.000249808 1.499e-06 
8464 27 0.000143291 1.067e-06 
8465 55 0.000323065 6.088e-06 
8466 45 0.000255051 3.445e-06 
8467 23 0.000124209 2.278e-06 
8468 42 0.000184083 5.897e-06 
8469 43 0.000163069 1.315e-06 
8470 55 0.000237666 8.21e-06 
8471 50 0.000216737 6.444e-06 
8472 49 0.000222414 2.758e-06 
8473 40 0.00017184 5.82e-06 
8474 39 0.0001589 2.274e-06 
8475 44 0.000194431 6.277e-06 
8476 43 0.000167456 3.304e-06 
8477 44 0.000209545 4.343e-06 
8478 43 0.000186934 4.148e-06 
8479 32 0.000133937 1.737e-06 
8480 33 0.000113094 1.291e-06 
8481 30 0.00012795 1.613e-06 
8482 47 0.00023193 6.702e-06 
8483 30 0.00013856 2.199e-06 
8484 27 0.000110896 9.05e-07 
8485 27 0.000112826 2.879e-06 
8486 48 0.00031256 5.791e-06 
8487 45 0.00018443 4.015e-06 
8488 13 4.0946e-05 2.57e-07 
8489 96 0.000407095 2.1111e-05 
8490 102 0.000402861 9.318e-06 
8491 99 0.000302356 9.788e-06 
8492 36 0.000188807 4.967e-06 
8493 37 0.000189181 1.423e-06 
8494 78 0.000338908 1.5968e-05 
8495 79 0.000325876 9.272e-06 
8496 29 0.000114548 1.828e-06 
8497 42 0.000201097 5.392e-06 
8498 43 0.000168828 3.748e-06 
8499 25 0.0001139 1.594e-06 
8500 21 7.686e-05 9.66e-07 
8501 36 0.000166674 3.591e-06 
8502 39 0.000145565 2.166e-06 
8503 51 0.000256689 9.231e-06 
8504 32 0.000155083 2.885e-06 
8505 33 0.000132603 2.269e-06 
8506 40 0.000197835 6.074e-06 
8507 41 0.00018429 2.39e-06 
8508 46 0.000240269 4.961e-06 
8509 47 0.00021945 3.826e-06 
8510 62 0.000293546 1.0007e-05 
8511 63 0.000270263 6.243e-06 
8512 82 0.000395405 1.6129e-05 
8513 85 0.000391623 8.157e-06 
8514 100 0.000429564 1.7162e-05 
8515 101 0.0004146 1.1435e-05 
8516 41 0.000201246 5.841e-06 
8517 39 0.0001874 4.141e-06 
8518 13 4.6481e-05 6.06e-07 
8519 13 4.2871e-05 3.84e-07 
8520 15 5.0041e-05 5.31e-07 
8521 15 5.1651e-05 3.12e-07 
8522 13 4.1126e-05 2.61e-07 
8523 46 0.000234477 6.069e-06 
8524 46 0.000212037 3.916e-06 
8525 37 0.000141399 1.983e-06 
8526 30 0.000139813 1.699e-06 
8527 31 0.00011662 1.658e-06 
8528 56 0.000320784 1.3379e-05 
8529 57 0.000315236 6.573e-06 
8530 27 0.000117603 7.44e-07 
8531 64 0.000294714 1.1344e-05 
8532 59 0.000261031 5.2e-06 
8533 34 0.00013978 2.366e-06 
8534 47 0.000236345 4.89e-06 
8535 100 0.000456439 2.5015e-05 
8536 95 0.000379596 8.516e-06 
8537 42 0.000184033 4.323e-06 
8538 43 0.000170725 1.859e-06 
8539 80 0.000399495 1.7694e-05 
8540 79 0.00033417 9.938e-06 
8541 55 0.000237438 7.036e-06 
8542 27 0.000111734 1.959e-06 
8543 52 0.000233604 6.354e-06 
8544 45 0.000196476 4.583e-06 
8545 50 0.000219478 7.455e-06 
8546 53 0.00020652 2.76e-06 
8547 40 0.000175996 5.498e-06 
8548 39 0.000158519 2.131e-06 
8549 44 0.000208313 7.832e-06 
8550 45 0.000200821 2.503e-06 
8551 44 0.000214086 3.711e-06 
8552 45 0.000199953 3.569e-06 
8553 13 4.9783e-05 3.31e-07 
8554 34 0.000147854 2.12e-06 
8555 35 0.000107458 1.603e-06 
8556 46 0.000242181 7.71e-06 
8557 29 0.000121007 1.376e-06 
8558 38 0.00019365 6.717e-06 
8559 38 0.000169905 1.735e-06 
8560 38 0.000114762 1.932e-06 
8561 38 0.00011337 1.805e-06 
8562 30 9.8255e-05 1.2e-06 
8563 38 0.00010925 1.84e-06 
8564 38 0.000107694 1.73e-06 
8565 38 0.000106051 1.355e-06 
8566 38 0.000104035 1.884e-06 
8567 30 9.5865e-05 1.267e-06 
8568 38 0.000102476 1.732e-06 
8569 38 0.000102359 1.338e-06 
8570 38 0.000101316 1.786e-06 
8571 38 0.000101107 1.348e-06 
8572 30 9.1521e-05 1.156e-06 
8573 38 0.000100619 1.572e-06 
8574 38 0.00010146 1.96e-06 
8575 38 0.000101431 1.236e-06 
8576 30 8.9522e-05 7.64e-07 
8577 38 0.000100277 1.364e-06 
8578 38 0.000101378 1.471e-06 
8579 38 0.00010116 1.755e-06 
8580 38 0.000100809 1.309e-06 
8581 30 8.551e-05 7.3e-07 
8582 38 0.000100492 1.4e-06 
8583 38 0.00010042 1.513e-06 
8584 38 0.000100913 1.844e-06 
8585 38 0.000105531 1.726e-06 
8586 30 9.1515e-05 9.25e-07 
8587 38 0.000100501 1.582e-06 
8588 38 0.000102795 1.407e-06 
8589 38 0.000100609 1.418e-06 
8590 30 8.5844e-05 3.019e-06 
8591 38 0.000105372 1.66e-06 
8592 38 0.000101911 1.897e-06 
8593 38 9.9827e-05 1.549e-06 
8594 38 0.000108425 1.604e-06 
8595 30 8.9743e-05 1.15e-06 
8596 38 0.000100022 1.379e-06 
8597 38 0.000106629 1.288e-06 
8598 38 9.9819e-05 1.399e-06 
8599 38 9.9554e-05 1.412e-06 
8600 30 8.4463e-05 1.03e-06 
8601 38 9.9524e-05 1.427e-06 
8602 38 0.000100514 1.345e-06 
8603 38 0.00011081 1.555e-06 
8604 30 8.3618e-05 8.63e-07 
8605 38 0.000100092 1.448e-06 
8606 38 0.000121288 1.397e-06 
8607 38 9.995e-05 1.423e-06 
8608 38 9.9737e-05 1.343e-06 
8609 30 8.5206e-05 7.65e-07 
8610 38 0.000102244 1.525e-06 
8611 38 9.9248e-05 1.333e-06 
8612 38 0.000110313 1.423e-06 
8613 38 9.9653e-05 1.385e-06 
8614 30 8.2225e-05 1.252e-06 
8615 38 0.000105653 1.696e-06 
8616 38 0.000105999 1.603e-06 
8617 38 0.000102158 1.305e-06 
8618 30 8.2954e-05 1.082e-06 
8619 38 9.9061e-05 1.278e-06 
8620 38 9.9188e-05 1.764e-06 
8621 38 0.000107948 1.315e-06 
8622 38 9.9338e-05 1.482e-06 
8623 30 8.9054e-05 1.102e-06 
8624 38 9.8782e-05 2.839e-06 
8625 38 0.000104614 2.063e-06 
8626 38 0.000101384 1.843e-06 
8627 38 0.000101835 1.799e-06 
8628 30 8.8755e-05 1.328e-06 
8629 38 0.000101433 2.082e-06 
8630 38 0.000101522 1.345e-06 
8631 38 0.000100299 1.613e-06 
8632 30 8.7118e-05 1.021e-06 
8633 38 0.000111977 1.932e-06 
8634 38 9.973e-05 1.369e-06 
8635 38 9.9359e-05 1.605e-06 
8636 38 9.9315e-05 1.28e-06 
8637 30 7.904e-05 7.87e-07 
8638 38 9.904e-05 1.224e-06 
8639 38 9.9627e-05 1.403e-06 
8640 38 0.000104669 1.936e-06 
8641 38 0.00010704 1.271e-06 
8642 30 7.6505e-05 9.12e-07 
8643 38 0.000104902 1.547e-06 
8644 38 9.8625e-05 1.395e-06 
8645 38 9.9053e-05 1.406e-06 
8646 38 9.9054e-05 1.304e-06 
8647 30 7.3418e-05 8.16e-07 
8648 38 0.000106193 1.261e-06 
8649 38 0.000105965 1.198e-06 
8650 38 0.000113798 1.344e-06 
8651 30 6.874e-05 9.67e-07 
8652 38 9.8986e-05 1.541e-06 
8653 38 9.8871e-05 1.438e-06 
8654 38 0.000100051 1.397e-06 
8655 38 0.00010006 1.349e-06 
8656 30 6.9082e-05 8.83e-07 
8657 38 0.000107754 1.815e-06 
8658 38 0.000100907 2.158e-06 
8659 38 0.000125825 1.307e-06 
8660 38 9.8683e-05 1.389e-06 
8661 30 7.0212e-05 9.16e-07 
8662 38 9.8315e-05 1.475e-06 
8663 38 0.000109432 1.41e-06 
8664 38 9.9592e-05 1.355e-06 
8665 30 7.2859e-05 7.41e-07 
8666 38 9.9207e-05 1.371e-06 
8667 38 9.9667e-05 1.544e-06 
8668 38 9.9877e-05 1.232e-06 
8669 38 9.9501e-05 1.331e-06 
8670 30 7.1066e-05 8.01e-07 
8671 38 9.8979e-05 1.423e-06 
8672 39 0.000106146 1.667e-06 
8673 39 0.000113502 1.669e-06 
8674 39 0.000107192 2e-06 
8675 39 0.000107211 1.202e-06 
8676 39 0.000109903 1.356e-06 
8677 39 0.000109097 1.26e-06 
8678 39 0.000108164 1.506e-06 
8679 39 0.00010948 1.545e-06 
8680 39 0.000110215 1.559e-06 
8681 39 0.00010971 1.522e-06 
8682 39 0.000109963 1.269e-06 
8683 39 0.000109313 1.219e-06 
8684 39 0.000109598 1.144e-06 
8685 39 0.00011633 1.166e-06 
8686 39 0.000108189 1.756e-06 
8687 39 0.000107609 1.203e-06 
8688 39 0.000108744 1.276e-06 
8689 39 0.000109507 1.159e-06 
8690 39 0.0001087 1.357e-06 
8691 39 0.000108128 1.33e-06 
8692 39 0.00011089 3.394e-06 
8693 39 0.000184363 1.225e-06 
8694 39 0.000109126 1.485e-06 
8695 39 0.000109624 1.24e-06 
8696 39 0.000109786 1.599e-06 
8697 39 0.000110163 1.51e-06 
8698 39 0.000110032 1.232e-06 
8699 39 0.00010886 1.326e-06 
8700 39 0.000109421 1.246e-06 
8701 39 0.000109948 1.462e-06 
8702 39 0.000112637 1.208e-06 
8703 39 0.000108951 1.308e-06 
8704 39 0.000109702 1.493e-06 
8705 39 0.000116511 1.285e-06 
8706 45 0.000270283 4.529e-06 
8707 23 0.000113969 8.36e-07 
8708 38 0.000242943 3.695e-06 
8709 39 0.000196498 1.692e-06 
8710 13 4.8134e-05 3.55e-07 
8711 30 0.000182043 1.369e-06 
8712 33 0.000141802 4.682e-06 
8713 15 6.1254e-05 3.65e-07 
8714 25 0.000117196 6.78e-07 
8715 32 0.0002083 2.069e-06 
8716 32 0.000139291 9.94e-07 
8717 29 7.6773e-05 1.436e-06 
8718 55 0.000233819 7.191e-06 
8719 46 0.00022855 6.126e-06 
8720 44 0.000310811 7.799e-06 
8721 41 0.000145243 2.283e-06 
8722 44 0.000188059 4.692e-06 
8723 48 0.00018174 1.969e-06 
8724 18 5.4709e-05 6.77e-07 
8725 20 6.3889e-05 8.96e-07 
8726 18 5.0783e-05 4.02e-07 
8727 49 0.000171122 2.901e-06 
8728 50 0.000166651 2.337e-06 
8729 49 0.000132354 2.337e-06 
8730 41 0.000167118 4.732e-06 
8731 80 0.000383987 1.4636e-05 
8732 79 0.000312635 5.713e-06 
8733 42 0.000193939 6.206e-06 
8734 43 0.000186327 5.526e-06 
8735 38 0.00015736 3.179e-06 
8736 37 0.000129967 1.312e-06 
8737 50 0.000170919 4.164e-06 
8738 45 0.000134315 1.52e-06 
8739 62 0.000305893 1.1082e-05 
8740 61 0.000269343 5.028e-06 
8741 86 0.000420622 1.7028e-05 
8742 81 0.000377141 7.405e-06 
8743 102 0.000439617 1.6644e-05 
8744 101 0.000402767 8.933e-06 
8745 17 6.5546e-05 3.13e-07 
8746 39 0.000191257 4.981e-06 
8747 44 0.000195365 4.999e-06 
8748 44 0.000166924 1.93e-06 
8749 35 8.2574e-05 9.86e-07 
8750 56 0.000316394 1.0092e-05 
8751 57 0.000299751 3.963e-06 
8752 53 0.000241852 8.205e-06 
8753 40 0.000202619 4.798e-06 
8754 41 0.000168407 2.667e-06 
8755 42 0.000217247 4.489e-06 
8756 47 0.0002025 4.119e-06 
8757 36 0.000180664 4.07e-06 
8758 37 0.000169022 3.031e-06 
8759 40 0.00016103 3.052e-06 
8760 35 0.00012707 1.178e-06 
8761 96 0.000408043 2.6482e-05 
8762 97 0.000543899 7.229e-06 
8763 30 0.000180868 1.413e-06 
8764 31 0.000124921 1.257e-06 
8765 18 8.8938e-05 3.9e-07 
8766 19 5.9393e-05 4.87e-07 
8767 55 0.000305133 4.306e-06 
8768 13 4.7551e-05 1.9e-07 
8769 27 0.000141277 1.379e-06 
8770 80 0.000490126 1.0311e-05 
8771 81 0.000402724 5.874e-06 
8772 34 0.000183123 1.723e-06 
8773 34 0.000126599 1.153e-06 
8774 34 0.000102304 1.387e-06 
8775 34 0.000104522 9.91e-07 
8776 34 9.3871e-05 7.6e-07 
8777 34 8.3364e-05 7.6e-07 
8778 34 8.2332e-05 9.61e-07 
8779 34 8.3863e-05 1.045e-06 
8780 34 8.4878e-05 1.685e-06 
8781 34 0.000102603 1.032e-06 
8782 34 8.6272e-05 1.059e-06 
8783 34 8.8241e-05 1.012e-06 
8784 34 7.9717e-05 1.091e-06 
8785 34 8.1447e-05 8.55e-07 
8786 34 7.8927e-05 1.31e-06 
8787 34 8.0256e-05 1.094e-06 
8788 34 7.8365e-05 1.132e-06 
8789 34 8.0729e-05 9.25e-07 
8790 34 7.7638e-05 9.03e-07 
8791 34 7.7675e-05 9.32e-07 
8792 34 7.8305e-05 7.32e-07 
8793 34 7.8864e-05 8.76e-07 
8794 34 7.6686e-05 1.044e-06 
8795 34 7.9549e-05 1.104e-06 
8796 34 8.5747e-05 1.473e-06 
8797 34 7.8558e-05 9.38e-07 
8798 34 7.7019e-05 9.24e-07 
8799 34 7.841e-05 1.242e-06 
8800 34 7.6994e-05 1.196e-06 
8801 34 8.689e-05 9.38e-07 
8802 34 7.8398e-05 9.38e-07 
8803 34 7.7538e-05 1.012e-06 
8804 34 7.7733e-05 3.006e-06 
8805 34 8.9277e-05 1.008e-06 
8806 34 7.7134e-05 8.76e-07 
8807 34 8.0231e-05 2.45e-06 
8808 34 8.3583e-05 2.647e-06 
8809 34 0.000172117 2.461e-06 
8810 34 0.000379796 4.777e-06 
8811 34 0.000160039 8.61e-07 
8812 34 7.7027e-05 6.73e-07 
8813 34 7.8709e-05 7.58e-07 
8814 34 9.1392e-05 8.32e-07 
8815 34 7.7899e-05 9.03e-07 
8816 34 7.7536e-05 9.26e-07 
8817 34 8.2479e-05 8.31e-07 
8818 34 7.9402e-05 8.12e-07 
8819 34 7.9441e-05 7.55e-07 
8820 34 7.8464e-05 7.05e-07 
8821 34 8.834e-05 2.636e-06 
8822 34 8.0507e-05 1.199e-06 
8823 35 8.2939e-05 1.127e-06 
8824 35 8.3153e-05 1.082e-06 
8825 35 8.1633e-05 1.068e-06 
8826 35 8.2752e-05 1.127e-06 
8827 35 8.2613e-05 3.955e-06 
8828 35 0.000113615 8.06e-07 
8829 35 8.4094e-05 8.54e-07 
8830 35 8.7181e-05 8.46e-07 
8831 35 8.5474e-05 9.74e-07 
8832 35 8.4657e-05 1.052e-06 
8833 35 8.4642e-05 9.59e-07 
8834 35 8.5143e-05 9.72e-07 
8835 35 8.5938e-05 8.23e-07 
8836 35 8.4291e-05 9.23e-07 
8837 35 8.4036e-05 6.93e-07 
8838 35 8.5368e-05 7.6e-07 
8839 46 0.000293938 4.349e-06 
8840 47 0.000239472 2.338e-06 
8841 64 0.000389546 1.4366e-05 
8842 63 0.000370917 3.141e-06 
8843 40 0.000224592 3.343e-06 
8844 39 0.000189168 1.43e-06 
8845 46 0.000292109 5.812e-06 
8846 45 0.000235364 2.71e-06 
8847 44 0.000279307 3.823e-06 
8848 41 0.00020679 2.582e-06 
8849 46 0.000286182 4.968e-06 
8850 45 0.000199725 6.701e-06 
8851 44 0.000253433 2.926e-06 
8852 59 0.000335855 5.517e-06 
8853 32 0.000190005 1.447e-06 
8854 31 0.000140126 9.95e-07 
8855 34 0.000183165 1.744e-06 
8856 33 0.000124303 1.06e-06 
8857 40 0.000234019 2.682e-06 
8858 39 0.000245443 9.043e-06 
8859 41 0.000173761 3.807e-06 
8860 36 0.000147523 2.784e-06 
8861 35 0.000117603 1.478e-06 
8862 11 3.1102e-05 3.54e-07 
8863 39 0.000205686 6.56e-06 
8864 26 0.000113674 5.1e-07 
8865 31 9.5031e-05 1.753e-06 
8866 45 0.000211404 4.27e-06 
8867 22 8.5203e-05 1.111e-06 
8868 23 6.5802e-05 9.44e-07 
8869 44 0.000211289 4.936e-06 
8870 45 0.000188199 2.314e-06 
8871 27 0.000106505 1.242e-06 
8872 36 0.000176867 6.953e-06 
8873 27 0.000150395 7.48e-07 
8874 13 5.1214e-05 9.42e-07 
8875 13 4.8231e-05 3.8e-07 
8876 15 5.9503e-05 5.71e-07 
8877 15 6.0259e-05 2.92e-07 
8878 13 4.8108e-05 1.73e-07 
8879 82 0.000522752 2.1265e-05 
8880 85 0.000510624 6.775e-06 
8881 48 0.000313842 5.909e-06 
8882 43 0.000250618 2.288e-06 
8883 62 0.000400603 9.111e-06 
8884 63 0.000343482 3.974e-06 
8885 82 0.000555381 1.4932e-05 
8886 85 0.000507858 6.536e-06 
8887 102 0.000646015 1.6371e-05 
8888 103 0.000552441 8.96e-06 
8889 38 0.000221715 2.644e-06 
8890 39 0.000156209 2.113e-06 
8891 41 0.000175733 1.0711e-05 
8892 46 0.000199721 6.428e-06 
8893 51 0.000201158 3.591e-06 
8894 56 0.000314057 1.3026e-05 
8895 57 0.000309166 4.075e-06 
8896 55 0.000230814 4.356e-06 
8897 13 4.0058e-05 2.85e-07 
8898 30 0.000137875 1.506e-06 
8899 40 0.000193619 3.804e-06 
8900 31 0.000116523 1.049e-06 
8901 55 0.000324073 1.0791e-05 
8902 48 0.000321669 1.3463e-05 
8903 35 0.000189309 1.838e-06 
8904 98 0.000563531 3.9922e-05 
8905 97 0.000766567 6.035e-06 
8906 32 0.000194697 1.544e-06 
8907 33 0.000134618 1.727e-06 
8908 19 9.4031e-05 8.25e-07 
8909 39 0.000251708 4.55e-06 
8910 41 0.000236939 3.088e-06 
8911 27 0.00014132 1.131e-06 
8912 40 0.000278164 1.0032e-05 
8913 39 0.000264201 1.484e-06 
8914 35 0.000186024 2.035e-06 
8915 50 0.000288593 9.979e-06 
8916 51 0.000212276 3.654e-06 
8917 40 0.000170905 3.352e-06 
8918 35 0.00012972 2.027e-06 
8919 46 0.000211215 7.678e-06 
8920 45 0.000196366 3.348e-06 
8921 40 0.000181516 3.885e-06 
8922 45 0.000191637 3.605e-06 
8923 36 0.000152804 3.997e-06 
8924 37 0.000133043 2.331e-06 
8925 50 0.000259269 6.1e-06 
8926 49 0.000218946 2.542e-06 
8927 86 0.000381202 1.7944e-05 
8928 77 0.00033364 7.259e-06 
8929 15 6.1267e-05 4.96e-07 
8930 39 0.000162243 3.406e-06 
8931 28 0.000121543 1.898e-06 
8932 35 0.000152218 2.858e-06 
8933 23 0.000101421 5.45e-07 
8934 36 0.000147666 2.355e-06 
8935 37 0.000122198 2.67e-06 
8936 40 0.000227061 8.657e-06 
8937 43 0.000314682 7.163e-06 
8938 25 0.000132436 8.19e-07 
8939 52 0.000336142 5.569e-06 
8940 47 0.000227786 2.828e-06 
8941 62 0.000297569 9.642e-06 
8942 45 0.000191696 5.02e-06 
8943 44 0.000235996 6.867e-06 
8944 47 0.000212192 3.498e-06 
8945 21 7.9154e-05 9.18e-07 
8946 17 6.5156e-05 9.92e-07 
8947 28 0.000128373 1.618e-06 
8948 29 9.9404e-05 1.554e-06 
8949 34 0.000160454 2.496e-06 
8950 31 0.000120002 1.092e-06 
8951 46 0.000218495 5.719e-06 
8952 47 0.000192284 2.741e-06 
8953 32 0.000151683 2.915e-06 
8954 31 0.000114551 1.426e-06 
8955 45 0.000208524 3.999e-06 
8956 39 0.000202687 5.952e-06 
8957 62 0.000307089 1.1055e-05 
8958 63 0.000268479 4.449e-06 
8959 86 0.000438495 1.7693e-05 
8960 81 0.000405436 8.7e-06 
8961 104 0.000448328 2.0924e-05 
8962 101 0.000430875 9.906e-06 
8963 78 0.000355703 1.6803e-05 
8964 79 0.000323606 9.362e-06 
8965 13 4.2718e-05 2.91e-07 
8966 40 0.000177891 4.755e-06 
8967 39 0.000143954 2.697e-06 
8968 53 0.000255156 8.332e-06 
8969 56 0.000312374 1.0319e-05 
8970 57 0.000312104 3.721e-06 
8971 41 0.00019401 3.727e-06 
8972 48 0.000229214 6.121e-06 
8973 49 0.000192724 3.151e-06 
8974 38 0.000204976 4.402e-06 
8975 33 0.000160708 1.749e-06 
8976 25 9.2798e-05 1.232e-06 
8977 55 0.000227122 7.912e-06 
8978 32 0.000179304 6.361e-06 
8979 41 0.000168387 1.983e-06 
8980 98 0.000429204 2.1703e-05 
8981 97 0.000383151 1.3165e-05 
8982 32 0.000217918 1.803e-06 
8983 33 0.000139534 1.633e-06 
8984 38 0.000171659 2.945e-06 
8985 37 0.000140689 1.665e-06 
8986 54 0.00025454 8.998e-06 
8987 51 0.000196923 3.039e-06 
8988 36 0.000159013 2.725e-06 
8989 41 0.000173401 2.971e-06 
8990 46 0.000217853 7.128e-06 
8991 46 0.000189271 3.317e-06 
8992 50 0.000219498 3.095e-06 
8993 37 0.000116683 1.368e-06 
8994 44 0.000208257 4.686e-06 
8995 43 0.000186023 3.687e-06 
8996 27 0.000111688 1.372e-06 
8997 48 0.000242193 6.407e-06 
8998 45 0.00020504 5.215e-06 
8999 38 0.000143683 1.45e-06 
9000 39 0.000149466 2.797e-06 
9001 55 0.00024627 1.555e-05 
9002 48 0.000262569 7.056e-06 
9003 49 0.000218303 2.509e-06 
9004 80 0.000351442 1.8663e-05 
9005 79 0.000351881 8.019e-06 
9006 39 0.00020747 5.966e-06 
9007 40 0.000212199 5.839e-06 
9008 39 0.000194606 1.97e-06 
9009 34 0.000143813 2.978e-06 
9010 35 0.000128574 1.609e-06 
9011 34 0.000151199 3.475e-06 
9012 47 0.000247782 6.989e-06 
9013 24 9.5663e-05 8e-07 
9014 23 8.7525e-05 1.902e-06 
9015 50 0.000225014 6.009e-06 
9016 53 0.000210683 3.906e-06 
9017 22 8.4899e-05 1.296e-06 
9018 23 7.0701e-05 5.98e-07 
9019 13 4.5013e-05 5.12e-07 
9020 13 4.0567e-05 1.051e-06 
9021 15 5.1941e-05 3.37e-07 
9022 15 5.0546e-05 1.441e-06 
9023 13 4.1881e-05 2.44e-07 
9024 46 0.000201979 5.347e-06 
9025 63 0.000295737 7.926e-06 
9026 44 0.000219529 5.934e-06 
9027 45 0.000196974 2.986e-06 
9028 32 0.000155396 3.385e-06 
9029 33 0.000145638 1.025e-06 
9030 41 0.000175275 4.96e-06 
9031 13 4.1101e-05 1.84e-07 
9032 32 0.000146153 1.879e-06 
9033 31 0.000112965 1.013e-06 
9034 32 0.000144174 1.882e-06 
9035 27 0.000101036 1.08e-06 
9036 62 0.000293273 1.1306e-05 
9037 63 0.000287865 1.2658e-05 
9038 82 0.00039918 1.8801e-05 
9039 85 0.000426588 8.777e-06 
9040 102 0.000442332 2.0124e-05 
9041 103 0.000514408 9.542e-06 
9042 56 0.000328362 1.5147e-05 
9043 59 0.000328308 3.598e-06 
9044 80 0.000351759 1.668e-05 
9045 79 0.000324665 9.199e-06 
9046 40 0.000167489 3.975e-06 
9047 41 0.000162303 2.591e-06 
9048 35 0.000141643 4.12e-06 
9049 45 0.000197909 4.636e-06 
9050 38 0.000173913 4.054e-06 
9051 39 0.00014618 1.435e-06 
9052 39 0.000193849 5.85e-06 
9053 46 0.000230678 6.021e-06 
9054 49 0.00022296 4.481e-06 
9055 55 0.000225793 6.92e-06 
9056 32 0.000146654 2.579e-06 
9057 33 0.000124044 1.154e-06 
9058 34 0.000146578 2.559e-06 
9059 49 0.000236973 3.729e-06 
9060 96 0.000406187 2.1751e-05 
9061 97 0.000387759 1.184e-05 
9062 34 0.000172657 2.773e-06 
9063 35 0.000140218 1.68e-06 
9064 54 0.000243153 8.295e-06 
9065 49 0.000191779 7.545e-06 
9066 27 0.000306526 1.701e-06 
9067 64 0.000390639 1.12e-05 
9068 65 0.000439262 4.203e-06 
9069 42 0.000248728 5.412e-06 
9070 41 0.000211448 1.949e-06 
9071 44 0.000278016 5.237e-06 
9072 45 0.000262293 4.418e-06 
9073 15 6.7101e-05 2.6e-07 
9074 29 0.000158984 1.942e-06 
9075 27 0.000142491 1.124e-06 
9076 40 0.000228533 4.317e-06 
9077 41 0.000179243 1.953e-06 
9078 38 0.000239523 2.776e-06 
9079 39 0.000176231 2.019e-06 
9080 17 7.3445e-05 7.4e-07 
9081 50 0.000329978 5.722e-06 
9082 51 0.000276344 2.423e-06 
9083 23 0.000114133 8.29e-07 
9084 41 0.000232405 2.832e-06 
9085 80 0.000492415 1.3543e-05 
9086 79 0.000405773 6.684e-06 
9087 38 0.000208005 2.121e-06 
9088 39 0.000139768 1.832e-06 
9089 48 0.000341703 6.686e-06 
9090 31 0.000174744 2.041e-06 
9091 12 4.5836e-05 1.57e-07 
9092 12 3.2731e-05 1.87e-07 
9093 12 3.3599e-05 2.2e-07 
9094 12 3.3771e-05 2.89e-07 
9095 12 3.2328e-05 2.15e-07 
9096 12 3.4253e-05 2.05e-07 
9097 12 3.3258e-05 1.73e-07 
9098 12 3.3477e-05 1.28e-07 
9099 12 3.3952e-05 2.65e-07 
9100 12 3.2546e-05 1.77e-07 
9101 12 3.3791e-05 2.17e-07 
9102 12 3.2305e-05 2.29e-07 
9103 12 3.228e-05 2.23e-07 
9104 12 3.4077e-05 1.93e-07 
9105 12 3.2699e-05 3.49e-07 
9106 12 3.342e-05 1.85e-07 
9107 12 3.3458e-05 2.04e-07 
9108 12 3.2982e-05 1.84e-07 
9109 12 3.2376e-05 2.31e-07 
9110 12 3.2585e-05 3.42e-07 
9111 12 3.2953e-05 2.43e-07 
9112 12 3.1534e-05 3.18e-07 
9113 12 3.266e-05 8.24e-07 
9114 12 3.4324e-05 2.65e-07 
9115 12 3.2575e-05 2.52e-07 
9116 12 3.2575e-05 2.36e-07 
9117 12 3.0037e-05 1.78e-07 
9118 12 3.1429e-05 2.01e-07 
9119 12 3.1397e-05 1.99e-07 
9120 12 3.1373e-05 1.98e-07 
9121 12 3.172e-05 2.12e-07 
9122 12 3.2113e-05 2.26e-07 
9123 12 3.251e-05 2.83e-07 
9124 12 2.9479e-05 2.28e-07 
9125 12 3.0649e-05 1.82e-07 
9126 12 3.2067e-05 2.53e-07 
9127 12 3.0594e-05 1.61e-07 
9128 12 3.0211e-05 1.94e-07 
9129 12 3.6308e-05 1.96e-07 
9130 12 3.2384e-05 2.04e-07 
9131 12 3.2396e-05 1.85e-07 
9132 12 3.2478e-05 1.95e-07 
9133 12 3.3184e-05 2.1e-07 
9134 12 3.0628e-05 1.43e-07 
9135 12 3.0729e-05 2.02e-07 
9136 12 2.9579e-05 2.65e-07 
9137 12 3.1098e-05 3.95e-07 
9138 12 3.4469e-05 2.16e-07 
9139 12 3.0425e-05 2.81e-07 
9140 11 2.3037e-05 2.9e-07 
9141 11 2.3681e-05 2.01e-07 
9142 12 2.8112e-05 1.84e-07 
9143 12 2.8334e-05 2e-07 
9144 13 4.4072e-05 2.11e-07 
9145 13 3.5113e-05 2.89e-07 
9146 13 3.9112e-05 1.597e-06 
9147 13 4.4351e-05 3.32e-07 
9148 13 4.0825e-05 2.05e-07 
9149 13 3.9825e-05 2.31e-07 
9150 13 3.8797e-05 2.13e-07 
9151 13 3.9358e-05 1.172e-06 
9152 13 3.6082e-05 2.55e-07 
9153 13 3.6443e-05 2.76e-07 
9154 13 3.8847e-05 2.85e-07 
9155 13 3.8013e-05 5.87e-07 
9156 13 3.4641e-05 2.62e-07 
9157 13 3.6533e-05 4.82e-07 
9158 13 4.0768e-05 1.6e-07 
9159 24 9.6152e-05 1.316e-06 
9160 25 9.6192e-05 1.081e-06 
9161 38 0.00018978 6.726e-06 
9162 39 0.000185283 1.668e-06 
9163 13 3.9739e-05 2.78e-07 
9164 44 0.000205086 5.367e-06 
9165 45 0.000182868 1.906e-06 
9166 50 0.000218047 7.8e-06 
9167 47 0.000193042 2.749e-06 
9168 39 0.000189013 6.119e-06 
9169 64 0.000300487 1.1786e-05 
9170 65 0.000272813 6.104e-06 
9171 86 0.000495356 2.3028e-05 
9172 81 0.000378716 6.667e-06 
9173 104 0.000449798 1.7185e-05 
9174 103 0.000430139 9.4e-06 
9175 55 0.000230523 6.836e-06 
9176 60 0.000278258 9.647e-06 
9177 47 0.000192466 7.691e-06 
9178 40 0.000169901 2.299e-06 
9179 39 0.000141225 1.345e-06 
9180 50 0.000250019 8.389e-06 
9181 47 0.000230903 3.748e-06 
9182 54 0.000294184 1.0665e-05 
9183 55 0.000290266 3.548e-06 
9184 53 0.00023903 7.911e-06 
9185 28 0.000118158 1.063e-06 
9186 29 0.0001015 1.684e-06 
9187 31 0.00014668 2.009e-06 
9188 39 0.000169659 5.556e-06 
9189 27 0.000141553 9.14e-07 
9190 36 0.000186243 4.894e-06 
9191 29 0.000115929 1.183e-06 
9192 40 0.000170122 3.373e-06 
9193 41 0.000148261 2.301e-06 
9194 80 0.000363929 1.6899e-05 
9195 85 0.000351276 8.28e-06 
9196 50 0.000200083 6.349e-06 
9197 51 0.000174103 2.408e-06 
9198 36 0.000142104 1.998e-06 
9199 33 0.000121734 1.01e-06 
9200 98 0.000413361 1.8053e-05 
9201 101 0.000387726 9.291e-06 
9202 34 0.000162493 2.061e-06 
9203 35 0.000124574 1.497e-06 
9204 46 0.000209451 1.1965e-05 
9205 49 0.000233901 2.958e-06 
9206 42 0.00018069 4.396e-06 
9207 41 0.000162705 1.75e-06 
9208 46 0.000214688 5.552e-06 
9209 41 0.00016489 2.521e-06 
9210 45 0.000192857 5.341e-06 
9211 48 0.000252092 6.535e-06 
9212 55 0.000216256 3.217e-06 
9213 42 0.000179647 5.252e-06 
9214 42 0.0001535 2.489e-06 
9215 42 0.000122403 1.45e-06 
9216 50 0.000196382 3.523e-06 
9217 34 0.000103277 1.263e-06 
9218 35 0.000102133 1.07e-06 
9219 36 9.7925e-05 1.158e-06 
9220 36 9.3656e-05 1.12e-06 
9221 46 0.000157926 1.868e-06 
9222 42 0.000109399 4.228e-06 
9223 42 0.000118031 4.283e-06 
9224 50 0.000228665 3.35e-06 
9225 34 0.000143459 1.511e-06 
9226 50 0.000237695 5.746e-06 
9227 36 9.9621e-05 1.507e-06 
9228 42 0.000124142 2.125e-06 
9229 24 6.8519e-05 6.53e-07 
9230 46 0.000143735 1.856e-06 
9231 42 0.000112525 1.5e-06 
9232 42 0.000101231 1.328e-06 
9233 50 0.000158754 1.883e-06 
9234 34 8.6646e-05 1.227e-06 
9235 50 0.000145209 1.991e-06 
9236 36 0.000102566 1.068e-06 
9237 42 0.000103614 1.25e-06 
9238 50 0.000140822 1.689e-06 
9239 42 0.000101986 1.553e-06 
9240 34 8.4175e-05 1.05e-06 
9241 46 0.000125522 1.516e-06 
9242 36 8.7192e-05 1.095e-06 
9243 50 0.000141658 1.772e-06 
9244 42 0.000101977 3.119e-06 
9245 42 0.000102694 1.631e-06 
9246 50 0.000145314 2.114e-06 
9247 34 8.3543e-05 9.83e-07 
9248 24 6.7755e-05 5.87e-07 
9249 36 8.7056e-05 1.571e-06 
9250 46 0.000125979 1.901e-06 
9251 42 9.908e-05 1.512e-06 
9252 50 0.000136329 2.053e-06 
9253 42 9.8979e-05 1.59e-06 
9254 42 9.7504e-05 1.555e-06 
9255 50 0.000143911 1.964e-06 
9256 34 7.8668e-05 9.73e-07 
9257 50 0.000132503 2.159e-06 
9258 36 8.7736e-05 1.141e-06 
9259 42 9.8807e-05 1.445e-06 
9260 46 0.000131233 1.816e-06 
9261 42 9.8375e-05 1.452e-06 
9262 34 7.6734e-05 9.65e-07 
9263 45 0.000108318 1.388e-06 
9264 46 0.000112245 1.621e-06 
9265 47 0.000115418 2.425e-06 
9266 47 0.000117633 2.142e-06 
9267 47 0.000113681 1.806e-06 
9268 47 0.000147292 4.414e-06 
9269 47 0.000130362 1.909e-06 
9270 47 0.000120939 1.896e-06 
9271 47 0.000121024 1.575e-06 
9272 47 0.000121486 1.789e-06 
9273 47 0.000121953 1.495e-06 
9274 47 0.000120599 1.74e-06 
9275 47 0.00011985 2.005e-06 
9276 47 0.000120283 1.619e-06 
9277 47 0.000120299 1.58e-06 
9278 47 0.000128961 1.612e-06 
9279 41 0.000239752 3.873e-06 
9280 27 0.000146537 7.39e-07 
9281 47 0.000122643 2.022e-06 
9282 39 0.000256193 4.445e-06 
9283 32 0.000197671 2.153e-06 
9284 33 0.00013846 1.579e-06 
9285 51 0.000391183 7.831e-06 
9286 13 5.323e-05 1.079e-06 
9287 13 4.5298e-05 6e-07 
9288 13 4.0885e-05 6.02e-07 
9289 15 5.0696e-05 3.74e-07 
9290 15 5.0248e-05 4.67e-07 
9291 13 3.9472e-05 2.77e-07 
9292 35 0.00016457 3.026e-06 
9293 38 0.00017074 2.926e-06 
9294 41 0.00020142 4.697e-06 
9295 46 0.000237631 6.457e-06 
9296 49 0.000230948 3.344e-06 
9297 86 0.000386577 1.7765e-05 
9298 83 0.000343263 8.098e-06 
9299 21 7.4748e-05 1.057e-06 
9300 26 0.000118517 1.299e-06 
9301 25 0.000108978 1.064e-06 
9302 30 0.000133961 1.544e-06 
9303 37 0.000171149 3.719e-06 
9304 40 0.000192531 7.538e-06 
9305 41 0.000317594 2.617e-06 
9306 23 9.4051e-05 1.041e-06 
9307 44 0.000245253 5.71e-06 
9308 45 0.00019201 4.11e-06 
9309 62 0.000315306 9.703e-06 
9310 63 0.000301153 6.767e-06 
9311 80 0.000405033 1.6112e-05 
9312 85 0.00043647 9.796e-06 
9313 104 0.000487708 1.8799e-05 
9314 105 0.000490147 1.2027e-05 
9315 25 9.0426e-05 1.099e-06 
9316 35 0.00016012 3.558e-06 
9317 58 0.000384039 1.548e-05 
9318 57 0.000513256 6.268e-06 
9319 52 0.00021668 1.0289e-05 
9320 51 0.000193211 2.241e-06 
9321 13 5.7152e-05 2.45e-07 
9322 42 0.000210832 6.956e-06 
9323 43 0.000194717 3.097e-06 
9324 56 0.000284641 7.724e-06 
9325 51 0.000221821 4.303e-06 
9326 50 0.0002276 5.455e-06 
9327 53 0.000220797 5.817e-06 
9328 32 0.000144076 8.152e-06 
9329 33 0.000142007 1.978e-06 
9330 39 0.000195502 7.007e-06 
9331 42 0.000193982 4.038e-06 
9332 41 0.000168219 1.948e-06 
9333 41 0.000167286 6.046e-06 
9334 84 0.000421674 1.8662e-05 
9335 79 0.000333654 7.543e-06 
9336 50 0.000265016 7.317e-06 
9337 35 0.00013318 1.992e-06 
9338 102 0.000433081 2.4148e-05 
9339 97 0.000394098 1.0583e-05 
9340 34 0.000162204 1.734e-06 
9341 35 0.000134796 2.136e-06 
9342 15 4.8233e-05 7.3e-07 
9343 52 0.000234871 6.079e-06 
9344 53 0.000227733 2.152e-06 
9345 42 0.000177006 4.578e-06 
9346 37 0.00013845 2.416e-06 
9347 42 0.000191701 3.415e-06 
9348 45 0.000195114 3.784e-06 
9349 55 0.000236963 6.519e-06 
9350 17 6.3707e-05 1.146e-06 
9351 36 0.000184165 4.516e-06 
9352 35 0.000171488 1.971e-06 
9353 48 0.000253764 5.578e-06 
9354 47 0.000217673 3.895e-06 
9355 52 0.000236496 9.558e-06 
9356 51 0.000206028 3.486e-06 
9357 27 0.000112738 1.983e-06 
9358 13 4.1072e-05 3.64e-07 
9359 47 0.000215792 6.452e-06 
9360 45 0.000206509 5.609e-06 
9361 52 0.000212232 5.257e-06 
9362 51 0.000189297 2.342e-06 
9363 20 8.4227e-05 5.42e-07 
9364 21 6.5693e-05 7.31e-07 
9365 42 0.000186692 4.283e-06 
9366 41 0.000156536 1.904e-06 
9367 40 0.000208556 5.196e-06 
9368 41 0.00018569 3.768e-06 
9369 26 0.000113949 1.55e-06 
9370 25 0.00010038 1.045e-06 
9371 80 0.000371596 1.6751e-05 
9372 77 0.000336907 6.991e-06 
9373 44 0.000207847 8.117e-06 
9374 43 0.000194671 2.264e-06 
9375 27 0.000108634 1.227e-06 
9376 41 0.00017109 4.832e-06 
9377 62 0.00028989 1.3186e-05 
9378 63 0.000291362 4.406e-06 
9379 86 0.000419684 1.8167e-05 
9380 81 0.000368756 7.643e-06 
9381 106 0.000477553 2.1079e-05 
9382 103 0.000434857 1.0064e-05 
9383 39 0.000193766 6.033e-06 
9384 56 0.000320137 1.1093e-05 
9385 57 0.000368033 4.666e-06 
9386 32 0.000155675 2.994e-06 
9387 33 0.000134869 1.187e-06 
9388 53 0.000255719 8.612e-06 
9389 41 0.000168852 4.215e-06 
9390 52 0.000232146 7.873e-06 
9391 57 0.000235433 5.289e-06 
9392 22 8.2604e-05 9.33e-07 
9393 22 6.8405e-05 5.17e-07 
9394 22 6.37e-05 7.5e-07 
9395 22 6.509e-05 7.97e-07 
9396 22 6.0541e-05 8.84e-07 
9397 22 6.3447e-05 4.35e-07 
9398 22 7.0476e-05 4.47e-07 
9399 22 5.9795e-05 7.8e-07 
9400 24 6.5796e-05 8.24e-07 
9401 24 6.658e-05 4.87e-07 
9402 24 6.6185e-05 8.27e-07 
9403 24 6.8937e-05 3.584e-06 
9404 24 9.3238e-05 6.92e-07 
9405 24 7.561e-05 7.5e-07 
9406 24 8.1026e-05 8.49e-07 
9407 23 7.5655e-05 5.49e-07 
9408 24 8.3322e-05 1.014e-06 
9409 24 8.9248e-05 8.41e-07 
9410 24 7.5011e-05 5.79e-07 
9411 23 6.8977e-05 1.097e-06 
9412 24 7.517e-05 6.12e-07 
9413 24 6.956e-05 7.23e-07 
9414 24 6.9794e-05 8.42e-07 
9415 24 6.7196e-05 1.622e-06 
9416 24 7.1887e-05 7.16e-07 
9417 24 7.3643e-05 6.03e-07 
9418 24 7.1555e-05 7.88e-07 
9419 24 7.3477e-05 1.126e-06 
9420 24 6.873e-05 5.97e-07 
9421 24 7.1482e-05 6.85e-07 
9422 24 7.7321e-05 5.21e-07 
9423 24 6.7145e-05 5.89e-07 
9424 22 5.6973e-05 7.06e-07 
9425 24 6.856e-05 1.182e-06 
9426 24 7.1062e-05 4.65e-07 
9427 24 6.8487e-05 7.83e-07 
9428 24 7.1409e-05 5.46e-07 
9429 23 6.2858e-05 5.95e-07 
9430 24 6.8329e-05 5.07e-07 
9431 24 6.5857e-05 6.03e-07 
9432 24 7.6282e-05 5.44e-07 
9433 24 6.6847e-05 5.03e-07 
9434 24 6.5334e-05 4.23e-07 
9435 24 7.1574e-05 5.5e-07 
9436 24 6.4446e-05 4.82e-07 
9437 24 6.5523e-05 6.28e-07 
9438 22 5.5477e-05 7.15e-07 
9439 24 6.5424e-05 5.22e-07 
9440 24 6.8595e-05 3.8e-07 
9441 24 6.4954e-05 4.85e-07 
9442 22 5.428e-05 9.71e-07 
9443 22 6.1968e-05 3.98e-07 
9444 22 5.8532e-05 4.47e-07 
9445 22 5.8025e-05 4.72e-07 
9446 22 5.6225e-05 4.88e-07 
9447 22 5.4329e-05 4.85e-07 
9448 22 5.5135e-05 4.26e-07 
9449 22 5.8438e-05 4.56e-07 
9450 25 7.3869e-05 6.55e-07 
9451 25 7.1117e-05 5.56e-07 
9452 25 7.1224e-05 5.37e-07 
9453 25 7.3474e-05 6.42e-07 
9454 25 6.8487e-05 3.8e-07 
9455 25 6.4448e-05 5.78e-07 
9456 25 8.3183e-05 4.98e-07 
9457 25 7.971e-05 5.82e-07 
9458 25 7.7516e-05 8.16e-07 
9459 25 7.5847e-05 7.22e-07 
9460 25 7.9728e-05 7.62e-07 
9461 25 7.674e-05 1.049e-06 
9462 25 7.5079e-05 6.63e-07 
9463 25 8.4907e-05 1.191e-06 
9464 23 6.0971e-05 8.43e-07 
9465 34 0.000167903 3.623e-06 
9466 39 0.000172468 3.629e-06 
9467 42 0.000215678 6.114e-06 
9468 42 0.000189707 2.621e-06 
9469 42 0.000126676 2.307e-06 
9470 42 0.000122566 1.637e-06 
9471 42 0.000119881 2.354e-06 
9472 35 0.000114241 1.432e-06 
9473 36 0.000105628 1.506e-06 
9474 37 9.8749e-05 1.375e-06 
9475 25 0.000105427 1.373e-06 
9476 36 0.000102119 1.623e-06 
9477 37 0.000100687 1.355e-06 
9478 63 0.000299666 9.693e-06 
9479 30 0.000129345 1.728e-06 
9480 29 0.000119948 1.977e-06 
9481 44 0.000248944 6.888e-06 
9482 51 0.000249917 5.961e-06 
9483 36 0.000157359 2.677e-06 
9484 37 0.000120998 2.187e-06 
9485 40 0.000193491 4.166e-06 
9486 43 0.000168556 3.265e-06 
9487 16 6.3238e-05 3.88e-07 
9488 17 4.8242e-05 2.59e-07 
9489 36 0.000148022 3.666e-06 
9490 37 0.000188104 2.049e-06 
9491 98 0.000443728 2.1995e-05 
9492 97 0.000391062 1.0864e-05 
9493 34 0.000167363 2.182e-06 
9494 35 0.000131436 2.748e-06 
9495 66 0.000304199 1.0564e-05 
9496 65 0.000254268 5.219e-06 
9497 36 0.000151315 3.051e-06 
9498 41 0.000175641 2.569e-06 
9499 44 0.00020331 4.582e-06 
9500 45 0.000189555 3.862e-06 
9501 52 0.000225138 6.778e-06 
9502 51 0.000177754 2.054e-06 
9503 78 0.00035159 1.4284e-05 
9504 79 0.000312649 5.228e-06 
9505 13 4.7401e-05 2.19e-07 
9506 42 0.000181787 3.735e-06 
9507 43 0.000157119 2.079e-06 
9508 39 0.000187548 6.401e-06 
9509 58 0.000278123 7.251e-06 
9510 51 0.000191898 3.366e-06 
9511 27 0.000108212 1.187e-06 
9512 47 0.000206297 5.896e-06 
9513 13 4.4452e-05 3.23e-07 
9514 13 3.9768e-05 2.41e-07 
9515 15 4.9432e-05 3.8e-07 
9516 15 5.0291e-05 2.54e-07 
9517 13 4.0713e-05 3.66e-07 
9518 25 0.00012021 1.067e-06 
9519 39 0.000161655 4.883e-06 
9520 35 0.00016535 1.691e-06 
9521 13 4.4407e-05 2.27e-07 
9522 34 0.000165581 2.676e-06 
9523 31 0.00011879 2.178e-06 
9524 21 8.9291e-05 1.045e-06 
9525 32 0.000135266 1.767e-06 
9526 49 0.000288204 6.608e-06 
9527 26 0.00010546 1.362e-06 
9528 27 0.000107678 1.358e-06 
9529 44 0.000207493 5.561e-06 
9530 45 0.00019915 4.242e-06 
9531 50 0.000207916 4.845e-06 
9532 47 0.000149858 2.746e-06 
9533 64 0.00029534 9.267e-06 
9534 65 0.000280332 3.585e-06 
9535 82 0.000390835 1.4471e-05 
9536 85 0.000420588 7.628e-06 
9537 104 0.00044736 1.9041e-05 
9538 105 0.000463473 9.857e-06 
9539 56 0.000324069 1.0657e-05 
9540 57 0.000314191 4.016e-06 
9541 41 0.000165088 3.853e-06 
9542 45 0.000188318 5.161e-06 
9543 80 0.000348345 1.2881e-05 
9544 79 0.000312336 6.602e-06 
9545 50 0.000246695 9.186e-06 
9546 45 0.000209654 1.944e-06 
9547 52 0.000205657 6.186e-06 
9548 53 0.000186245 2.239e-06 
9549 23 8.3299e-05 1.148e-06 
9550 52 0.000221799 8.228e-06 
9551 49 0.000227948 2.859e-06 
9552 39 0.000192808 4.723e-06 
9553 44 0.000185354 5.25e-06 
9554 41 0.000167384 2.426e-06 
9555 12 3.6511e-05 2.6e-07 
9556 13 3.0113e-05 1.74e-07 
9557 36 0.000169108 3.048e-06 
9558 37 0.000129148 1.781e-06 
9559 40 0.000181849 4.421e-06 
9560 49 0.00022642 5.358e-06 
9561 98 0.000403682 1.8133e-05 
9562 99 0.000377901 8.49e-06 
9563 36 0.000191841 2.727e-06 
9564 37 0.000148385 2.154e-06 
9565 34 0.000153486 2.782e-06 
9566 33 0.000122512 2.055e-06 
9567 50 0.000226693 5.27e-06 
9568 47 0.000170057 2.281e-06 
9569 42 0.000182364 5.27e-06 
9570 37 0.000153225 1.785e-06 
9571 44 0.000226087 5.965e-06 
9572 45 0.000196926 3.414e-06 
9573 36 0.000163131 3.472e-06 
9574 37 0.000139657 2.355e-06 
9575 38 0.000175354 3.373e-06 
9576 43 0.000157555 2.651e-06 
9577 17 6.0011e-05 6.03e-07 
9578 30 0.000129941 2.617e-06 
9579 31 0.000109335 1.789e-06 
9580 15 4.7482e-05 4.54e-07 
9581 28 0.000130909 2.574e-06 
9582 33 0.000144806 2.229e-06 
9583 13 4.2076e-05 2.38e-07 
9584 80 0.000348747 1.369e-05 
9585 85 0.000361409 7.89e-06 
9586 25 8.7991e-05 6.23e-07 
9587 41 0.000163178 4.682e-06 
9588 50 0.000213263 5.215e-06 
9589 59 0.000237614 5.956e-06 
9590 54 0.000237259 7.595e-06 
9591 53 0.000189515 2.943e-06 
9592 47 0.000208946 5.193e-06 
9593 27 0.000117031 1.93e-06 
9594 46 0.000236592 5.664e-06 
9595 49 0.000216125 3.827e-06 
9596 58 0.000329606 1.0442e-05 
9597 59 0.000309161 5.228e-06 
9598 64 0.000294457 1.0548e-05 
9599 63 0.000275256 4.241e-06 
9600 84 0.000411878 1.6789e-05 
9601 81 0.000403153 8.207e-06 
9602 106 0.000447069 1.6934e-05 
9603 103 0.000424249 1.0915e-05 
9604 48 0.000248589 5.224e-06 
9605 49 0.000199149 3.193e-06 
9606 54 0.000215227 5.822e-06 
9607 55 0.000184036 4.69e-06 
9608 26 0.000105752 1.001e-06 
9609 27 0.000104007 1.375e-06 
9610 48 0.000249921 6.357e-06 
9611 35 0.000146638 2.635e-06 
9612 37 0.000148528 2.593e-06 
9613 21 7.4286e-05 7.08e-07 
9614 39 0.000189965 5.172e-06 
9615 86 0.000375553 1.5643e-05 
9616 80 0.00032662 8.645e-06 
9617 52 0.000161718 3.694e-06 
9618 81 0.0002553 6.333e-06 
9619 82 0.00025003 5.554e-06 
9620 79 0.000205656 4.377e-06 
9621 25 0.000105209 1.997e-06 
9622 38 0.000185091 4.213e-06 
9623 39 0.000165014 2.217e-06 
9624 53 0.000257302 6.766e-06 
9625 44 0.000190482 4.827e-06 
9626 39 0.00013922 1.494e-06 
9627 45 0.000187691 1.1089e-05 
9628 60 0.000262731 8.833e-06 
9629 51 0.000198452 3.74e-06 
9630 54 0.000230822 7.328e-06 
9631 51 0.000184727 2.292e-06 
9632 38 0.0001604 3.313e-06 
9633 43 0.000162338 1.925e-06 
9634 46 0.000209968 4.418e-06 
9635 43 0.000177278 4.311e-06 
9636 42 0.000179832 2.874e-06 
9637 37 0.000137943 1.768e-06 
9638 100 0.000407425 1.7295e-05 
9639 99 0.000377865 1.2784e-05 
9640 36 0.000177101 2.32e-06 
9641 37 0.000139459 2.562e-06 
9642 13 4.0644e-05 3.17e-07 
9643 42 0.000182606 3.75e-06 
9644 43 0.000156943 2.461e-06 
9645 18 6.4521e-05 4.09e-07 
9646 19 4.8326e-05 3.36e-07 
9647 29 0.000111468 1.954e-06 
9648 38 0.000155104 3e-06 
9649 37 0.000127955 1.282e-06 
9650 30 0.000135927 1.887e-06 
9651 31 0.000111056 1.336e-06 
9652 54 0.000219636 7.701e-06 
9653 53 0.000190661 3.163e-06 
9654 27 0.000107791 1.723e-06 
9655 36 0.000160293 3.196e-06 
9656 37 0.000142397 1.954e-06 
9657 13 4.6022e-05 2.99e-07 
9658 48 0.000238468 5.048e-06 
9659 47 0.000218544 2.91e-06 
9660 80 0.000339893 1.273e-05 
9661 85 0.000400616 9.447e-06 
9662 13 4.5663e-05 3.25e-07 
9663 41 0.00017445 5.028e-06 
9664 35 0.0013444 1.5367e-05 
9665 39 0.000306851 1.3667e-05 
9666 36 0.000285426 1.1964e-05 
9667 37 0.000295245 8.278e-06 
9668 13 8.2559e-05 2.607e-06 
9669 32 0.000228379 5.425e-06 
9670 33 0.000216711 9.171e-06 
9671 13 9.1633e-05 2.063e-06 
9672 15 8.8261e-05 2.273e-06 
9673 15 8.551e-05 2.745e-06 
9674 13 7.059e-05 8.77e-07 
9675 58 0.000453615 2.1864e-05 
9676 57 0.000481691 1.7134e-05 
9677 66 0.000472455 1.9669e-05 
9678 65 0.000437221 8.08e-06 
9679 82 0.000491636 2.2914e-05 
9680 85 0.000465176 1.1984e-05 
9681 104 0.000892099 3.7146e-05 
9682 107 0.000677365 3.2158e-05 
9683 46 0.000364654 1.4478e-05 
9684 47 0.000331077 1.1697e-05 
9685 48 0.000260713 6.932e-06 
9686 51 0.000211397 6.557e-06 
9687 52 0.000259814 8.917e-06 
9688 51 0.000227268 3.686e-06 
9689 47 0.000252077 5.309e-06 
9690 28 0.000125934 1.077e-06 
9691 27 0.000113358 2.46e-06 
9692 27 0.000122004 1.699e-06 
9693 42 0.000234733 6.88e-06 
9694 41 0.000219255 3.785e-06 
9695 25 0.000106149 1.108e-06 
9696 44 0.000212042 4.296e-06 
9697 45 0.000187624 2.614e-06 
9698 86 0.000440597 2.0376e-05 
9699 81 0.000361538 7.693e-06 
9700 54 0.00024184 8.978e-06 
9701 53 0.000220858 3.089e-06 
9702 46 0.000250382 6.612e-06 
9703 51 0.000261115 4.77e-06 
9704 66 0.000329998 1.3374e-05 
9705 65 0.000317819 5.595e-06 
9706 44 0.000216808 7.604e-06 
9707 43 0.000229902 3.158e-06 
9708 42 0.000230776 8.279e-06 
9709 45 0.000239796 4.609e-06 
9710 13 4.5406e-05 4.07e-07 
9711 17 6.8649e-05 5.96e-07 
9712 50 0.000281765 7.761e-06 
9713 41 0.000175901 2.592e-06 
9714 94 0.000444709 2.0451e-05 
9715 97 0.000414496 1.0646e-05 
9716 36 0.00019478 3.694e-06 
9717 37 0.000174879 2.553e-06 
9718 36 0.000229731 4.8e-06 
9719 35 0.000172016 2.292e-06 
9720 39 0.000234062 7.422e-06 
9721 52 0.000269512 4.797e-06 
9722 61 0.000266309 7.094e-06 
9723 27 0.000131092 1.757e-06 
9724 41 0.000191542 5.151e-06 
9725 44 0.000219138 5.353e-06 
9726 37 0.000155111 2.479e-06 
9727 14 6.1546e-05 2.77e-07 
9728 15 4.1519e-05 3.52e-07 
9729 39 0.000208719 6.615e-06 
9730 15 5.4863e-05 2.32e-07 
9731 38 0.000173811 4.402e-06 
9732 39 0.000144003 2.158e-06 
9733 32 0.000153283 1.58e-06 
9734 35 0.000139257 2.008e-06 
9735 45 0.000216138 5.519e-06 
9736 36 0.000175362 4.313e-06 
9737 37 0.000159745 6.883e-06 
9738 82 0.000528082 1.479e-05 
9739 81 0.000525206 9.111e-06 
9740 37 0.000244124 3.987e-06 
9741 56 0.000442455 1.2959e-05 
9742 55 0.000298475 6.047e-06 
9743 64 0.000315147 1.1902e-05 
9744 63 0.000284295 3.338e-06 
9745 86 0.000451947 2.0181e-05 
9746 81 0.000389323 9.628e-06 
9747 108 0.00051627 2.2872e-05 
9748 103 0.000455793 1.0215e-05 
9749 44 0.000213008 5.757e-06 
9750 45 0.000188257 4.06e-06 
9751 56 0.000240464 8.411e-06 
9752 57 0.000197657 3.816e-06 
9753 54 0.000225345 6.861e-06 
9754 53 0.000206384 2.583e-06 
9755 28 0.000119102 1.951e-06 
9756 27 0.000109727 1.948e-06 
9757 46 0.000201341 7.203e-06 
9758 45 0.000185191 2.187e-06 
9759 40 0.000199889 5.27e-06 
9760 39 0.00018348 2.191e-06 
9761 62 0.000280082 9.737e-06 
9762 53 0.000211337 3.776e-06 
9763 47 0.000212984 4.771e-06 
9764 50 0.000269273 9.74e-06 
9765 47 0.000233358 2.821e-06 
9766 27 0.000117956 1.226e-06 
9767 38 0.000188955 6.554e-06 
9768 29 0.000127978 1.971e-06 
9769 25 0.000103801 1.49e-06 
9770 39 0.000201605 7.325e-06 
9771 32 0.000151565 3.191e-06 
9772 33 0.000127361 2.182e-06 
9773 82 0.000389384 1.7611e-05 
9774 85 0.000363172 8.469e-06 
9775 21 8.9961e-05 6.54e-07 
9776 53 0.000258878 9.375e-06 
9777 13 5.1816e-05 2.48e-07 
9778 52 0.000235078 1.526e-05 
9779 49 0.000289123 3.379e-06 
9780 44 0.00025644 4.184e-06 
9781 43 0.000227069 2.752e-06 
9782 46 0.000304748 3.706e-06 
9783 43 0.000243674 3.426e-06 
9784 41 0.000242496 3.932e-06 
9785 34 0.000195497 2.663e-06 
9786 43 0.000217034 2.368e-06 
9787 98 0.000590765 2.5549e-05 
9788 101 0.000439235 1.253e-05 
9789 36 0.000177936 3.222e-06 
9790 37 0.000153769 1.966e-06 
9791 13 4.7464e-05 5.36e-07 
9792 42 0.000194165 4.517e-06 
9793 45 0.000188746 2.807e-06 
9794 20 7.5136e-05 4.79e-07 
9795 21 5.1548e-05 5.2e-07 
9796 54 0.000248968 8.211e-06 
9797 50 0.000203837 2.671e-06 
9798 18 5.5996e-05 6.52e-07 
9799 20 7.1893e-05 1.434e-06 
9800 18 5.2236e-05 4.58e-07 
9801 63 0.000256529 8.693e-06 
9802 62 0.000233082 3.18e-06 
9803 53 0.000171319 2.73e-06 
9804 54 0.000156553 2.964e-06 
9805 59 0.000170104 3.417e-06 
9806 54 0.000229558 8.791e-06 
9807 55 0.000236263 4.601e-06 
9808 35 0.00015179 2.445e-06 
9809 25 9.2069e-05 8.74e-07 
9810 32 0.000132064 2.219e-06 
9811 33 0.000105726 1.155e-06 
9812 32 0.00014762 2.199e-06 
9813 27 0.000110434 1.157e-06 
9814 28 0.000136114 1.056e-06 
9815 33 0.000132208 2.247e-06 
9816 58 0.00033684 1.4707e-05 
9817 59 0.000335084 4.24e-06 
9818 86 0.000393869 1.9068e-05 
9819 81 0.000357755 9.328e-06 
9820 40 0.000176951 4.724e-06 
9821 47 0.000195131 3.675e-06 
9822 38 0.000186382 9.546e-06 
9823 39 0.00024561 1.61e-06 
9824 62 0.000438601 9.31e-06 
9825 63 0.000379888 6.075e-06 
9826 82 0.000539 1.8903e-05 
9827 85 0.000400536 8.068e-06 
9828 104 0.000456504 2.108e-05 
9829 105 0.000444777 1.0208e-05 
9830 46 0.000231012 7.328e-06 
9831 49 0.000249226 2.553e-06 
9832 46 0.000223559 4.517e-06 
9833 47 0.000198612 3.099e-06 
9834 50 0.000219429 5.512e-06 
9835 49 0.000180762 3.031e-06 
9836 39 0.000197611 7.248e-06 
9837 13 5.106e-05 2.02e-07 
9838 13 4.2882e-05 3.96e-07 
9839 15 5.6364e-05 3.15e-07 
9840 15 5.354e-05 4.48e-07 
9841 13 4.0492e-05 5.23e-07 
9842 26 0.000110647 9.81e-07 
9843 29 0.00012265 3.836e-06 
9844 45 0.000265715 3.713e-06 
9845 30 0.000168178 1.826e-06 
9846 48 0.000338628 6.827e-06 
9847 17 7.0972e-05 4.07e-07 
9848 60 0.000379082 9.992e-06 
9849 53 0.000303942 2.231e-06 
9850 41 0.000235162 5.552e-06 
9851 25 0.000139718 1.748e-06 
9852 47 0.00027679 4.683e-06 
9853 27 0.000144098 2.222e-06 
9854 41 0.000246185 4.475e-06 
9855 27 0.000141987 1.061e-06 
9856 56 0.000330158 7.206e-06 
9857 55 0.000289452 2.927e-06 
9858 21 9.8935e-05 5.21e-07 
9859 82 0.00049615 1.3234e-05 
9860 79 0.00040188 5.55e-06 
9861 14 5.4439e-05 2.67e-07 
9862 14 4.1009e-05 2.44e-07 
9863 14 4.1137e-05 3.38e-07 
9864 14 4.3676e-05 1.273e-06 
9865 14 4.6046e-05 2.98e-07 
9866 14 4.2701e-05 2.67e-07 
9867 14 4.0479e-05 1.94e-07 
9868 14 4.0541e-05 2.18e-07 
9869 14 3.9574e-05 2.75e-07 
9870 14 3.8954e-05 2.24e-07 
9871 14 3.9173e-05 2.43e-07 
9872 14 3.9629e-05 2.11e-07 
9873 14 3.8055e-05 2.66e-07 
9874 14 3.7619e-05 2.19e-07 
9875 14 4.0838e-05 2.07e-07 
9876 14 3.7283e-05 1.63e-07 
9877 14 3.8086e-05 1.98e-07 
9878 14 3.8251e-05 3e-07 
9879 14 3.8449e-05 2.11e-07 
9880 14 3.6853e-05 3.8e-07 
9881 14 4.0174e-05 2.22e-07 
9882 14 3.9301e-05 2.21e-07 
9883 14 4.2436e-05 2.8e-07 
9884 14 4.2218e-05 2.09e-07 
9885 14 4.0195e-05 2.11e-07 
9886 14 3.932e-05 2.67e-07 
9887 14 3.8252e-05 3.92e-07 
9888 14 3.915e-05 3.32e-07 
9889 14 4.0209e-05 2.5e-07 
9890 14 4.0541e-05 2.52e-07 
9891 14 3.9393e-05 2.34e-07 
9892 14 3.8597e-05 3.22e-07 
9893 14 4.0997e-05 2.08e-07 
9894 14 3.9891e-05 4.42e-07 
9895 14 3.9666e-05 2.03e-07 
9896 14 4.8719e-05 3.01e-07 
9897 14 3.8561e-05 2.35e-07 
9898 14 3.95e-05 2.31e-07 
9899 14 3.9606e-05 2.34e-07 
9900 14 3.7755e-05 2.3e-07 
9901 14 3.9525e-05 1.91e-07 
9902 14 3.8409e-05 2.93e-07 
9903 14 4.0058e-05 2.79e-07 
9904 14 3.9898e-05 2.58e-07 
9905 14 3.8826e-05 2.39e-07 
9906 14 3.8718e-05 3.15e-07 
9907 14 3.9242e-05 2.24e-07 
9908 14 3.9095e-05 2.71e-07 
9909 14 3.914e-05 2.48e-07 
9910 14 3.9241e-05 2.51e-07 
9911 15 4.4141e-05 2.59e-07 
9912 13 3.2197e-05 2.88e-07 
9913 15 4.5285e-05 2.61e-07 
9914 15 4.4121e-05 4.13e-07 
9915 15 4.6824e-05 2.83e-07 
9916 15 4.563e-05 2.42e-07 
9917 15 5.0325e-05 2.24e-07 
9918 13 3.2496e-05 4.49e-07 
9919 15 4.4285e-05 4.14e-07 
9920 15 4.0879e-05 3.39e-07 
9921 13 3.0337e-05 2.12e-07 
9922 15 4.4435e-05 2.75e-07 
9923 15 3.9982e-05 2.34e-07 
9924 15 4.0377e-05 1.97e-07 
9925 13 3.0643e-05 2.75e-07 
9926 15 4.0249e-05 4.06e-07 
9927 15 3.9866e-05 2.17e-07 
9928 15 3.9847e-05 2.23e-07 
9929 52 0.000232913 6.04e-06 
9930 53 0.000210355 3.345e-06 
9931 44 0.000219776 7.17e-06 
9932 37 0.000147664 1.798e-06 
9933 44 0.000212797 4.639e-06 
9934 47 0.00021019 4.109e-06 
9935 32 0.000152212 2.713e-06 
9936 33 0.000137294 1.376e-06 
9937 17 6.3274e-05 7.88e-07 
9938 36 0.000149167 1.693e-06 
9939 49 0.000231955 5.327e-06 
9940 102 0.000492878 2.428e-05 
9941 95 0.000372094 7.58e-06 
9942 38 0.000191796 4.055e-06 
9943 39 0.000167838 2.338e-06 
9944 37 0.000149617 3.116e-06 
9945 22 8.475e-05 9.78e-07 
9946 23 6.8987e-05 8.47e-07 
9947 34 0.000155543 3.534e-06 
9948 33 0.000127178 1.707e-06 
9949 48 0.000240455 6.318e-06 
9950 47 0.000208854 3.638e-06 
9951 54 0.000236338 8.506e-06 
9952 63 0.000259698 4.161e-06 
9953 46 0.000194602 4.206e-06 
9954 43 0.000173653 2.704e-06 
9955 16 5.2738e-05 4.75e-07 
9956 17 4.4541e-05 8.3e-07 
9957 48 0.000219066 7.368e-06 
9958 39 0.000159351 1.836e-06 
9959 39 0.000206774 5.761e-06 
9960 15 5.1596e-05 3.01e-07 
9961 56 0.000321179 1.5534e-05 
9962 57 0.000352245 4.26e-06 
9963 38 0.000157876 2.585e-06 
9964 37 0.000127036 2.1e-06 
9965 15 5.1797e-05 2.34e-07 
9966 66 0.000306695 1.2256e-05 
9967 65 0.000281509 3.819e-06 
9968 86 0.000412905 1.7957e-05 
9969 81 0.000368609 8.685e-06 
9970 106 0.000450958 1.8795e-05 
9971 103 0.000419148 9.955e-06 
9972 34 0.000152814 2.698e-06 
9973 33 0.000131594 2.343e-06 
9974 80 0.000349445 1.4203e-05 
9975 87 0.00035277 9.396e-06 
9976 44 0.000211438 6.692e-06 
9977 43 0.000188025 1.277e-06 
9978 58 0.000238944 5.844e-06 
9979 59 0.000197915 6.689e-06 
9980 38 0.00017486 4.234e-06 
9981 39 0.000162564 1.426e-06 
9982 28 0.000117512 2.099e-06 
9983 29 0.000123128 1.655e-06 
9984 56 0.000233021 6.67e-06 
9985 55 0.000210747 3.265e-06 
9986 13 4.5702e-05 2.09e-07 
9987 38 0.000202344 3.023e-06 
9988 39 0.000159313 1.857e-06 
9989 25 9.2332e-05 1.408e-06 
9990 64 0.000286572 9.175e-06 
9991 55 0.000242429 3.657e-06 
9992 39 0.000158685 4.523e-06 
9993 25 9.3364e-05 1.399e-06 
9994 62 0.000281746 9.114e-06 
9995 65 0.000266101 6.82e-06 
9996 38 0.000170585 1.2541e-05 
9997 44 0.000383702 6.823e-06 
9998 39 0.00034612 6.703e-06 
9999 46 0.000534972 1.2004e-05 
