0 0 3.6e-07 1.29e-07 
1 1 6.941e-06 5.17e-07 
2 2 1.4763e-05 2.27e-07 
3 3 1.0073e-05 1.06e-07 
4 4 8.034e-06 1.95e-07 
5 5 1.424e-05 2.32e-07 
6 6 1.7255e-05 1.93e-07 
7 7 2.0308e-05 2.54e-07 
8 8 2.3451e-05 1.182e-06 
9 9 4.7751e-05 3.5e-07 
10 10 3.0006e-05 3.61e-07 
11 11 3.3491e-05 3.06e-07 
12 12 3.8713e-05 3.97e-07 
13 13 4.1885e-05 3.6e-07 
14 14 4.4332e-05 6.48e-07 
15 15 4.9253e-05 2.92e-07 
16 16 3.1982e-05 2.26e-07 
17 17 3.2808e-05 3e-07 
18 18 3.4116e-05 2.43e-07 
19 19 3.434e-05 2.62e-07 
20 20 3.4847e-05 5.62e-07 
21 21 3.6318e-05 2.8e-07 
22 22 3.8904e-05 3.92e-07 
23 23 4.6935e-05 5.63e-07 
24 24 4.3065e-05 5.47e-07 
25 25 4.071e-05 3.38e-07 
26 26 4.2705e-05 4.142e-06 
27 27 0.000114131 4.59e-07 
28 28 5.1232e-05 4.27e-07 
29 29 4.4708e-05 4.38e-07 
30 30 7.7931e-05 1.204e-06 
31 31 9.6454e-05 9.68e-07 
32 32 0.000104216 8.26e-07 
33 33 9.4852e-05 1.665e-06 
34 34 0.000102802 1.045e-06 
35 35 0.000104249 1.098e-06 
36 36 0.00013061 1.295e-06 
37 37 0.000132122 1.567e-06 
38 38 0.000119064 2.175e-06 
39 39 0.000130448 1.198e-06 
40 40 0.000128522 1.165e-06 
41 41 0.000122669 1.464e-06 
42 42 0.000126708 1.099e-06 
43 43 0.000126603 1.087e-06 
44 44 0.000128961 1.465e-06 
45 45 0.000135457 1.583e-06 
46 46 0.000144196 1.254e-06 
47 47 0.000147976 1.487e-06 
48 48 0.000140698 1.306e-06 
49 49 0.000165337 1.1888e-05 
50 50 0.000290976 2.245e-06 
51 51 0.000172963 1.902e-06 
52 52 0.000164649 1.752e-06 
53 53 0.000158808 1.922e-06 
54 54 0.000159354 1.796e-06 
55 55 0.000148106 1.532e-06 
56 56 0.000146058 1.702e-06 
57 57 0.000143268 1.722e-06 
58 58 0.000137648 1.434e-06 
59 59 0.000132142 1.857e-06 
60 60 0.000137333 1.588e-06 
61 61 0.000128874 1.392e-06 
62 62 0.000126892 1.342e-06 
63 63 0.000121179 1.571e-06 
64 64 0.000126067 1.299e-06 
65 65 0.000113765 1.172e-06 
66 66 0.000112261 1.372e-06 
67 67 0.000111935 1.289e-06 
68 68 0.000110667 1.146e-06 
69 69 0.000104847 1.263e-06 
70 70 0.000102681 1.301e-06 
71 71 0.000111134 1.205e-06 
72 72 0.000112649 1.241e-06 
73 73 0.000107093 1.265e-06 
74 74 0.000110374 1.352e-06 
75 75 0.000126096 1.438e-06 
76 76 0.000119382 1.474e-06 
77 77 0.000115728 1.306e-06 
78 78 0.000152556 1.664e-06 
79 79 0.000125579 1.615e-06 
80 80 0.000134453 1.493e-06 
81 81 0.00012504 1.474e-06 
82 82 0.000122673 1.466e-06 
83 83 0.00012537 1.698e-06 
84 84 0.000137147 1.59e-06 
85 85 0.00013209 1.574e-06 
86 86 0.000128029 1.565e-06 
87 87 0.000150378 1.618e-06 
88 88 0.000130702 1.799e-06 
89 89 0.000164764 1.673e-06 
90 90 0.000145662 1.929e-06 
91 91 0.000163558 1.887e-06 
92 92 0.000164707 1.858e-06 
93 93 0.000149391 1.893e-06 
94 94 0.000144101 1.862e-06 
95 95 0.000145544 1.89e-06 
96 96 0.000198023 2.126e-06 
97 97 0.00015024 2.309e-06 
98 98 0.000156541 2.058e-06 
99 99 0.000151744 2.722e-06 
100 100 0.000162484 2.295e-06 
101 101 0.0001635 2.397e-06 
102 102 0.000158224 2.105e-06 
103 103 0.000158183 2.197e-06 
104 104 0.000160398 2.57e-06 
105 105 0.000169239 3.387e-06 
106 106 0.000175549 2.365e-06 
107 107 0.000167129 2.515e-06 
108 108 0.000168033 2.649e-06 
109 109 0.0001694 2.448e-06 
110 110 0.000167809 2.388e-06 
111 111 0.000184422 2.519e-06 
112 112 0.000187225 3.024e-06 
113 113 0.00017738 2.526e-06 
114 114 0.000173025 2.551e-06 
115 115 0.00017587 2.569e-06 
116 116 0.000176666 2.818e-06 
117 117 0.000185197 2.662e-06 
118 118 0.000182018 2.665e-06 
119 119 0.000181316 3.005e-06 
120 120 0.00019363 3.472e-06 
121 121 0.000197092 2.859e-06 
122 122 0.000193151 2.829e-06 
123 123 0.000190453 2.906e-06 
124 124 0.000190386 3.174e-06 
125 125 0.000195441 2.893e-06 
126 126 0.000195046 2.986e-06 
127 127 0.000198517 2.92e-06 
128 128 0.00021239 3.313e-06 
129 129 0.000203676 3.178e-06 
130 130 0.000210137 3.32e-06 
131 131 0.000203929 3.029e-06 
132 132 0.000217114 3.528e-06 
133 133 0.000209258 3.13e-06 
134 134 0.000207341 3.214e-06 
135 135 0.000211591 3.528e-06 
136 136 0.000213457 3.215e-06 
137 137 0.000213327 3.237e-06 
138 138 0.000215266 1.2256e-05 
139 139 0.000307178 3.806e-06 
140 140 0.000219211 3.151e-06 
141 141 0.000214521 3.445e-06 
142 142 0.000218299 3.116e-06 
143 143 0.000218467 3.039e-06 
144 144 0.000223972 2.987e-06 
145 145 0.000231515 3.249e-06 
146 146 0.000223079 3.03e-06 
147 147 0.000222971 3.132e-06 
148 148 0.000235282 3.357e-06 
149 149 0.00022689 3.176e-06 
150 150 0.000227732 3.196e-06 
151 151 0.000227088 3.238e-06 
152 152 0.000247122 3.319e-06 
153 153 0.000235775 3.257e-06 
154 154 0.00023285 3.305e-06 
155 155 0.00023341 3.754e-06 
156 156 0.000275034 3.78e-06 
157 157 0.000242328 3.64e-06 
158 158 0.00024193 3.849e-06 
159 159 0.00024567 3.513e-06 
160 160 0.000242786 4.281e-06 
161 161 0.000251064 3.982e-06 
162 162 0.00025333 3.945e-06 
163 163 0.00026977 4.021e-06 
164 164 0.000303703 4.684e-06 
165 165 0.000307665 4.734e-06 
166 166 0.00032354 5.418e-06 
167 167 0.000337706 4.756e-06 
168 168 0.000317861 4.508e-06 
169 169 0.000306825 4.646e-06 
170 170 0.000296248 4.316e-06 
171 171 0.000290403 4.932e-06 
172 172 0.000303968 4.282e-06 
173 173 0.000276695 4.064e-06 
174 174 0.000278093 4.154e-06 
175 175 0.000272574 4.481e-06 
176 176 0.000276855 4.099e-06 
177 177 0.000275161 4.054e-06 
178 178 0.000275511 4.368e-06 
179 179 0.0002825 4.192e-06 
180 180 0.000282563 4.103e-06 
181 181 0.000282536 4.106e-06 
182 182 0.000298013 4.346e-06 
183 183 0.000289279 4.461e-06 
184 184 0.000295003 4.288e-06 
185 185 0.000291612 4.735e-06 
186 186 0.000315562 4.48e-06 
187 187 0.000286849 5.178e-06 
188 188 0.000292696 4.866e-06 
189 189 0.000296136 4.628e-06 
190 190 0.000300308 5.131e-06 
191 191 0.00029888 4.93e-06 
192 192 0.000298158 4.566e-06 
193 193 0.000312027 4.732e-06 
194 194 0.000299585 5.016e-06 
195 195 0.000298868 4.934e-06 
196 196 0.000299946 4.788e-06 
197 197 0.000305248 5.229e-06 
198 198 0.000308096 4.868e-06 
199 199 0.00030499 4.836e-06 
200 200 0.000325681 5.29e-06 
201 201 0.00030974 5.034e-06 
202 202 0.00031675 5.177e-06 
203 203 0.000311025 5.66e-06 
204 204 0.000336296 5.146e-06 
205 205 0.000318357 5.14e-06 
206 206 0.000320339 5.522e-06 
207 207 0.000323768 5.243e-06 
208 208 0.000323467 6.288e-06 
209 209 0.000326411 5.776e-06 
210 210 0.000350392 5.799e-06 
211 211 0.000326242 5.515e-06 
212 212 0.000323715 5.996e-06 
213 213 0.000329083 5.488e-06 
214 214 0.000333957 6.307e-06 
215 215 0.000358001 6.11e-06 
216 216 0.000334599 6.19e-06 
217 217 0.000359016 5.951e-06 
218 218 0.000338913 6.896e-06 
219 219 0.000340694 5.767e-06 
220 220 0.000342237 5.732e-06 
221 221 0.000350768 5.878e-06 
222 222 0.000347531 5.668e-06 
223 223 0.00034789 5.677e-06 
224 224 0.000360436 5.918e-06 
225 225 0.00035108 5.823e-06 
226 226 0.000353782 5.846e-06 
227 227 0.000361373 5.749e-06 
228 228 0.000349535 5.767e-06 
229 229 0.000347871 5.859e-06 
230 230 0.000365129 6.059e-06 
231 231 0.000352018 6.473e-06 
232 232 0.000353466 6.513e-06 
233 233 0.000359556 7.104e-06 
234 234 0.000360025 6.272e-06 
235 235 0.000361101 6.514e-06 
236 236 0.000369177 6.727e-06 
237 237 0.00036493 6.426e-06 
238 238 0.000366422 6.645e-06 
239 239 0.000365588 6.336e-06 
240 240 0.00036671 6.275e-06 
241 241 0.00036821 6.915e-06 
242 242 0.000370648 6.806e-06 
243 243 0.000380436 6.543e-06 
244 244 0.0003835 6.544e-06 
245 245 0.000375914 7.114e-06 
246 246 0.000379934 7.305e-06 
247 247 0.000381728 7.847e-06 
248 248 0.000384175 6.902e-06 
249 249 0.000387209 7.729e-06 
250 250 0.000389816 6.967e-06 
251 251 0.000393465 7.937e-06 
252 252 0.000404333 7.465e-06 
253 253 0.000388674 7.124e-06 
254 254 0.000390399 7.439e-06 
255 255 0.000414698 7.168e-06 
256 256 0.000387816 7.074e-06 
257 257 0.000405453 7.26e-06 
258 258 0.000407499 2.1751e-05 
259 259 0.000803994 1.8105e-05 
260 260 0.000526669 8.99e-06 
261 261 0.00039931 8.66e-06 
262 262 0.000399535 8.211e-06 
263 263 0.000416511 8.362e-06 
264 264 0.000404557 8.664e-06 
265 265 0.000403449 7.831e-06 
266 266 0.000406315 7.869e-06 
267 267 0.000417924 8.316e-06 
268 268 0.000407213 8.076e-06 
269 269 0.000436333 8.503e-06 
270 270 0.000418519 8.169e-06 
271 271 0.000416153 8.147e-06 
272 272 0.000429014 8.368e-06 
273 273 0.000418942 8.983e-06 
274 274 0.000422945 1.8185e-05 
275 275 0.000431089 8.458e-06 
276 276 0.000431096 8.319e-06 
277 277 0.000440204 8.946e-06 
278 278 0.0004322 8.698e-06 
279 279 0.000434521 8.782e-06 
280 280 0.000442833 8.728e-06 
281 281 0.000446234 8.725e-06 
282 282 0.0004676 9.096e-06 
283 283 0.000446964 8.847e-06 
284 284 0.000450771 8.655e-06 
285 285 0.000457778 8.8e-06 
286 286 0.000449583 9.258e-06 
287 287 0.000460218 9.489e-06 
288 288 0.000451048 8.859e-06 
289 289 0.000458189 8.869e-06 
290 290 0.000474598 1.0745e-05 
291 291 0.000463334 9.332e-06 
292 292 0.000478219 9.686e-06 
293 293 0.000466407 9.153e-06 
294 294 0.000452231 9.363e-06 
295 295 0.000463867 9.291e-06 
296 296 0.000452842 9.242e-06 
297 297 0.000454129 9.858e-06 
298 298 0.00046384 9.537e-06 
299 299 0.000456984 9.869e-06 
300 300 0.000466657 9.618e-06 
301 301 0.000458254 9.614e-06 
302 302 0.000470327 1.0105e-05 
303 303 0.000463438 9.924e-06 
304 304 0.000466431 9.58e-06 
305 305 0.000473456 9.44e-06 
306 306 0.000466433 9.53e-06 
307 307 0.000479024 1.0086e-05 
308 308 0.000469866 9.783e-06 
309 309 0.000473393 1.0025e-05 
310 310 0.000484811 9.85e-06 
311 311 0.00047373 9.836e-06 
312 312 0.000484633 1.0295e-05 
313 313 0.000476789 9.828e-06 
314 314 0.000478118 1.0574e-05 
315 315 0.00049343 1.0181e-05 
316 316 0.00049248 1.0197e-05 
317 317 0.000487597 1.0288e-05 
318 318 0.00048627 1.0231e-05 
319 319 0.000496361 1.0837e-05 
320 320 0.000489156 1.0804e-05 
321 321 0.000493962 1.0937e-05 
322 322 0.000498477 1.0338e-05 
323 323 0.000487926 1.0892e-05 
324 324 0.000495677 1.0477e-05 
325 325 0.00049227 1.0557e-05 
326 326 0.000510494 1.0714e-05 
327 327 0.000538973 1.121e-05 
328 328 0.000515371 1.111e-05 
329 329 0.000500844 1.081e-05 
330 330 0.000516882 1.0941e-05 
331 331 0.000513813 1.2824e-05 
332 332 0.000501565 1.1464e-05 
333 333 0.000537466 1.0959e-05 
334 334 0.000506095 1.1603e-05 
335 335 0.000510701 1.1292e-05 
336 336 0.000508045 1.2144e-05 
337 337 0.00052224 1.1437e-05 
338 338 0.000516772 1.1515e-05 
339 339 0.000528686 1.1804e-05 
340 340 0.000523377 1.1417e-05 
341 341 0.00052955 1.1844e-05 
342 342 0.000528497 1.1562e-05 
343 343 0.000532201 1.2024e-05 
344 344 0.000524557 1.1505e-05 
345 345 0.000524037 1.2337e-05 
346 346 0.000522988 1.1719e-05 
347 347 0.000540153 1.2039e-05 
348 348 0.000543003 1.2038e-05 
349 349 0.000524606 1.1992e-05 
350 350 0.000541774 1.1802e-05 
351 351 0.000531582 1.173e-05 
352 352 0.000547294 1.2649e-05 
353 353 0.00053586 1.2148e-05 
354 354 0.000540256 1.2889e-05 
355 355 0.000619934 1.3565e-05 
356 356 0.000615943 1.3322e-05 
357 357 0.000558742 1.3126e-05 
358 358 0.000544473 1.3022e-05 
359 359 0.000563007 1.4516e-05 
360 360 0.00062168 1.7193e-05 
361 361 0.000704556 1.6268e-05 
362 362 0.000644984 1.5491e-05 
363 363 0.00060203 1.5589e-05 
364 364 0.000583748 1.5479e-05 
365 365 0.00059625 1.5186e-05 
366 366 0.000570432 1.517e-05 
367 367 0.000570068 1.5083e-05 
368 368 0.00056566 1.4569e-05 
369 369 0.000580534 1.5499e-05 
370 370 0.000564805 1.4336e-05 
371 371 0.00056658 1.4098e-05 
372 372 0.000580648 1.4391e-05 
373 373 0.0005672 1.3766e-05 
374 374 0.000583755 1.3839e-05 
375 375 0.000565812 1.3989e-05 
376 376 0.000586638 1.4209e-05 
377 377 0.000600543 1.4635e-05 
378 378 0.000609302 1.427e-05 
379 379 0.00058587 1.4328e-05 
380 380 0.000598857 1.453e-05 
381 381 0.000576771 1.3973e-05 
382 382 0.000603735 1.454e-05 
383 383 0.000581336 1.4426e-05 
384 384 0.000595782 3.9658e-05 
385 385 0.000579499 1.3675e-05 
386 386 0.00063996 1.4012e-05 
387 387 0.000623386 1.3814e-05 
388 388 0.000946856 1.9759e-05 
389 389 0.00071315 1.8671e-05 
390 390 0.000731568 1.6603e-05 
391 391 0.000650256 1.5888e-05 
392 392 0.000613889 1.5241e-05 
393 393 0.000627862 1.636e-05 
394 394 0.000596384 1.607e-05 
395 395 0.000612393 1.5707e-05 
396 396 0.000626191 1.5152e-05 
397 397 0.000637887 1.5172e-05 
398 398 0.000620305 1.5644e-05 
399 399 0.000632034 1.5149e-05 
400 400 0.000627408 1.5308e-05 
401 401 0.000636016 1.5063e-05 
402 402 0.000625278 1.4943e-05 
403 403 0.000664114 3.7021e-05 
404 404 0.000634163 1.5017e-05 
405 405 0.000650436 1.6005e-05 
406 406 0.000682951 1.73e-05 
407 407 0.00073723 1.7945e-05 
408 408 0.000706093 1.6842e-05 
409 409 0.000724623 1.5172e-05 
410 410 0.000680714 4.1094e-05 
411 411 0.000644817 1.615e-05 
412 412 0.000694801 1.6039e-05 
413 413 0.000633574 1.5791e-05 
414 414 0.000640465 1.6372e-05 
415 415 0.000626622 2.6977e-05 
416 416 0.000627505 3.6136e-05 
417 417 0.000630415 1.5055e-05 
418 418 0.000704806 1.5915e-05 
419 419 0.000653163 1.6417e-05 
420 420 0.000640226 1.5882e-05 
421 421 0.000632617 1.6313e-05 
422 422 0.000638261 1.5885e-05 
423 423 0.000684527 1.6265e-05 
424 424 0.000638378 1.617e-05 
425 425 0.000650998 1.6235e-05 
426 426 0.000641408 1.6047e-05 
427 427 0.00063885 1.6263e-05 
428 428 0.000637578 1.5955e-05 
429 429 0.000644931 1.6344e-05 
430 430 0.000650686 1.6301e-05 
431 431 0.000649215 1.6436e-05 
432 432 0.000647007 1.6148e-05 
433 433 0.000660687 1.6903e-05 
434 434 0.000658249 1.6446e-05 
435 435 0.000697631 1.6664e-05 
436 436 0.00066369 1.631e-05 
437 437 0.00067478 1.639e-05 
438 438 0.000664233 1.6223e-05 
439 439 0.000673254 1.6139e-05 
440 440 0.00066705 1.6469e-05 
441 441 0.000672221 1.6305e-05 
442 442 0.000666612 1.6679e-05 
443 443 0.000680097 1.622e-05 
444 444 0.000665522 1.7295e-05 
445 445 0.000686506 1.6725e-05 
446 446 0.0006801 1.6982e-05 
447 447 0.000682604 1.665e-05 
448 448 0.000675001 1.6557e-05 
449 449 0.000687644 1.7308e-05 
450 450 0.000686539 1.7025e-05 
451 451 0.000693331 1.6768e-05 
452 452 0.000675839 1.7395e-05 
453 453 0.000733011 1.6897e-05 
454 454 0.000709895 1.7108e-05 
455 455 0.000680253 1.6716e-05 
456 456 0.000686351 1.729e-05 
457 457 0.000690357 1.6845e-05 
458 458 0.000698826 1.7425e-05 
459 459 0.00069776 1.8667e-05 
460 460 0.000725123 1.7202e-05 
461 461 0.000700123 1.7188e-05 
462 462 0.000711951 1.7319e-05 
463 463 0.000706788 1.7289e-05 
464 464 0.000710612 1.7311e-05 
465 465 0.000964894 2.0249e-05 
466 466 0.000838273 1.9606e-05 
467 467 0.000714512 1.8886e-05 
468 468 0.000722167 1.8846e-05 
469 469 0.000732262 1.8963e-05 
470 470 0.000718836 1.8718e-05 
471 471 0.00070568 1.8646e-05 
472 472 0.000719048 1.8731e-05 
473 473 0.000724516 1.9492e-05 
474 474 0.000711723 1.8767e-05 
475 475 0.00071054 1.9284e-05 
476 476 0.000718011 1.9256e-05 
477 477 0.000734276 1.9453e-05 
478 478 0.000716621 1.9306e-05 
479 479 0.000753689 2.0034e-05 
480 480 0.000745961 2.0134e-05 
481 481 0.000820628 2.0514e-05 
482 482 0.000875262 2.129e-05 
483 483 0.0008081 2.1858e-05 
484 484 0.000815621 2.0167e-05 
485 485 0.00075014 2.0123e-05 
486 486 0.00073285 2.0215e-05 
487 487 0.000751254 1.9489e-05 
488 488 0.000756184 2.004e-05 
489 489 0.000755296 2.0348e-05 
490 490 0.000736559 2.0178e-05 
491 491 0.000743521 2.0112e-05 
492 492 0.000803274 2.2129e-05 
493 493 0.000823118 2.1222e-05 
494 494 0.000782358 2.0763e-05 
495 495 0.000744751 2.0733e-05 
496 496 0.000759139 2.0806e-05 
497 497 0.000765696 2.1e-05 
498 498 0.000793157 2.1509e-05 
499 499 0.000801252 2.1352e-05 
500 500 0.000837687 2.1346e-05 
501 501 0.000794498 2.3205e-05 
502 502 0.000846255 2.1927e-05 
503 503 0.000834732 2.1616e-05 
504 504 0.000837601 2.5814e-05 
505 505 0.00094903 2.4375e-05 
506 506 0.000961837 2.5951e-05 
507 507 0.0010135 2.4601e-05 
508 508 0.00097768 2.2961e-05 
509 509 0.000908705 2.4137e-05 
510 510 0.00083167 2.2785e-05 
511 511 0.000792749 2.2713e-05 
512 512 0.000847995 2.2466e-05 
513 513 0.000775119 2.2277e-05 
514 514 0.000767081 2.2163e-05 
515 515 0.000803071 2.204e-05 
516 516 0.000771744 2.2136e-05 
517 517 0.000783412 2.233e-05 
518 518 0.000942748 2.9969e-05 
519 519 0.0011159 2.6835e-05 
520 520 0.00107181 2.5815e-05 
521 521 0.000948007 2.4748e-05 
522 522 0.000853993 2.3405e-05 
523 523 0.00078307 2.3123e-05 
524 524 0.000852666 2.4985e-05 
525 525 0.000861499 2.4409e-05 
526 526 0.000834299 2.55e-05 
527 527 0.000850332 6.6699e-05 
528 528 0.000873343 2.4622e-05 
529 529 0.000832047 3.9646e-05 
530 530 0.00121367 3.7674e-05 
531 531 0.00130373 2.9434e-05 
532 532 0.00103088 2.4005e-05 
533 533 0.00080139 2.3987e-05 
534 534 0.000805505 2.5448e-05 
535 535 0.00105908 2.8897e-05 
536 536 0.00106183 2.8718e-05 
537 537 0.00106102 2.6554e-05 
538 538 0.00100284 2.5568e-05 
539 539 0.00093302 2.5096e-05 
540 540 0.000893604 2.5005e-05 
541 541 0.000858223 2.4825e-05 
542 542 0.000934578 2.7006e-05 
543 543 0.000987166 2.5875e-05 
544 544 0.000918627 2.4351e-05 
545 545 0.00085712 2.4293e-05 
546 546 0.000863474 2.4254e-05 
547 547 0.000888487 2.4042e-05 
548 548 0.000890775 2.4243e-05 
549 549 0.00088634 2.5454e-05 
550 550 0.00100544 2.7741e-05 
551 551 0.000985014 2.5896e-05 
552 552 0.000955319 2.705e-05 
553 553 0.00104453 2.7823e-05 
554 554 0.00108246 2.6281e-05 
555 555 0.000955609 2.6126e-05 
556 556 0.000899296 2.6281e-05 
557 557 0.000913179 2.7116e-05 
558 558 0.00101256 2.8069e-05 
559 559 0.00105371 3.0815e-05 
560 560 0.00132207 4.729e-05 
561 561 0.00138139 2.9334e-05 
562 562 0.00115956 2.7696e-05 
563 563 0.00106624 2.6936e-05 
564 564 0.00105467 2.8554e-05 
565 565 0.000997813 2.7401e-05 
566 566 0.000954404 2.7127e-05 
567 567 0.00102454 2.7841e-05 
568 568 0.00101829 2.7435e-05 
569 569 0.000996905 2.7969e-05 
570 570 0.000922166 2.7466e-05 
571 571 0.000916572 2.9437e-05 
572 572 0.000984206 2.7492e-05 
573 573 0.00102512 3.0102e-05 
574 574 0.00102504 3.855e-05 
575 575 0.00127068 3.8406e-05 
576 576 0.00142702 3.5405e-05 
577 577 0.00139778 3.2116e-05 
578 578 0.00116137 2.9528e-05 
579 579 0.00106977 2.8253e-05 
580 580 0.000975248 2.6696e-05 
581 581 0.000918929 2.515e-05 
582 582 0.000898237 2.5574e-05 
583 583 0.000871787 2.5351e-05 
584 584 0.000885537 2.6764e-05 
585 585 0.00090635 2.7188e-05 
586 586 0.000957012 2.5859e-05 
587 587 0.000904825 2.6799e-05 
588 588 0.000873449 2.5809e-05 
589 589 0.000882891 2.5163e-05 
590 590 0.000889882 2.5144e-05 
591 591 0.000928319 2.5921e-05 
592 592 0.000886756 2.5265e-05 
593 593 0.000921511 2.6177e-05 
594 594 0.000885337 2.5665e-05 
595 595 0.000898345 2.6039e-05 
596 596 0.00088639 2.5858e-05 
597 597 0.000882804 2.5482e-05 
598 598 0.000961162 2.8536e-05 
599 599 0.000968268 2.6875e-05 
600 600 0.000928013 2.6146e-05 
601 601 0.000979093 2.6425e-05 
602 602 0.00092765 2.6582e-05 
603 603 0.000907613 2.6192e-05 
604 604 0.000925742 2.6771e-05 
605 605 0.000950306 2.7614e-05 
606 606 0.00098795 3.1147e-05 
607 607 0.00107548 3.7912e-05 
608 608 0.00126412 3.9108e-05 
609 609 0.00137813 4.8919e-05 
610 610 0.00163674 3.7233e-05 
611 611 0.00149785 3.1601e-05 
612 612 0.00122171 2.932e-05 
613 613 0.00104665 2.733e-05 
614 614 0.00104385 2.6476e-05 
615 615 0.000988479 2.6128e-05 
616 616 0.000961405 2.6201e-05 
617 617 0.000961885 2.7849e-05 
618 618 0.000967745 2.8073e-05 
619 619 0.00111437 3.0534e-05 
620 620 0.00102404 2.962e-05 
621 621 0.00104535 2.8977e-05 
622 622 0.000977092 2.7705e-05 
623 623 0.000928955 2.7608e-05 
624 624 0.000925496 2.7671e-05 
625 625 0.000945364 2.7647e-05 
626 626 0.000960701 2.7887e-05 
627 627 0.000940791 2.778e-05 
628 628 0.00100106 2.8115e-05 
629 629 0.000934735 2.7731e-05 
630 630 0.00094148 2.7507e-05 
631 631 0.00097119 2.8666e-05 
632 632 0.0010026 2.8632e-05 
633 633 0.0009561 2.8213e-05 
634 634 0.000968339 2.8024e-05 
635 635 0.000955253 3.0952e-05 
636 636 0.000953317 2.846e-05 
637 637 0.00094526 2.9464e-05 
638 638 0.000971337 2.8554e-05 
639 639 0.000985514 2.8305e-05 
640 640 0.000969784 2.8287e-05 
641 641 0.000982875 2.8434e-05 
642 642 0.000965512 2.9791e-05 
643 643 0.00104957 2.9933e-05 
644 644 0.00101493 2.932e-05 
645 645 0.00123513 2.9754e-05 
646 646 0.00113814 2.9285e-05 
647 647 0.00105497 2.958e-05 
648 648 0.000976814 2.9058e-05 
649 649 0.000990514 2.8858e-05 
650 650 0.00105379 3.4299e-05 
651 651 0.00129323 3.302e-05 
652 652 0.00125278 3.0167e-05 
653 653 0.00112938 3.8744e-05 
654 654 0.00109965 2.9681e-05 
655 655 0.000971676 3.0261e-05 
656 656 0.00104665 3.0362e-05 
657 657 0.00101456 2.9313e-05 
658 658 0.0010046 2.9381e-05 
659 659 0.000998 2.9577e-05 
660 660 0.00100426 2.9227e-05 
661 661 0.0010302 3.0825e-05 
662 662 0.00108459 3.064e-05 
663 663 0.00110142 3.2218e-05 
664 664 0.00115548 3.3073e-05 
665 665 0.00116569 3.0491e-05 
666 666 0.00106052 2.9242e-05 
667 667 0.00099837 3.0121e-05 
668 668 0.00103041 2.9554e-05 
669 669 0.00102507 2.9193e-05 
670 670 0.00102095 2.9308e-05 
671 671 0.00102371 2.9965e-05 
672 672 0.00102598 2.9683e-05 
673 673 0.00103143 2.9576e-05 
674 674 0.00105049 3.2827e-05 
675 675 0.00119534 3.3424e-05 
676 676 0.00125556 3.2154e-05 
677 677 0.00122867 3.2068e-05 
678 678 0.00116517 3.4733e-05 
679 679 0.00124515 3.2532e-05 
680 680 0.00118334 3.1014e-05 
681 681 0.00106253 3.2851e-05 
682 682 0.0011636 3.8924e-05 
683 683 0.00136686 4.1906e-05 
684 684 0.00175223 4.2071e-05 
685 685 0.0017318 3.7024e-05 
686 686 0.00145306 3.5688e-05 
687 687 0.00130181 3.5152e-05 
688 688 0.00141867 3.5857e-05 
689 689 0.00138583 3.5244e-05 
690 690 0.00132899 3.5163e-05 
691 691 0.00132085 3.6444e-05 
692 692 0.00139413 3.9426e-05 
693 693 0.00157268 3.8447e-05 
694 694 0.00151808 3.7883e-05 
695 695 0.00132828 3.6479e-05 
696 696 0.00128436 3.5398e-05 
697 697 0.0013712 4.0487e-05 
698 698 0.00144279 3.8065e-05 
699 699 0.00140081 3.6388e-05 
700 700 0.00152754 5.9144e-05 
701 701 0.00191593 4.9078e-05 
702 702 0.00170925 3.6858e-05 
703 703 0.00108617 3.6306e-05 
704 704 0.00107355 3.5845e-05 
705 705 0.00107153 3.557e-05 
706 706 0.00105817 3.6323e-05 
707 707 0.00108018 3.5905e-05 
708 708 0.00109169 3.5513e-05 
709 709 0.00105825 3.5731e-05 
710 710 0.00106135 4.1723e-05 
711 711 0.00106819 3.5526e-05 
712 712 0.0010945 3.6154e-05 
713 713 0.00112111 3.7965e-05 
714 714 0.00107846 3.2731e-05 
715 715 0.00108096 3.4769e-05 
716 716 0.00108528 3.2979e-05 
717 717 0.00107803 3.3035e-05 
718 718 0.00113574 3.2535e-05 
719 719 0.00109859 3.2249e-05 
720 720 0.00108587 3.2678e-05 
721 721 0.00109726 3.2764e-05 
722 722 0.00109601 3.2476e-05 
723 723 0.00109669 3.4548e-05 
724 724 0.00123215 4.7002e-05 
725 725 0.00139113 3.7719e-05 
726 726 0.00133985 3.4619e-05 
727 727 0.00124467 3.2673e-05 
728 728 0.00114544 3.1747e-05 
729 729 0.00109668 3.1558e-05 
730 730 0.00109409 3.1935e-05 
731 731 0.0011231 3.1961e-05 
732 732 0.00111723 3.1821e-05 
733 733 0.00110943 3.3199e-05 
734 734 0.00111002 3.2133e-05 
735 735 0.00112545 3.1533e-05 
736 736 0.00110871 3.1597e-05 
737 737 0.00111243 3.2057e-05 
738 738 0.00110804 3.1779e-05 
739 739 0.00111072 3.1576e-05 
740 740 0.00112399 3.0165e-05 
741 741 0.00175932 8.2941e-05 
742 742 0.00266716 5.7112e-05 
743 743 0.00153654 3.3944e-05 
744 744 0.00141262 3.2133e-05 
745 745 0.00111836 3.1975e-05 
746 746 0.00111524 3.2041e-05 
747 747 0.00112379 3.3918e-05 
748 748 0.00119968 3.3502e-05 
749 749 0.00134343 3.6757e-05 
750 750 0.00128231 3.3685e-05 
751 751 0.00116701 3.342e-05 
752 752 0.00113236 4.1538e-05 
753 753 0.00133522 3.5223e-05 
754 754 0.00132629 3.3792e-05 
755 755 0.00116647 3.3115e-05 
756 756 0.00114793 3.3313e-05 
757 757 0.00113891 3.3525e-05 
758 758 0.00122513 7.3197e-05 
759 759 0.00189191 3.6491e-05 
760 760 0.00180697 3.4056e-05 
761 761 0.00131689 3.493e-05 
762 762 0.00188098 4.4543e-05 
763 763 0.00158258 3.622e-05 
764 764 0.00122686 3.4488e-05 
765 765 0.00118437 3.4446e-05 
766 766 0.00117886 4.6539e-05 
767 767 0.00142996 3.8566e-05 
768 768 0.00140236 3.3496e-05 
769 769 0.00119797 3.2649e-05 
770 770 0.00115761 3.2795e-05 
771 771 0.00126405 5.7451e-05 
772 772 0.00121466 3.2175e-05 
773 773 0.00120151 3.2065e-05 
774 774 0.00125304 3.1732e-05 
775 775 0.00120828 3.3359e-05 
776 776 0.00132148 4.1569e-05 
777 777 0.00152683 3.7797e-05 
778 778 0.00150354 3.2699e-05 
779 779 0.00129778 3.3097e-05 
780 780 0.00120355 3.2031e-05 
781 781 0.00122856 3.2524e-05 
782 782 0.00122218 3.334e-05 
783 783 0.00124732 3.145e-05 
784 784 0.00120395 3.9517e-05 
785 785 0.00131226 3.6609e-05 
786 786 0.00128202 3.7497e-05 
787 787 0.00128516 3.6306e-05 
788 788 0.00133176 3.526e-05 
789 789 0.00124935 3.5763e-05 
790 790 0.00121121 3.5697e-05 
791 791 0.00123575 3.5193e-05 
792 792 0.001231 3.4418e-05 
793 793 0.00120656 3.4247e-05 
794 794 0.00228193 5.1286e-05 
795 795 0.00153582 3.8223e-05 
796 796 0.00144774 3.595e-05 
797 797 0.00134935 3.5023e-05 
798 798 0.00124268 3.7785e-05 
799 799 0.00123148 3.5868e-05 
800 800 0.00131843 3.5793e-05 
801 801 0.00201143 5.0165e-05 
802 802 0.00157003 4.255e-05 
803 803 0.00141634 3.6362e-05 
804 804 0.00136862 4.0791e-05 
805 805 0.00131712 3.4959e-05 
806 806 0.0012543 3.424e-05 
807 807 0.001234 3.2873e-05 
808 808 0.00128349 3.3982e-05 
809 809 0.00131028 3.2844e-05 
810 810 0.00136765 3.4704e-05 
811 811 0.00127308 3.3469e-05 
812 812 0.00123203 3.1909e-05 
813 813 0.00125348 5.7564e-05 
814 814 0.0015302 4.7971e-05 
815 815 0.00144698 3.8316e-05 
816 816 0.00129686 3.747e-05 
817 817 0.00126256 3.6354e-05 
818 818 0.00130347 4.1174e-05 
819 819 0.00135023 5.138e-05 
820 820 0.00157536 3.9955e-05 
821 821 0.00149805 4.2027e-05 
822 822 0.00140152 3.6535e-05 
823 823 0.00156353 3.8893e-05 
824 824 0.00149343 5.8686e-05 
825 825 0.00129643 3.4836e-05 
826 826 0.00126813 3.3887e-05 
827 827 0.00150641 3.8836e-05 
828 828 0.00142261 4.279e-05 
829 829 0.00152661 3.9388e-05 
830 830 0.00142601 3.7497e-05 
831 831 0.00145175 3.8146e-05 
832 832 0.0019386 4.4509e-05 
833 833 0.00162057 3.7708e-05 
834 834 0.00133734 3.7059e-05 
835 835 0.00129165 3.6891e-05 
836 836 0.0013441 3.7383e-05 
837 837 0.00133985 3.8358e-05 
838 838 0.00131434 6.0885e-05 
839 839 0.00129838 3.5952e-05 
840 840 0.0013259 3.5959e-05 
841 841 0.00135049 4.0563e-05 
842 842 0.00133542 3.5838e-05 
843 843 0.00143127 3.8388e-05 
844 844 0.00132209 3.6077e-05 
845 845 0.00128837 4.2013e-05 
846 846 0.00174535 4.191e-05 
847 847 0.00176014 3.7035e-05 
848 848 0.00141353 3.7224e-05 
849 849 0.00136042 6.0736e-05 
850 850 0.00143071 3.8586e-05 
851 851 0.00135829 3.7842e-05 
852 852 0.0013028 3.6104e-05 
853 853 0.00132959 3.7431e-05 
854 854 0.00133273 5.456e-05 
855 855 0.00167088 4.3262e-05 
856 856 0.00162824 4.007e-05 
857 857 0.00151749 4.7284e-05 
858 858 0.00148198 4.2167e-05 
859 859 0.00191432 4.3954e-05 
860 860 0.00181768 4.1306e-05 
861 861 0.00608291 0.00014892 
862 862 0.00260701 9.5535e-05 
863 863 0.00309182 7.0217e-05 
864 864 0.00369678 8.1906e-05 
865 865 0.0040037 6.9404e-05 
866 866 0.00296926 4.7558e-05 
867 867 0.00189539 3.8741e-05 
868 868 0.00143069 3.9358e-05 
869 869 0.00136177 3.846e-05 
870 870 0.00143519 4.239e-05 
871 871 0.00150371 3.9904e-05 
872 872 0.00141452 3.8641e-05 
873 873 0.00144128 3.9009e-05 
874 874 0.00140311 3.8575e-05 
875 875 0.00138544 4.0909e-05 
876 876 0.00140345 3.8388e-05 
877 877 0.00144012 4.1953e-05 
878 878 0.00148851 4.7048e-05 
879 879 0.00163718 4.1059e-05 
880 880 0.00148614 3.9489e-05 
881 881 0.00145089 4.218e-05 
882 882 0.00140597 4.038e-05 
883 883 0.0014273 3.9031e-05 
884 884 0.00135218 3.9278e-05 
885 885 0.00133734 3.9429e-05 
886 886 0.00145694 4.2172e-05 
887 887 0.00149006 4.0579e-05 
888 888 0.00146875 4.154e-05 
889 889 0.00139103 4.0759e-05 
890 890 0.00137121 4.2811e-05 
891 891 0.00147419 4.2086e-05 
892 892 0.00144158 4.0014e-05 
893 893 0.00136183 4.0426e-05 
894 894 0.00135582 4.0019e-05 
895 895 0.00136853 5.4344e-05 
896 896 0.0017061 4.1639e-05 
897 897 0.00154745 3.8495e-05 
898 898 0.00134009 3.8602e-05 
899 899 0.00135886 3.9228e-05 
900 900 0.00138154 3.8741e-05 
901 901 0.00142917 3.7879e-05 
902 902 0.00134218 3.8053e-05 
903 903 0.00141705 3.8395e-05 
904 904 0.00143028 3.9679e-05 
905 905 0.00144969 4.2969e-05 
906 906 0.00173201 4.9697e-05 
907 907 0.00174659 4.3085e-05 
908 908 0.00154144 3.9645e-05 
909 909 0.00151173 4.0689e-05 
910 910 0.00177821 4.5533e-05 
911 911 0.00147673 4.1997e-05 
912 912 0.00147624 4.9708e-05 
913 913 0.00168926 4.566e-05 
914 914 0.00164648 4.2562e-05 
915 915 0.00148713 4.1556e-05 
916 916 0.00145505 4.2702e-05 
917 917 0.00144345 4.2594e-05 
918 918 0.00142845 4.1367e-05 
919 919 0.00137257 4.1798e-05 
920 920 0.00142924 4.2444e-05 
921 921 0.00144179 9.8156e-05 
922 922 0.00148836 4.3011e-05 
923 923 0.00147124 4.1459e-05 
924 924 0.00137624 4.1662e-05 
925 925 0.00139086 4.3189e-05 
926 926 0.00149777 4.3002e-05 
927 927 0.0014748 4.2446e-05 
928 928 0.0014774 4.1603e-05 
929 929 0.00138928 4.2119e-05 
930 930 0.00142943 5.2281e-05 
931 931 0.00154706 4.3194e-05 
932 932 0.00146517 4.1619e-05 
933 933 0.00139411 4.1906e-05 
934 934 0.00140657 4.3012e-05 
935 935 0.00146143 4.2486e-05 
936 936 0.00146635 4.25e-05 
937 937 0.00142969 4.9177e-05 
938 938 0.00161149 4.4097e-05 
939 939 0.00157627 4.4078e-05 
940 940 0.0015194 4.2212e-05 
941 941 0.00146422 4.2098e-05 
942 942 0.0014239 4.1908e-05 
943 943 0.00142369 4.2922e-05 
944 944 0.00152597 4.2509e-05 
945 945 0.001493 4.2048e-05 
946 946 0.00235844 6.4005e-05 
947 947 0.00210095 5.6229e-05 
948 948 0.00183351 4.8805e-05 
949 949 0.00162603 4.698e-05 
950 950 0.00146074 4.6077e-05 
951 951 0.00146516 4.7172e-05 
952 952 0.00146968 4.7463e-05 
953 953 0.00166166 4.7851e-05 
954 954 0.00150047 4.5626e-05 
955 955 0.00147657 4.6207e-05 
956 956 0.00153687 4.5827e-05 
957 957 0.00149089 4.4547e-05 
958 958 0.0014694 4.4084e-05 
959 959 0.00144648 4.4366e-05 
960 960 0.00146153 4.4577e-05 
961 961 0.00147236 4.5286e-05 
962 962 0.00147236 4.407e-05 
963 963 0.00144862 4.4299e-05 
964 964 0.00144594 4.5304e-05 
965 965 0.00150231 4.499e-05 
966 966 0.00147979 4.427e-05 
967 967 0.00145318 4.3688e-05 
968 968 0.0015328 4.6133e-05 
969 969 0.00146163 4.4702e-05 
970 970 0.00153376 4.3546e-05 
971 971 0.00147791 4.6612e-05 
972 972 0.00146823 4.3948e-05 
973 973 0.00147974 4.4997e-05 
974 974 0.00149937 4.4168e-05 
975 975 0.0014873 4.4096e-05 
976 976 0.00146488 4.355e-05 
977 977 0.00146634 4.4086e-05 
978 978 0.00150226 4.5247e-05 
979 979 0.00151951 4.3586e-05 
980 980 0.0014783 4.4321e-05 
981 981 0.00147587 4.4216e-05 
982 982 0.00153174 4.5931e-05 
983 983 0.00151957 4.4809e-05 
984 984 0.00150369 4.4089e-05 
985 985 0.00147056 4.3985e-05 
986 986 0.00147113 4.5375e-05 
987 987 0.00153576 4.4635e-05 
988 988 0.00153643 4.3881e-05 
989 989 0.00147345 4.3728e-05 
990 990 0.00148638 4.3783e-05 
991 991 0.00152567 4.4393e-05 
992 992 0.0015083 4.3988e-05 
993 993 0.00150369 4.3354e-05 
994 994 0.00148622 4.3732e-05 
995 995 0.00158398 4.977e-05 
996 996 0.00167682 4.6799e-05 
997 997 0.00158732 4.5063e-05 
998 998 0.00151007 4.486e-05 
999 999 0.00169973 5.6344e-05 
1000 1000 0.00179644 5.0798e-05 
1001 1001 0.00166937 4.6532e-05 
1002 1002 0.00151789 4.6105e-05 
1003 1003 0.00198714 0.000111558 
1004 1004 0.00302099 0.000109806 
1005 1005 0.00312679 9.8749e-05 
1006 1006 0.0029876 6.4833e-05 
1007 1007 0.00227602 5.8696e-05 
1008 1008 0.00230654 9.836e-05 
1009 1009 0.00311262 0.000121278 
1010 1010 0.00329194 0.00013854 
1011 1011 0.00320325 0.000117388 
1012 1012 0.00312803 6.6327e-05 
1013 1013 0.00290333 0.000113127 
1014 1014 0.00310862 8.157e-05 
1015 1015 0.0029283 5.4849e-05 
1016 1016 0.00196024 4.9362e-05 
1017 1017 0.00172726 5.2422e-05 
1018 1018 0.00170695 5.02e-05 
1019 1019 0.0017679 4.9133e-05 
1020 1020 0.00172662 4.8991e-05 
1021 1021 0.00178138 5.0735e-05 
1022 1022 0.00173465 4.5948e-05 
1023 1023 0.00163604 4.5436e-05 
1024 1024 0.00159811 4.5824e-05 
1025 1025 0.00158892 4.4891e-05 
1026 1026 0.00158906 4.7141e-05 
1027 1027 0.00184648 5.2048e-05 
1028 1028 0.0019826 4.6837e-05 
1029 1029 0.00172192 4.6551e-05 
1030 1030 0.00162558 4.6194e-05 
1031 1031 0.00156579 4.5976e-05 
1032 1032 0.0015728 4.693e-05 
1033 1033 0.00158452 4.6603e-05 
1034 1034 0.00159442 4.617e-05 
1035 1035 0.00162876 4.6598e-05 
1036 1036 0.00160007 4.6179e-05 
1037 1037 0.00155923 5.254e-05 
1038 1038 0.00164323 4.6578e-05 
1039 1039 0.00170089 4.8521e-05 
1040 1040 0.00202721 5.036e-05 
1041 1041 0.00190518 4.7602e-05 
1042 1042 0.00169574 4.6371e-05 
1043 1043 0.00169638 4.7426e-05 
1044 1044 0.00163539 4.4108e-05 
1045 1045 0.00160207 4.354e-05 
1046 1046 0.00159445 4.3819e-05 
1047 1047 0.0022859 6.4132e-05 
1048 1048 0.0021536 5.3012e-05 
1049 1049 0.00175914 4.9175e-05 
1050 1050 0.00167012 5.0234e-05 
1051 1051 0.00163208 5.0919e-05 
1052 1052 0.00162152 4.9078e-05 
1053 1053 0.00161966 4.8501e-05 
1054 1054 0.00162855 5.3289e-05 
1055 1055 0.00178191 5.549e-05 
1056 1056 0.00172902 4.9432e-05 
1057 1057 0.00160424 4.9079e-05 
1058 1058 0.00159274 5.0975e-05 
1059 1059 0.00165547 4.9943e-05 
1060 1060 0.00160537 4.8714e-05 
1061 1061 0.00159239 4.9166e-05 
1062 1062 0.00200326 5.9595e-05 
1063 1063 0.00228042 5.5725e-05 
1064 1064 0.00204359 5.0056e-05 
1065 1065 0.00168465 7.57e-05 
1066 1066 0.00176484 4.8786e-05 
1067 1067 0.0017429 4.7633e-05 
1068 1068 0.00163245 4.9083e-05 
1069 1069 0.0016319 4.9026e-05 
1070 1070 0.00173815 4.8221e-05 
1071 1071 0.00165386 4.7344e-05 
1072 1072 0.00165003 7.2889e-05 
1073 1073 0.00161085 4.8726e-05 
1074 1074 0.00164935 4.9513e-05 
1075 1075 0.0016717 4.8448e-05 
1076 1076 0.00184309 5.2938e-05 
1077 1077 0.00198363 6.2234e-05 
1078 1078 0.00230142 5.8013e-05 
1079 1079 0.00229829 5.3929e-05 
1080 1080 0.00201518 5.2075e-05 
1081 1081 0.00191599 4.8629e-05 
1082 1082 0.00182139 6.5195e-05 
1083 1083 0.00191703 4.8497e-05 
1084 1084 0.00167408 5.919e-05 
1085 1085 0.00163896 4.7935e-05 
1086 1086 0.00164383 5.1182e-05 
1087 1087 0.00162379 4.7924e-05 
1088 1088 0.00171565 4.8615e-05 
1089 1089 0.00173581 5.2933e-05 
1090 1090 0.0019333 5.6255e-05 
1091 1091 0.00193586 5.0321e-05 
1092 1092 0.001747 7.433e-05 
1093 1093 0.00184458 4.7844e-05 
1094 1094 0.00171158 4.7426e-05 
1095 1095 0.00170627 4.7921e-05 
1096 1096 0.00177693 5.3191e-05 
1097 1097 0.00209435 5.3799e-05 
1098 1098 0.00223029 5.5241e-05 
1099 1099 0.002296 6.2362e-05 
1100 1100 0.0023628 5.4736e-05 
1101 1101 0.00231089 4.8752e-05 
1102 1102 0.00197445 5.6645e-05 
1103 1103 0.00203452 5.2838e-05 
1104 1104 0.00208976 4.9323e-05 
1105 1105 0.00190036 5.1172e-05 
1106 1106 0.0019445 5.2384e-05 
1107 1107 0.00199586 5.1853e-05 
1108 1108 0.00177229 5.0752e-05 
1109 1109 0.00317622 0.000115709 
1110 1110 0.00298562 6.8642e-05 
1111 1111 0.00217741 5.9565e-05 
1112 1112 0.001826 6.5426e-05 
1113 1113 0.00180713 5.6134e-05 
1114 1114 0.0017551 5.968e-05 
1115 1115 0.00199763 6.0846e-05 
1116 1116 0.00203453 5.7163e-05 
1117 1117 0.00177827 5.4465e-05 
1118 1118 0.00168537 5.4794e-05 
1119 1119 0.0016845 5.5003e-05 
1120 1120 0.00172355 5.4478e-05 
1121 1121 0.00188758 5.998e-05 
1122 1122 0.00181621 5.6104e-05 
1123 1123 0.0018014 5.5201e-05 
1124 1124 0.0017642 6.1797e-05 
1125 1125 0.00172923 6.2525e-05 
1126 1126 0.0016886 5.4499e-05 
1127 1127 0.0018399 5.4575e-05 
1128 1128 0.00190963 6.6389e-05 
1129 1129 0.00218984 6.0057e-05 
1130 1130 0.0022492 5.8877e-05 
1131 1131 0.00219749 5.5463e-05 
1132 1132 0.00202539 5.1461e-05 
1133 1133 0.0018337 5.1005e-05 
1134 1134 0.00182515 6.096e-05 
1135 1135 0.00201795 5.693e-05 
1136 1136 0.0020604 5.4964e-05 
1137 1137 0.00210332 5.6054e-05 
1138 1138 0.0026691 6.5192e-05 
1139 1139 0.00258586 5.5543e-05 
1140 1140 0.0021575 5.5731e-05 
1141 1141 0.00196504 5.5336e-05 
1142 1142 0.00185462 5.278e-05 
1143 1143 0.001774 6.2261e-05 
1144 1144 0.00179736 5.365e-05 
1145 1145 0.00178736 5.1982e-05 
1146 1146 0.00178189 5.2806e-05 
1147 1147 0.00189184 8.3879e-05 
1148 1148 0.00261228 7.21e-05 
1149 1149 0.00246499 5.3375e-05 
1150 1150 0.0019878 5.7657e-05 
1151 1151 0.00205534 5.5485e-05 
1152 1152 0.00185198 5.3798e-05 
1153 1153 0.0017809 5.5342e-05 
1154 1154 0.00204494 5.4628e-05 
1155 1155 0.0020014 5.3241e-05 
1156 1156 0.00180629 5.2964e-05 
1157 1157 0.00186543 5.7789e-05 
1158 1158 0.00197109 5.6106e-05 
1159 1159 0.0019165 6.4548e-05 
1160 1160 0.0018737 6.6992e-05 
1161 1161 0.0024578 6.6089e-05 
1162 1162 0.00244628 5.4101e-05 
1163 1163 0.00189996 5.4037e-05 
1164 1164 0.00191236 5.5219e-05 
1165 1165 0.00191389 5.4265e-05 
1166 1166 0.001828 6.4458e-05 
1167 1167 0.00243511 6.8489e-05 
1168 1168 0.00256753 5.9054e-05 
1169 1169 0.00229926 5.3887e-05 
1170 1170 0.00193828 6.1108e-05 
1171 1171 0.0020694 5.8243e-05 
1172 1172 0.00202408 5.408e-05 
1173 1173 0.00188789 5.3442e-05 
1174 1174 0.00204661 5.4713e-05 
1175 1175 0.00200261 5.5923e-05 
1176 1176 0.00193678 5.1256e-05 
1177 1177 0.00201775 5.8316e-05 
1178 1178 0.00199049 5.6509e-05 
1179 1179 0.0027109 7.6823e-05 
1180 1180 0.00266929 6.0483e-05 
1181 1181 0.00234282 5.7549e-05 
1182 1182 0.00206343 5.2276e-05 
1183 1183 0.00191453 6.2841e-05 
1184 1184 0.00234142 6.3173e-05 
1185 1185 0.00243018 6.2189e-05 
1186 1186 0.00217748 8.4698e-05 
1187 1187 0.00257559 7.1056e-05 
1188 1188 0.00244262 5.3651e-05 
1189 1189 0.00184461 5.5178e-05 
1190 1190 0.0018644 5.6126e-05 
1191 1191 0.00188751 5.3828e-05 
1192 1192 0.00180481 5.325e-05 
1193 1193 0.00183041 5.8936e-05 
1194 1194 0.00214944 7.0511e-05 
1195 1195 0.00196334 5.3587e-05 
1196 1196 0.00178575 5.3361e-05 
1197 1197 0.00192086 5.4341e-05 
1198 1198 0.00188429 5.3016e-05 
1199 1199 0.00186041 5.3595e-05 
1200 1200 0.00181852 5.3493e-05 
1201 1201 0.00184607 5.283e-05 
1202 1202 0.00184596 5.2883e-05 
1203 1203 0.00180121 5.2591e-05 
1204 1204 0.00249976 0.000107401 
1205 1205 0.00314932 8.9175e-05 
1206 1206 0.00289483 6.3387e-05 
1207 1207 0.00226632 5.7956e-05 
1208 1208 0.00193451 5.7595e-05 
1209 1209 0.0018564 5.8461e-05 
1210 1210 0.00193595 6.324e-05 
1211 1211 0.00200685 5.9538e-05 
1212 1212 0.00215842 5.801e-05 
1213 1213 0.00209595 5.6211e-05 
1214 1214 0.00195204 5.4554e-05 
1215 1215 0.00213329 6.4418e-05 
1216 1216 0.00200493 5.5873e-05 
1217 1217 0.00199967 5.4696e-05 
1218 1218 0.00193099 5.2659e-05 
1219 1219 0.00185258 5.2871e-05 
1220 1220 0.00189292 5.2518e-05 
1221 1221 0.00188798 5.1732e-05 
1222 1222 0.0020735 5.7892e-05 
1223 1223 0.00212632 6.3869e-05 
1224 1224 0.00203459 5.4575e-05 
1225 1225 0.0020299 5.3236e-05 
1226 1226 0.00193631 5.2562e-05 
1227 1227 0.00201254 5.7335e-05 
1228 1228 0.00203028 6.0789e-05 
1229 1229 0.00217815 5.5785e-05 
1230 1230 0.00230087 5.8101e-05 
1231 1231 0.00224227 5.5203e-05 
1232 1232 0.00206219 5.2027e-05 
1233 1233 0.00192099 5.7051e-05 
1234 1234 0.0020739 6.3114e-05 
1235 1235 0.00342431 8.7687e-05 
1236 1236 0.0034197 8.0597e-05 
1237 1237 0.00324268 5.7674e-05 
1238 1238 0.00338986 7.1133e-05 
1239 1239 0.00306429 5.796e-05 
1240 1240 0.00251738 6.371e-05 
1241 1241 0.00225493 5.7047e-05 
1242 1242 0.00222085 5.4229e-05 
1243 1243 0.00205484 5.4353e-05 
1244 1244 0.0021936 8.723e-05 
1245 1245 0.00299304 7.7344e-05 
1246 1246 0.00283361 6.0028e-05 
1247 1247 0.00222971 5.8567e-05 
1248 1248 0.00217809 5.7699e-05 
1249 1249 0.00194893 5.7285e-05 
1250 1250 0.00284319 8.7465e-05 
1251 1251 0.00265859 6.5317e-05 
1252 1252 0.00218453 6.1968e-05 
1253 1253 0.00226754 7.8863e-05 
1254 1254 0.00291526 7.1146e-05 
1255 1255 0.00279316 7.0404e-05 
1256 1256 0.00220464 5.8791e-05 
1257 1257 0.0019492 5.773e-05 
1258 1258 0.00191128 5.8773e-05 
1259 1259 0.00191496 5.7977e-05 
1260 1260 0.00190413 5.7594e-05 
1261 1261 0.00196639 6.8279e-05 
1262 1262 0.00245309 6.6565e-05 
1263 1263 0.00241039 6.0474e-05 
1264 1264 0.00214853 5.9175e-05 
1265 1265 0.00207277 5.8765e-05 
1266 1266 0.00205203 5.791e-05 
1267 1267 0.00197943 6.0597e-05 
1268 1268 0.00216239 5.9932e-05 
1269 1269 0.00219502 8.3053e-05 
1270 1270 0.00208056 5.605e-05 
1271 1271 0.00196015 5.547e-05 
1272 1272 0.00198609 5.6335e-05 
1273 1273 0.00206934 6.1006e-05 
1274 1274 0.0021322 5.877e-05 
1275 1275 0.00216962 5.9521e-05 
1276 1276 0.00211532 5.6401e-05 
1277 1277 0.00204805 5.4931e-05 
1278 1278 0.00200759 5.6806e-05 
1279 1279 0.00204379 6.668e-05 
1280 1280 0.00215816 5.5411e-05 
1281 1281 0.0020166 5.543e-05 
1282 1282 0.00202881 5.699e-05 
1283 1283 0.00206705 5.8665e-05 
1284 1284 0.00198902 5.5185e-05 
1285 1285 0.00199691 5.8152e-05 
1286 1286 0.00211974 6.2367e-05 
1287 1287 0.00225932 5.6176e-05 
1288 1288 0.00204957 5.741e-05 
1289 1289 0.00213496 5.5702e-05 
1290 1290 0.00238777 5.6548e-05 
1291 1291 0.00197491 5.6032e-05 
1292 1292 0.00282909 0.000110824 
1293 1293 0.00330534 9.0553e-05 
1294 1294 0.00361222 9.2512e-05 
1295 1295 0.00337267 9.5799e-05 
1296 1296 0.00359764 9.0752e-05 
1297 1297 0.00306491 7.5088e-05 
1298 1298 0.00291605 7.273e-05 
1299 1299 0.00288835 6.521e-05 
1300 1300 0.00284329 6.321e-05 
1301 1301 0.00241746 6.2963e-05 
1302 1302 0.00241364 6.2323e-05 
1303 1303 0.00246249 6.0514e-05 
1304 1304 0.00236724 6.0066e-05 
1305 1305 0.00221845 5.7069e-05 
1306 1306 0.00224663 6.0252e-05 
1307 1307 0.00222404 5.999e-05 
1308 1308 0.00224758 8.3731e-05 
1309 1309 0.00223171 5.7127e-05 
1310 1310 0.00222642 6.1906e-05 
1311 1311 0.00222723 5.9715e-05 
1312 1312 0.00255451 6.259e-05 
1313 1313 0.00258692 6.6435e-05 
1314 1314 0.00241788 5.9943e-05 
1315 1315 0.00232065 5.8415e-05 
1316 1316 0.00281201 8.3226e-05 
1317 1317 0.00297213 7.514e-05 
1318 1318 0.00289834 7.2088e-05 
1319 1319 0.00276876 6.5661e-05 
1320 1320 0.0025137 6.0308e-05 
1321 1321 0.00228166 0.000123814 
1322 1322 0.00265475 6.4819e-05 
1323 1323 0.00243898 5.9441e-05 
1324 1324 0.00234281 6.2802e-05 
1325 1325 0.00240023 6.0661e-05 
1326 1326 0.00226209 5.9631e-05 
1327 1327 0.00249493 8.4993e-05 
1328 1328 0.00357314 8.7874e-05 
1329 1329 0.00337182 7.5556e-05 
1330 1330 0.00295464 6.3131e-05 
1331 1331 0.00249965 6.2557e-05 
1332 1332 0.00398799 0.000114252 
1333 1333 0.00317271 7.0287e-05 
1334 1334 0.00270659 7.1607e-05 
1335 1335 0.00258188 6.1373e-05 
1336 1336 0.00232083 7.0318e-05 
1337 1337 0.00265924 6.5862e-05 
1338 1338 0.0026395 6.3163e-05 
1339 1339 0.00229629 6.6479e-05 
1340 1340 0.00233437 6.2999e-05 
1341 1341 0.00231506 6.744e-05 
1342 1342 0.00238126 6.4661e-05 
1343 1343 0.00248 6.1299e-05 
1344 1344 0.00239661 6.5612e-05 
1345 1345 0.00231036 7.6296e-05 
1346 1346 0.00263723 6.9775e-05 
1347 1347 0.00268633 6.7693e-05 
1348 1348 0.00278438 8.6335e-05 
1349 1349 0.00266026 6.7369e-05 
1350 1350 0.00240255 6.1454e-05 
1351 1351 0.00250294 6.7405e-05 
1352 1352 0.00254105 7.4502e-05 
1353 1353 0.00240574 6.2922e-05 
1354 1354 0.0025443 6.6155e-05 
1355 1355 0.00246402 6.9688e-05 
1356 1356 0.00228701 6.1383e-05 
1357 1357 0.00240668 9.8565e-05 
1358 1358 0.00353527 6.8107e-05 
1359 1359 0.00309152 6.4882e-05 
1360 1360 0.00266469 6.0278e-05 
1361 1361 0.00237289 5.8517e-05 
1362 1362 0.00259692 6.6255e-05 
1363 1363 0.00250919 6.1262e-05 
1364 1364 0.00235405 6.244e-05 
1365 1365 0.00244627 6.0738e-05 
1366 1366 0.00240116 5.9158e-05 
1367 1367 0.00227467 6.5261e-05 
1368 1368 0.00275423 6.4482e-05 
1369 1369 0.00258226 6.045e-05 
1370 1370 0.00237929 6.5123e-05 
1371 1371 0.00247755 6.1773e-05 
1372 1372 0.00238845 5.9844e-05 
1373 1373 0.00254247 9.2881e-05 
1374 1374 0.00281701 7.4181e-05 
1375 1375 0.00264972 6.954e-05 
1376 1376 0.00248908 6.6707e-05 
1377 1377 0.00243335 6.3876e-05 
1378 1378 0.00268137 0.000136403 
1379 1379 0.00351211 0.000109864 
1380 1380 0.00333187 6.431e-05 
1381 1381 0.00281705 6.5185e-05 
1382 1382 0.0026222 6.5296e-05 
1383 1383 0.00247346 6.7821e-05 
1384 1384 0.00306229 8.1464e-05 
1385 1385 0.00314841 7.2417e-05 
1386 1386 0.00294818 6.3475e-05 
1387 1387 0.0025951 6.5898e-05 
1388 1388 0.00245688 6.6006e-05 
1389 1389 0.00247917 6.3317e-05 
1390 1390 0.00246109 7.156e-05 
1391 1391 0.00235211 6.7139e-05 
1392 1392 0.00239921 6.6323e-05 
1393 1393 0.00367247 0.000145492 
1394 1394 0.0042932 0.000183972 
1395 1395 0.00428392 0.000154802 
1396 1396 0.00442712 0.000124358 
1397 1397 0.00401714 0.000120344 
1398 1398 0.00389682 9.8079e-05 
1399 1399 0.0041537 0.000125281 
1400 1400 0.00383734 0.000108102 
1401 1401 0.00380604 9.2225e-05 
1402 1402 0.00356843 7.8687e-05 
1403 1403 0.00355951 9.1093e-05 
1404 1404 0.00319136 8.1137e-05 
1405 1405 0.00430214 0.000107667 
1406 1406 0.00353187 8.1755e-05 
1407 1407 0.0033933 8.1368e-05 
1408 1408 0.00290585 6.966e-05 
1409 1409 0.00265725 7.0394e-05 
1410 1410 0.00256658 6.8663e-05 
1411 1411 0.00254151 6.2198e-05 
1412 1412 0.00247063 7.1183e-05 
1413 1413 0.00267833 6.7517e-05 
1414 1414 0.00255138 6.3627e-05 
1415 1415 0.00243757 6.9006e-05 
1416 1416 0.0025417 6.7061e-05 
1417 1417 0.0030961 0.000122518 
1418 1418 0.00348688 9.9645e-05 
1419 1419 0.00339208 7.0073e-05 
1420 1420 0.00293909 6.7e-05 
1421 1421 0.00264166 6.525e-05 
1422 1422 0.00257764 7.192e-05 
1423 1423 0.00261005 6.7998e-05 
1424 1424 0.0025677 6.5227e-05 
1425 1425 0.00246409 7.4177e-05 
1426 1426 0.00259925 7.1226e-05 
1427 1427 0.00304409 0.000102682 
1428 1428 0.00366022 9.763e-05 
1429 1429 0.00358647 7.8634e-05 
1430 1430 0.00312237 7.0149e-05 
1431 1431 0.00280621 7.0469e-05 
1432 1432 0.00251598 7.3828e-05 
1433 1433 0.00257291 7.7339e-05 
1434 1434 0.00253457 6.8096e-05 
1435 1435 0.0026841 8.0844e-05 
1436 1436 0.00432344 0.00030439 
1437 1437 0.0047803 0.000219271 
1438 1438 0.00445271 0.000273951 
1439 1439 0.00437992 9.2971e-05 
1440 1440 0.00424934 8.5841e-05 
1441 1441 0.00370211 7.4615e-05 
1442 1442 0.00358573 9.158e-05 
1443 1443 0.00359406 8.3932e-05 
1444 1444 0.00357082 8.2016e-05 
1445 1445 0.0035675 8.9785e-05 
1446 1446 0.00392181 0.000168621 
1447 1447 0.00450711 0.000154084 
1448 1448 0.00452171 0.000120158 
1449 1449 0.00391606 7.9701e-05 
1450 1450 0.00317033 7.0194e-05 
1451 1451 0.00326131 7.8849e-05 
1452 1452 0.00296392 7.6562e-05 
1453 1453 0.00314949 9.4911e-05 
1454 1454 0.00333984 8.6522e-05 
1455 1455 0.00316595 8.1948e-05 
1456 1456 0.00292816 7.1401e-05 
1457 1457 0.00287035 7.1082e-05 
1458 1458 0.00299389 8.6294e-05 
1459 1459 0.0031301 8.4137e-05 
1460 1460 0.00310997 7.8261e-05 
1461 1461 0.00292721 7.7203e-05 
1462 1462 0.00298336 8.6857e-05 
1463 1463 0.00327698 7.3848e-05 
1464 1464 0.00300809 6.7058e-05 
1465 1465 0.00265256 6.5489e-05 
1466 1466 0.00235422 6.4761e-05 
1467 1467 0.00239214 6.6742e-05 
1468 1468 0.00261849 7.297e-05 
1469 1469 0.00293034 8.4887e-05 
1470 1470 0.00309854 7.374e-05 
1471 1471 0.00284585 6.665e-05 
1472 1472 0.00264555 8.4718e-05 
1473 1473 0.00327593 7.8309e-05 
1474 1474 0.00360724 0.000136863 
1475 1475 0.00402669 0.000117133 
1476 1476 0.00437654 0.000112326 
1477 1477 0.00399383 8.3101e-05 
1478 1478 0.00301342 7.3597e-05 
1479 1479 0.0028826 7.7349e-05 
1480 1480 0.00263949 9.8239e-05 
1481 1481 0.00391844 0.000118903 
1482 1482 0.00429263 0.000127272 
1483 1483 0.00430545 0.000101741 
1484 1484 0.00426039 0.000105058 
1485 1485 0.00416146 0.000112048 
1486 1486 0.00399007 8.2445e-05 
1487 1487 0.00374947 8.9854e-05 
1488 1488 0.00343174 8.1782e-05 
1489 1489 0.0033352 7.0882e-05 
1490 1490 0.00294251 7.3445e-05 
1491 1491 0.00281729 7.0392e-05 
1492 1492 0.00285672 7.4587e-05 
1493 1493 0.00285944 7.2175e-05 
1494 1494 0.00279563 6.88e-05 
1495 1495 0.00281649 7.2531e-05 
1496 1496 0.0029756 0.0001314 
1497 1497 0.00380188 0.000109528 
1498 1498 0.00365749 8.3049e-05 
1499 1499 0.00311724 7.5995e-05 
1500 1500 0.00292386 9.2686e-05 
1501 1501 0.00318585 8.506e-05 
1502 1502 0.00310959 7.7525e-05 
1503 1503 0.0029553 7.3107e-05 
1504 1504 0.0027841 7.8062e-05 
1505 1505 0.00286431 7.8405e-05 
1506 1506 0.00276999 8.6829e-05 
1507 1507 0.00286604 7.7042e-05 
1508 1508 0.00284268 7.2138e-05 
1509 1509 0.00279145 7.5285e-05 
1510 1510 0.00290928 7.7185e-05 
1511 1511 0.00282892 7.8455e-05 
1512 1512 0.00284268 7.3275e-05 
1513 1513 0.00281099 7.1087e-05 
1514 1514 0.00269551 7.9732e-05 
1515 1515 0.00279796 7.6357e-05 
1516 1516 0.00273256 7.191e-05 
1517 1517 0.00289207 7.7483e-05 
1518 1518 0.00281756 7.3279e-05 
1519 1519 0.00273098 8.9513e-05 
1520 1520 0.00300088 7.8133e-05 
1521 1521 0.00293811 7.2262e-05 
1522 1522 0.00295519 7.7112e-05 
1523 1523 0.00286935 8.0925e-05 
1524 1524 0.00310903 0.000112984 
1525 1525 0.00358284 9.9521e-05 
1526 1526 0.00341097 9.594e-05 
1527 1527 0.00304858 8.0373e-05 
1528 1528 0.00309672 9.8739e-05 
1529 1529 0.00358403 8.9604e-05 
1530 1530 0.00365953 0.00014074 
1531 1531 0.0105875 0.000298045 
1532 1532 0.00551077 0.000311099 
1533 1533 0.00555009 0.000279509 
1534 1534 0.00643991 0.000265839 
1535 1535 0.00511874 0.000264218 
1536 1536 0.00563918 0.000409213 
1537 1537 0.00805837 0.000264852 
1538 1538 0.0053257 0.000284912 
1539 1539 0.00593431 0.000257578 
1540 1540 0.0055524 0.000249499 
1541 1541 0.00484833 0.000213412 
1542 1542 0.00490823 0.000201671 
1543 1543 0.00557018 0.000223355 
1544 1544 0.00492357 0.000197187 
1545 1545 0.00490216 0.000180591 
1546 1546 0.00518901 0.000196549 
1547 1547 0.00484789 0.000164771 
1548 1548 0.00464255 0.000123225 
1549 1549 0.00433763 0.000111796 
1550 1550 0.0042811 0.000102894 
1551 1551 0.00422081 0.000100383 
1552 1552 0.00435583 0.000106346 
1553 1553 0.00434125 0.000100377 
1554 1554 0.00431992 0.000105071 
1555 1555 0.00463992 0.000180048 
1556 1556 0.00473857 0.00015466 
1557 1557 0.00471757 0.000165428 
1558 1558 0.00503993 0.000217913 
1559 1559 0.00513963 0.000234504 
1560 1560 0.0051252 0.000248235 
1561 1561 0.00506997 0.000276243 
1562 1562 0.00509683 0.000271379 
1563 1563 0.00521014 0.00039484 
1564 1564 0.00543559 0.000263321 
1565 1565 0.0052687 0.000259177 
1566 1566 0.00590628 0.000275224 
1567 1567 0.006602 0.000266858 
1568 1568 0.00551349 0.000246322 
1569 1569 0.00623446 0.00024169 
1570 1570 0.00508012 0.000218851 
1571 1571 0.00523953 0.000196642 
1572 1572 0.00504558 0.000179012 
1573 1573 0.00469144 0.000144065 
1574 1574 0.00468847 0.000115835 
1575 1575 0.00453955 0.00015813 
1576 1576 0.00505592 0.000199435 
1577 1577 0.0062813 0.000248 
1578 1578 0.00522561 0.000226507 
1579 1579 0.00521251 0.000240114 
1580 1580 0.00523306 0.000351027 
1581 1581 0.00604418 0.000276943 
1582 1582 0.00597442 0.000259762 
1583 1583 0.00550633 0.000285626 
1584 1584 0.00548 0.000279291 
1585 1585 0.00538239 0.000272694 
1586 1586 0.00529663 0.000258418 
1587 1587 0.00535173 0.000264516 
1588 1588 0.00525835 0.000303552 
1589 1589 0.00525624 0.000267093 
1590 1590 0.0053004 0.00026595 
1591 1591 0.00532517 0.000253253 
1592 1592 0.00524115 0.00024627 
1593 1593 0.00508317 0.000238491 
1594 1594 0.00495781 0.000187424 
1595 1595 0.00490762 0.00016552 
1596 1596 0.00477186 0.000146797 
1597 1597 0.00454598 0.00014313 
1598 1598 0.00486375 0.000159128 
1599 1599 0.00485486 0.000146528 
1600 1600 0.00501738 0.000176 
1601 1601 0.00492299 0.000148683 
1602 1602 0.00464846 0.000106836 
1603 1603 0.00415195 0.000128258 
1604 1604 0.00457955 0.000133308 
1605 1605 0.00457731 0.000149249 
1606 1606 0.00480155 0.00015667 
1607 1607 0.00482791 0.000162521 
1608 1608 0.0048094 0.000168503 
1609 1609 0.00539736 0.000257964 
1610 1610 0.00557321 0.000258151 
1611 1611 0.00516963 0.000238778 
1612 1612 0.00509782 0.000227989 
1613 1613 0.00511875 0.0002309 
1614 1614 0.00514476 0.000230552 
1615 1615 0.00519841 0.000242229 
1616 1616 0.00515722 0.000240589 
1617 1617 0.00530101 0.000243319 
1618 1618 0.00514687 0.000231093 
1619 1619 0.00503255 0.000203083 
1620 1620 0.00619247 0.000211436 
1621 1621 0.00780425 0.000208911 
1622 1622 0.00503287 0.000183309 
1623 1623 0.00482785 0.000157977 
1624 1624 0.00471431 0.000143108 
1625 1625 0.00480788 0.000165601 
1626 1626 0.00466871 0.000130522 
1627 1627 0.0045325 9.9554e-05 
1628 1628 0.0040106 9.3951e-05 
1629 1629 0.00389773 8.8348e-05 
1630 1630 0.00365376 8.1916e-05 
1631 1631 0.003527 9.4724e-05 
1632 1632 0.00395332 9.1841e-05 
1633 1633 0.00385048 8.7013e-05 
1634 1634 0.00369877 8.1228e-05 
1635 1635 0.00353412 8.5495e-05 
1636 1636 0.00376175 9.6017e-05 
1637 1637 0.00449252 0.000127351 
1638 1638 0.00450644 0.000154418 
1639 1639 0.00507461 0.000166559 
1640 1640 0.005099 0.000187467 
1641 1641 0.00504576 0.000233876 
1642 1642 0.0052815 0.000242135 
1643 1643 0.00524988 0.000247091 
1644 1644 0.0052317 0.000250872 
1645 1645 0.0051787 0.000245884 
1646 1646 0.00524039 0.00030612 
1647 1647 0.00544224 0.000272645 
1648 1648 0.0053445 0.000265601 
1649 1649 0.00527254 0.000258739 
1650 1650 0.00508541 0.000214959 
1651 1651 0.00483231 0.000123373 
1652 1652 0.00425251 0.000110086 
1653 1653 0.00413398 9.8062e-05 
1654 1654 0.00385815 8.8528e-05 
1655 1655 0.00382435 0.000103959 
1656 1656 0.00426473 0.000112777 
1657 1657 0.00449421 0.000119768 
1658 1658 0.00438474 0.000112492 
1659 1659 0.00427345 9.5733e-05 
1660 1660 0.0041214 8.7962e-05 
1661 1661 0.00384509 8.5935e-05 
1662 1662 0.00398791 0.000111968 
1663 1663 0.00412552 0.000101294 
1664 1664 0.00405342 8.6786e-05 
1665 1665 0.00373939 8.4672e-05 
1666 1666 0.00419532 9.4057e-05 
1667 1667 0.00408409 8.4667e-05 
1668 1668 0.00392261 8.6224e-05 
1669 1669 0.0039492 8.3854e-05 
1670 1670 0.00386483 8.3111e-05 
1671 1671 0.00374482 9.0407e-05 
1672 1672 0.00430945 0.000147054 
1673 1673 0.00500431 0.000170917 
1674 1674 0.00519651 0.00018941 
1675 1675 0.0053312 0.00020751 
1676 1676 0.00550608 0.000265343 
1677 1677 0.00532478 0.000267101 
1678 1678 0.00536967 0.0002432 
1679 1679 0.00536681 0.000262236 
1680 1680 0.00534866 0.00027635 
1681 1681 0.00552253 0.000280463 
1682 1682 0.00537619 0.000270423 
1683 1683 0.00550493 0.000262622 
1684 1684 0.00542006 0.000248656 
1685 1685 0.00513914 0.000203979 
1686 1686 0.00491875 0.000161573 
1687 1687 0.00467029 0.000130827 
1688 1688 0.00437964 0.000127351 
1689 1689 0.00444672 0.000113056 
1690 1690 0.00436001 9.6336e-05 
1691 1691 0.00404757 9.1438e-05 
1692 1692 0.00425508 0.000103364 
1693 1693 0.00421467 0.000140753 
1694 1694 0.00441991 0.000102608 
1695 1695 0.00430276 8.8006e-05 
1696 1696 0.00388823 8.0303e-05 
1697 1697 0.00347006 7.8486e-05 
1698 1698 0.00320243 7.8976e-05 
1699 1699 0.0033045 8.0898e-05 
1700 1700 0.00325928 7.908e-05 
1701 1701 0.00304958 7.6917e-05 
1702 1702 0.00303738 9.1734e-05 
1703 1703 0.00318769 9.8176e-05 
1704 1704 0.00366681 0.000104432 
1705 1705 0.00471322 0.000122121 
1706 1706 0.00480799 0.00019308 
1707 1707 0.00510171 0.000172505 
1708 1708 0.00516005 0.000188578 
1709 1709 0.00528214 0.000223131 
1710 1710 0.00530543 0.000230145 
1711 1711 0.00540187 0.000241643 
1712 1712 0.00555851 0.000261331 
1713 1713 0.00548801 0.000283125 
1714 1714 0.00545613 0.000257204 
1715 1715 0.00545174 0.000255528 
1716 1716 0.00546122 0.000261095 
1717 1717 0.00549396 0.00023452 
1718 1718 0.00510658 0.000176509 
1719 1719 0.00488572 0.000135742 
1720 1720 0.0046867 0.000123847 
1721 1721 0.0044407 0.000113619 
1722 1722 0.00430587 0.000106783 
1723 1723 0.00431461 0.000106547 
1724 1724 0.00428233 0.000122649 
1725 1725 0.00477496 0.000135187 
1726 1726 0.00502175 0.00014156 
1727 1727 0.00490267 0.000136445 
1728 1728 0.0047776 0.000119405 
1729 1729 0.00627556 0.000218763 
1730 1730 0.00527233 0.000196293 
1731 1731 0.0054912 0.000226948 
1732 1732 0.00548853 0.000214105 
1733 1733 0.0055988 0.000231948 
1734 1734 0.00554834 0.000254863 
1735 1735 0.00550112 0.000250041 
1736 1736 0.0054535 0.00024718 
1737 1737 0.00550915 0.00025015 
1738 1738 0.00546373 0.000264714 
1739 1739 0.00547899 0.000264339 
1740 1740 0.00548886 0.000257386 
1741 1741 0.00552838 0.000254225 
1742 1742 0.00546463 0.000236142 
1743 1743 0.00525257 0.000179693 
1744 1744 0.00488519 0.00014842 
1745 1745 0.00474451 0.000115605 
1746 1746 0.00437076 9.0325e-05 
1747 1747 0.00365257 8.3198e-05 
1748 1748 0.003713 0.000102921 
1749 1749 0.00384434 8.9201e-05 
1750 1750 0.00345412 8.3493e-05 
1751 1751 0.00321019 8.3427e-05 
1752 1752 0.00418877 0.00014014 
1753 1753 0.00470414 0.000131452 
1754 1754 0.00472138 0.000117281 
1755 1755 0.0047548 0.000135037 
1756 1756 0.00485475 0.00013659 
1757 1757 0.00471944 0.00014108 
1758 1758 0.00471924 0.000112161 
1759 1759 0.00446362 0.000101043 
1760 1760 0.00409617 9.0454e-05 
1761 1761 0.00391444 9.3023e-05 
1762 1762 0.00379593 8.9351e-05 
1763 1763 0.00421906 0.00013714 
1764 1764 0.00512821 0.000193431 
1765 1765 0.00535183 0.000156055 
1766 1766 0.00517116 0.000150682 
1767 1767 0.00528012 0.000194429 
1768 1768 0.00532866 0.000184847 
1769 1769 0.00541977 0.000216555 
1770 1770 0.00545348 0.000215806 
1771 1771 0.00580752 0.000275803 
1772 1772 0.00591748 0.000265883 
1773 1773 0.00567034 0.000266023 
1774 1774 0.00565277 0.000275382 
1775 1775 0.00567033 0.000271358 
1776 1776 0.00564934 0.000264945 
1777 1777 0.00560503 0.000251421 
1778 1778 0.00546432 0.000196512 
1779 1779 0.00509589 0.000155284 
1780 1780 0.0049169 0.000138697 
1781 1781 0.00491279 0.00012438 
1782 1782 0.00469224 0.000117108 
1783 1783 0.00464321 0.000122297 
1784 1784 0.00461356 0.00010446 
1785 1785 0.00439116 0.000111741 
1786 1786 0.0047245 0.00010328 
1787 1787 0.00496881 0.000103809 
1788 1788 0.00467981 0.000106287 
1789 1789 0.00480921 0.000106691 
1790 1790 0.00459946 9.5058e-05 
1791 1791 0.00404112 8.7632e-05 
1792 1792 0.00393395 9.7302e-05 
1793 1793 0.00394052 9.135e-05 
1794 1794 0.0039709 0.000114932 
1795 1795 0.00483199 0.000136636 
1796 1796 0.00491008 0.000146868 
1797 1797 0.00532241 0.000190251 
1798 1798 0.00547963 0.000187362 
1799 1799 0.00547105 0.000200021 
1800 1800 0.00554451 0.000233126 
1801 1801 0.00560894 0.000246741 
1802 1802 0.00563864 0.000255481 
1803 1803 0.00583199 0.000281908 
1804 1804 0.00574146 0.000279944 
1805 1805 0.00573634 0.000292586 
1806 1806 0.00569373 0.000268511 
1807 1807 0.00575457 0.00027107 
1808 1808 0.00570325 0.00025448 
1809 1809 0.00548259 0.000213241 
1810 1810 0.00531082 0.000181449 
1811 1811 0.00547174 0.000184526 
1812 1812 0.00546551 0.000174217 
1813 1813 0.00552027 0.000177679 
1814 1814 0.00534244 0.000150743 
1815 1815 0.00514162 0.00014002 
1816 1816 0.00543796 0.000152373 
1817 1817 0.0051517 0.000125064 
1818 1818 0.00490815 0.000104616 
1819 1819 0.0046039 0.000101001 
1820 1820 0.00443028 9.5138e-05 
1821 1821 0.004461 0.000145246 
1822 1822 0.00453547 0.000112467 
1823 1823 0.00452766 0.000102983 
1824 1824 0.00484772 0.00021252 
1825 1825 0.00556994 0.000206312 
1826 1826 0.0056927 0.000220124 
1827 1827 0.00588137 0.000223661 
1828 1828 0.00568625 0.000224628 
1829 1829 0.00567757 0.00024943 
1830 1830 0.00588577 0.00027641 
1831 1831 0.00591345 0.000287326 
1832 1832 0.00586379 0.000279683 
1833 1833 0.00575712 0.00028852 
1834 1834 0.00582038 0.000279227 
1835 1835 0.00596294 0.000309347 
1836 1836 0.0057921 0.000257 
1837 1837 0.00578869 0.000242042 
1838 1838 0.00577978 0.000231605 
1839 1839 0.0057713 0.000211177 
1840 1840 0.00562258 0.000192364 
1841 1841 0.00565403 0.000180648 
1842 1842 0.00598937 0.000291502 
1843 1843 0.00600975 0.000235893 
1844 1844 0.00579037 0.000211957 
1845 1845 0.00552747 0.000179111 
1846 1846 0.00525007 0.00016749 
1847 1847 0.00525566 0.000130925 
1848 1848 0.00516122 0.000107183 
1849 1849 0.00473931 0.000182176 
1850 1850 0.0067962 0.00019222 
1851 1851 0.00603012 0.000206541 
1852 1852 0.00583494 0.000229542 
1853 1853 0.00580182 0.000256015 
1854 1854 0.00586369 0.000292258 
1855 1855 0.00596846 0.000302091 
1856 1856 0.00602501 0.000287592 
1857 1857 0.0061636 0.000300122 
1858 1858 0.00596731 0.000290399 
1859 1859 0.00617521 0.000302637 
1860 1860 0.00572008 0.000242557 
1861 1861 0.00594202 0.000210018 
1862 1862 0.00549706 0.000191475 
1863 1863 0.00523081 0.000152506 
1864 1864 0.00516433 0.000141639 
1865 1865 0.0049872 0.000124833 
1866 1866 0.00518033 0.00015045 
1867 1867 0.00601564 0.000197735 
1868 1868 0.00785822 0.00020447 
1869 1869 0.00718897 0.000128557 
1870 1870 0.00521484 9.7239e-05 
1871 1871 0.00461667 9.507e-05 
1872 1872 0.00446959 9.2509e-05 
1873 1873 0.0043768 9.0792e-05 
1874 1874 0.00436551 9.3242e-05 
1875 1875 0.00454859 0.000106709 
1876 1876 0.00502593 0.000140946 
1877 1877 0.00547274 0.000190204 
1878 1878 0.00577459 0.000196302 
1879 1879 0.0057549 0.000228106 
1880 1880 0.00580212 0.000239021 
1881 1881 0.00575617 0.000244473 
1882 1882 0.00593853 0.000259987 
1883 1883 0.00595927 0.000272361 
1884 1884 0.00635274 0.000288145 
1885 1885 0.0060251 0.000305107 
1886 1886 0.00596159 0.000311478 
1887 1887 0.00594629 0.000269962 
1888 1888 0.0057953 0.000220274 
1889 1889 0.005598 0.000186251 
1890 1890 0.00527762 0.00015479 
1891 1891 0.00509504 0.000128521 
1892 1892 0.00504829 0.000121776 
1893 1893 0.00486755 0.000117115 
1894 1894 0.00484283 0.000108998 
1895 1895 0.00514376 0.000150263 
1896 1896 0.00511323 0.00013668 
1897 1897 0.00506411 0.000117426 
1898 1898 0.00517594 0.000184787 
1899 1899 0.00710984 0.000257625 
1900 1900 0.00900209 0.000276821 
1901 1901 0.00622456 0.000291907 
1902 1902 0.00674638 0.000301395 
1903 1903 0.00608035 0.000298016 
1904 1904 0.00622667 0.000296698 
1905 1905 0.00617716 0.000293166 
1906 1906 0.00607175 0.000299631 
1907 1907 0.00613176 0.000302077 
1908 1908 0.00599496 0.000274969 
1909 1909 0.00575415 0.000207094 
1910 1910 0.00559024 0.000162366 
1911 1911 0.00613558 0.000226816 
1912 1912 0.00568464 0.000200652 
1913 1913 0.00547766 0.000166825 
1914 1914 0.00586288 0.00015788 
1915 1915 0.00550889 0.000148505 
1916 1916 0.00556594 0.000155617 
1917 1917 0.00552189 0.000145409 
1918 1918 0.00591057 0.000178447 
1919 1919 0.00578045 0.00019426 
1920 1920 0.00592555 0.000230279 
1921 1921 0.00605737 0.000299521 
1922 1922 0.00619513 0.000272625 
1923 1923 0.00616201 0.000287932 
1924 1924 0.0062027 0.000314059 
1925 1925 0.00618009 0.000294966 
1926 1926 0.00607534 0.000311148 
1927 1927 0.00610556 0.000285688 
1928 1928 0.00621579 0.000296153 
1929 1929 0.006329 0.000295011 
1930 1930 0.0063756 0.000257772 
1931 1931 0.00580279 0.000223439 
1932 1932 0.00552803 0.000280025 
1933 1933 0.00540059 0.000145826 
1934 1934 0.00523086 0.000131278 
1935 1935 0.00543486 0.000181247 
1936 1936 0.00563426 0.000232941 
1937 1937 0.00635928 0.000399825 
1938 1938 0.00608932 0.000283175 
1939 1939 0.00630626 0.000306816 
1940 1940 0.00626673 0.000301199 
1941 1941 0.00616528 0.000302773 
1942 1942 0.00659055 0.000330937 
1943 1943 0.00663224 0.000310667 
1944 1944 0.00760905 0.000282782 
1945 1945 0.00613579 0.000280198 
1946 1946 0.00703618 0.000284928 
1947 1947 0.00618319 0.000295785 
1948 1948 0.00616959 0.000476174 
1949 1949 0.006211 0.000295581 
1950 1950 0.00624956 0.000296571 
1951 1951 0.00621084 0.000333651 
1952 1952 0.0060609 0.00026748 
1953 1953 0.00586748 0.000214254 
1954 1954 0.00557425 0.000171938 
1955 1955 0.0068706 0.000239326 
1956 1956 0.00594286 0.000233117 
1957 1957 0.00618986 0.000220452 
1958 1958 0.00632126 0.000264233 
1959 1959 0.00591084 0.000227926 
1960 1960 0.00612221 0.000264421 
1961 1961 0.00643553 0.000246986 
1962 1962 0.00612162 0.000282415 
1963 1963 0.00635067 0.000313556 
1964 1964 0.00634107 0.00031288 
1965 1965 0.00641514 0.000325443 
1966 1966 0.00635916 0.000307953 
1967 1967 0.00642943 0.000307681 
1968 1968 0.00634475 0.000320075 
1969 1969 0.00641008 0.000323717 
1970 1970 0.00653778 0.000334818 
1971 1971 0.00672577 0.00032876 
1972 1972 0.0066021 0.000318175 
1973 1973 0.00644139 0.000322643 
1974 1974 0.00614916 0.000312802 
1975 1975 0.00594728 0.000218894 
1976 1976 0.00716501 0.000188609 
1977 1977 0.00567851 0.000172249 
1978 1978 0.00565202 0.000168036 
1979 1979 0.00562936 0.000169141 
1980 1980 0.0059256 0.000202905 
1981 1981 0.00622796 0.000225864 
1982 1982 0.006154 0.000231208 
1983 1983 0.00596426 0.000196042 
1984 1984 0.00596718 0.000169181 
1985 1985 0.00585723 0.00015775 
1986 1986 0.00595262 0.000204917 
1987 1987 0.00602651 0.00022189 
1988 1988 0.00613972 0.000220648 
1989 1989 0.00633319 0.000237439 
1990 1990 0.00679014 0.00031556 
1991 1991 0.00654044 0.000319272 
1992 1992 0.00673331 0.00030619 
1993 1993 0.00627688 0.000309856 
1994 1994 0.0063351 0.000319821 
1995 1995 0.00630516 0.000304364 
1996 1996 0.00654186 0.00033057 
1997 1997 0.00644889 0.00027916 
1998 1998 0.00604275 0.000248699 
1999 1999 0.00607434 0.000217604 
2000 2000 0.00582579 0.000184282 
2001 2001 0.00582883 0.000154161 
2002 2002 0.00555456 0.00014469 
2003 2003 0.00563967 0.000151885 
2004 2004 0.0055981 0.000141277 
2005 2005 0.00554914 0.000131345 
2006 2006 0.00555663 0.000136842 
2007 2007 0.00549088 0.000186762 
2008 2008 0.00552766 0.000133746 
2009 2009 0.00651541 0.00028678 
2010 2010 0.0067135 0.000279529 
2011 2011 0.00667547 0.000321992 
2012 2012 0.0067774 0.000305779 
2013 2013 0.00685759 0.000322198 
2014 2014 0.00643418 0.000325628 
2015 2015 0.00641783 0.000318792 
2016 2016 0.00640575 0.000305834 
2017 2017 0.00646267 0.000314471 
2018 2018 0.00644003 0.000314336 
2019 2019 0.00625895 0.000275831 
2020 2020 0.00629077 0.00022554 
2021 2021 0.00592673 0.000160546 
2022 2022 0.00601691 0.000149329 
2023 2023 0.00536456 0.000137961 
2024 2024 0.00515442 0.000140049 
2025 2025 0.00514564 0.000128389 
2026 2026 0.00510474 0.000120564 
2027 2027 0.00519369 0.000147877 
2028 2028 0.00517709 0.000133228 
2029 2029 0.00513913 0.000117542 
2030 2030 0.00525037 0.000150208 
2031 2031 0.00523055 0.000133445 
2032 2032 0.00499448 0.000106809 
2033 2033 0.00492098 0.000131801 
2034 2034 0.00486085 0.000124409 
2035 2035 0.00544165 0.000152401 
2036 2036 0.00577241 0.000177107 
2037 2037 0.00610153 0.000217968 
2038 2038 0.00614921 0.000233063 
2039 2039 0.00630962 0.000234414 
2040 2040 0.00641338 0.000296992 
2041 2041 0.00639938 0.000303806 
2042 2042 0.00647988 0.000312185 
2043 2043 0.00648433 0.00031683 
2044 2044 0.00646908 0.000322886 
2045 2045 0.00649828 0.000325792 
2046 2046 0.00633669 0.000272799 
2047 2047 0.00639724 0.000207737 
2048 2048 0.00597596 0.00016409 
2049 2049 0.00886014 0.000360507 
2050 2050 0.00641002 0.000159599 
2051 2051 0.00690753 0.00017503 
2052 2052 0.00603262 0.000147962 
2053 2053 0.00576145 0.000154421 
2054 2054 0.0058304 0.000146604 
2055 2055 0.00601281 0.000132179 
2056 2056 0.00566637 0.000119366 
2057 2057 0.0047849 9.9267e-05 
2058 2058 0.00428987 9.6812e-05 
2059 2059 0.00413692 0.000103532 
2060 2060 0.0056625 0.000245029 
2061 2061 0.00650643 0.000110382 
2062 2062 0.00538108 0.000103418 
2063 2063 0.00509719 9.9771e-05 
2064 2064 0.00505781 0.000101916 
2065 2065 0.00507757 0.000101875 
2066 2066 0.00487645 9.8533e-05 
2067 2067 0.00489499 9.784e-05 
2068 2068 0.00486136 0.000103034 
2069 2069 0.00472563 9.9535e-05 
2070 2070 0.00485138 0.000105935 
2071 2071 0.0048085 0.000107873 
2072 2072 0.00471257 0.000101844 
2073 2073 0.00518304 0.000150021 
2074 2074 0.00530867 0.000130558 
2075 2075 0.00506271 0.000127456 
2076 2076 0.00637406 0.000199654 
2077 2077 0.00621926 0.000198022 
2078 2078 0.00617545 0.000192995 
2079 2079 0.00634668 0.000176889 
2080 2080 0.00601838 0.000161749 
2081 2081 0.00572746 0.000135127 
2082 2082 0.00553415 0.000118609 
2083 2083 0.00688005 0.000194108 
2084 2084 0.00568606 0.000158709 
2085 2085 0.00550905 0.000140168 
2086 2086 0.00528093 0.000127572 
2087 2087 0.00512442 0.00012055 
2088 2088 0.00506123 0.000120048 
2089 2089 0.00507049 0.000113749 
2090 2090 0.00491761 0.000146683 
2091 2091 0.00580669 0.000143756 
2092 2092 0.00590311 0.000134146 
2093 2093 0.00876206 0.00028297 
2094 2094 0.00694057 0.000138141 
2095 2095 0.00597725 0.000103334 
2096 2096 0.00562959 0.000105396 
2097 2097 0.00544156 0.000109226 
2098 2098 0.00552985 0.00010556 
2099 2099 0.00565826 0.000104422 
2100 2100 0.00567156 0.000142189 
2101 2101 0.00563216 0.000123159 
2102 2102 0.00561659 0.000128182 
2103 2103 0.00532668 0.000112446 
2104 2104 0.00526787 0.00011101 
2105 2105 0.00520295 0.00011437 
2106 2106 0.00521344 0.000111264 
2107 2107 0.00522012 0.000110213 
2108 2108 0.00517615 0.000128518 
2109 2109 0.00610122 0.000264496 
2110 2110 0.00658504 0.000272826 
2111 2111 0.00644497 0.000248934 
2112 2112 0.00632913 0.000233523 
2113 2113 0.0064868 0.000240638 
2114 2114 0.00648925 0.000232597 
2115 2115 0.0067661 0.000307487 
2116 2116 0.0066526 0.000305618 
2117 2117 0.00672248 0.00032362 
2118 2118 0.00675071 0.000368936 
2119 2119 0.00670506 0.000320906 
2120 2120 0.00668584 0.000324284 
2121 2121 0.00676664 0.00032434 
2122 2122 0.00649553 0.000279064 
2123 2123 0.00640746 0.000223149 
2124 2124 0.00631791 0.000207129 
2125 2125 0.0065338 0.000219382 
2126 2126 0.0066797 0.00029749 
2127 2127 0.00705197 0.000316565 
2128 2128 0.00670725 0.000276074 
2129 2129 0.00691397 0.000350228 
2130 2130 0.0067144 0.000148445 
2131 2131 0.00649848 0.00012218 
2132 2132 0.00641932 0.000156358 
2133 2133 0.0063672 0.000132141 
2134 2134 0.00624188 0.000132527 
2135 2135 0.00600403 0.000124389 
2136 2136 0.00582079 0.000120226 
2137 2137 0.00558268 0.000113556 
2138 2138 0.00540925 0.00011367 
2139 2139 0.00535164 0.000116035 
2140 2140 0.00533074 0.000109268 
2141 2141 0.00524146 0.00010727 
2142 2142 0.00552661 0.000172541 
2143 2143 0.00580812 0.000144993 
2144 2144 0.00590429 0.000141478 
2145 2145 0.00560247 0.000135887 
2146 2146 0.00538394 0.000120684 
2147 2147 0.0059464 0.00017581 
2148 2148 0.00619088 0.000175278 
2149 2149 0.00638038 0.00016554 
2150 2150 0.00638017 0.000243629 
2151 2151 0.00750166 0.000285257 
2152 2152 0.00674777 0.00024932 
2153 2153 0.00676694 0.000247325 
2154 2154 0.00709253 0.000287783 
2155 2155 0.00728204 0.000266862 
2156 2156 0.00681251 0.000225265 
2157 2157 0.00627258 0.000168 
2158 2158 0.00636653 0.000178021 
2159 2159 0.00782755 0.00018031 
2160 2160 0.00653028 0.000132123 
2161 2161 0.00556738 0.000125584 
2162 2162 0.00553797 0.000123411 
2163 2163 0.00540869 0.000139122 
2164 2164 0.00557897 0.00017981 
2165 2165 0.00655045 0.000235954 
2166 2166 0.00742372 0.000225627 
2167 2167 0.00752238 0.000285594 
2168 2168 0.00863376 0.000204194 
2169 2169 0.00638411 0.000134269 
2170 2170 0.00556916 0.000132113 
2171 2171 0.00551809 0.000120272 
2172 2172 0.00544957 0.000123596 
2173 2173 0.00491967 0.000114332 
2174 2174 0.00567926 0.000168702 
2175 2175 0.00572316 0.000146587 
2176 2176 0.00642436 0.000194314 
2177 2177 0.00885112 0.000223932 
2178 2178 0.00680157 0.000130011 
2179 2179 0.00486383 0.000107223 
2180 2180 0.0048947 0.00012398 
2181 2181 0.0050763 0.000146078 
2182 2182 0.00670576 0.000174106 
2183 2183 0.00617741 0.000171321 
2184 2184 0.00851864 0.00024869 
2185 2185 0.00915271 0.000180355 
2186 2186 0.00647123 0.000180546 
2187 2187 0.00786197 0.000256433 
2188 2188 0.00904389 0.000173199 
2189 2189 0.00606244 0.000119665 
2190 2190 0.00568949 0.000163401 
2191 2191 0.00556186 0.00014113 
2192 2192 0.00538284 0.000110485 
2193 2193 0.00617432 0.000160369 
2194 2194 0.00542475 0.000148397 
2195 2195 0.00549719 0.000180423 
2196 2196 0.00585299 0.000140764 
2197 2197 0.00560702 0.000137122 
2198 2198 0.00554978 0.000135336 
2199 2199 0.0054339 0.000115782 
2200 2200 0.00576331 0.000223667 
2201 2201 0.00620882 0.000146242 
2202 2202 0.00629067 0.000133409 
2203 2203 0.00761289 0.000202132 
2204 2204 0.00628036 0.000175043 
2205 2205 0.00640157 0.000164052 
2206 2206 0.00598505 0.000172068 
2207 2207 0.00788836 0.000301115 
2208 2208 0.00732984 0.000137085 
2209 2209 0.00622522 0.000119488 
2210 2210 0.00582375 0.000113455 
2211 2211 0.00563792 0.000116954 
2212 2212 0.00573573 0.000114594 
2213 2213 0.00572052 0.00011422 
2214 2214 0.00567547 0.00012613 
2215 2215 0.00555072 0.000148953 
2216 2216 0.00553075 0.000114054 
2217 2217 0.00552458 0.000115761 
2218 2218 0.00534774 0.000137618 
2219 2219 0.0055055 0.000113893 
2220 2220 0.00539274 0.000111592 
2221 2221 0.00549704 0.000124069 
2222 2222 0.00559617 0.000119778 
2223 2223 0.00567694 0.000124181 
2224 2224 0.00562609 0.000159548 
2225 2225 0.00602181 0.000136852 
2226 2226 0.00571104 0.000126846 
2227 2227 0.00597964 0.000183576 
2228 2228 0.00647025 0.000204229 
2229 2229 0.00700608 0.000210507 
2230 2230 0.00659361 0.000202086 
2231 2231 0.00645426 0.00018757 
2232 2232 0.00639932 0.000160685 
2233 2233 0.00615673 0.000144772 
2234 2234 0.00587501 0.000128529 
2235 2235 0.00566943 0.000124898 
2236 2236 0.00572346 0.000219909 
2237 2237 0.00566072 0.000120261 
2238 2238 0.00554901 0.000864921 
2239 2239 0.00704395 0.000220367 
2240 2240 0.00662041 0.000186934 
2241 2241 0.00678499 0.000230779 
2242 2242 0.011958 0.000385641 
2243 2243 0.00669847 0.000131664 
2244 2244 0.00643778 0.000127284 
2245 2245 0.00630516 0.000115319 
2246 2246 0.00605759 0.00011596 
2247 2247 0.00578975 0.000105759 
2248 2248 0.00584682 0.000105905 
2249 2249 0.00594692 0.0001331 
2250 2250 0.0058896 0.00012379 
2251 2251 0.00580475 0.000126236 
2252 2252 0.00575641 0.000115958 
2253 2253 0.00577344 0.000116978 
2254 2254 0.0056671 0.000139974 
2255 2255 0.0057376 0.000121057 
2256 2256 0.00600014 0.000129595 
2257 2257 0.00578668 0.000123882 
2258 2258 0.00576614 0.000118263 
2259 2259 0.00615405 0.000206136 
2260 2260 0.00660475 0.000186593 
2261 2261 0.00652658 0.000147277 
2262 2262 0.00611223 0.000149105 
2263 2263 0.00582156 0.000142552 
2264 2264 0.0054793 0.000117015 
2265 2265 0.00539326 0.000114053 
2266 2266 0.0053459 0.000121628 
2267 2267 0.00501169 0.00011726 
2268 2268 0.00485972 0.000112027 
2269 2269 0.00516892 0.000134858 
2270 2270 0.00508306 0.000126422 
2271 2271 0.00624721 0.000136615 
2272 2272 0.00564265 0.000129452 
2273 2273 0.00557062 0.000121067 
2274 2274 0.00534066 0.000153743 
2275 2275 0.00669061 0.000304021 
2276 2276 0.00719678 0.000339017 
2277 2277 0.00741263 0.000269764 
2278 2278 0.00713321 0.000255193 
2279 2279 0.00711019 0.000258716 
2280 2280 0.00693595 0.000214759 
2281 2281 0.00655566 0.000195713 
2282 2282 0.00640431 0.00018133 
2283 2283 0.00629406 0.000155981 
2284 2284 0.00606448 0.000143683 
2285 2285 0.00607866 0.000143294 
2286 2286 0.00597456 0.000142291 
2287 2287 0.00598985 0.000192206 
2288 2288 0.00654902 0.000264555 
2289 2289 0.00715707 0.000317937 
2290 2290 0.0069468 0.000255937 
2291 2291 0.00719086 0.000342751 
2292 2292 0.00732182 0.000347581 
2293 2293 0.00739999 0.000369167 
2294 2294 0.00761347 0.000353627 
2295 2295 0.00728622 0.000345507 
2296 2296 0.00713047 0.000306471 
2297 2297 0.00693619 0.000276304 
2298 2298 0.00674102 0.000240125 
2299 2299 0.00650722 0.000206054 
2300 2300 0.00627398 0.000185761 
2301 2301 0.0061832 0.000222338 
2302 2302 0.00666662 0.000200582 
2303 2303 0.00659411 0.000203084 
2304 2304 0.00658732 0.000175431 
2305 2305 0.0065111 0.000170217 
2306 2306 0.00622405 0.000148852 
2307 2307 0.00579281 0.000137516 
2308 2308 0.00574135 0.000148417 
2309 2309 0.00711064 0.000247052 
2310 2310 0.00745067 0.000333345 
2311 2311 0.00712999 0.000286722 
2312 2312 0.00726255 0.00028947 
2313 2313 0.00703674 0.000261763 
2314 2314 0.00787358 0.000381098 
2315 2315 0.00739561 0.000364124 
2316 2316 0.00761921 0.000365689 
2317 2317 0.00740343 0.000371701 
2318 2318 0.00723766 0.000334509 
2319 2319 0.00697512 0.000286095 
2320 2320 0.00675974 0.000251368 
2321 2321 0.00657506 0.000224346 
2322 2322 0.00653125 0.000203233 
2323 2323 0.00644442 0.000160228 
2324 2324 0.00617573 0.000150688 
2325 2325 0.00587284 0.0001354 
2326 2326 0.00562732 0.000127012 
2327 2327 0.00528409 0.000122185 
2328 2328 0.00519445 0.000118729 
2329 2329 0.0050341 0.000116045 
2330 2330 0.0049359 0.000123974 
2331 2331 0.00496181 0.000118345 
2332 2332 0.00493136 0.000132685 
2333 2333 0.00517082 0.000141562 
2334 2334 0.00617387 0.000167948 
2335 2335 0.00715784 0.000225947 
2336 2336 0.00764528 0.000313918 
2337 2337 0.00728398 0.000281176 
2338 2338 0.00710333 0.000233092 
2339 2339 0.00687466 0.000211091 
2340 2340 0.00636519 0.000167942 
2341 2341 0.00598306 0.000157274 
2342 2342 0.00561883 0.000135714 
2343 2343 0.00556678 0.000131012 
2344 2344 0.00568303 0.000139528 
2345 2345 0.00541632 0.000128295 
2346 2346 0.00542577 0.000154345 
2347 2347 0.00605581 0.00015094 
2348 2348 0.00598275 0.000147519 
2349 2349 0.00701562 0.000194396 
2350 2350 0.00633888 0.000157904 
2351 2351 0.00724691 0.000254096 
2352 2352 0.00701999 0.000209902 
2353 2353 0.00663198 0.000162671 
2354 2354 0.00609788 0.000142095 
2355 2355 0.00590365 0.000150436 
2356 2356 0.00561212 0.000133762 
2357 2357 0.00557578 0.000137424 
2358 2358 0.00560753 0.000131073 
2359 2359 0.00547558 0.000135306 
2360 2360 0.00582131 0.000152189 
2361 2361 0.0058918 0.000128002 
2362 2362 0.00565419 0.000121258 
2363 2363 0.00554344 0.000121543 
2364 2364 0.00529131 0.000114309 
2365 2365 0.00555774 0.000155059 
2366 2366 0.0063973 0.000189425 
2367 2367 0.00661062 0.000172827 
2368 2368 0.00627317 0.000139846 
2369 2369 0.00584167 0.000125306 
2370 2370 0.00576243 0.000121175 
2371 2371 0.00554821 0.000121886 
2372 2372 0.00540758 0.000127369 
2373 2373 0.00532434 0.000116808 
2374 2374 0.00530595 0.000117222 
2375 2375 0.00569736 0.000246276 
2376 2376 0.00746112 0.0003548 
2377 2377 0.00777834 0.000331118 
2378 2378 0.00743965 0.000271742 
2379 2379 0.00740763 0.000242665 
2380 2380 0.00669692 0.000214696 
2381 2381 0.00619799 0.000152849 
2382 2382 0.00586807 0.00013906 
2383 2383 0.00566847 0.000141066 
2384 2384 0.00555425 0.000141917 
2385 2385 0.00549474 0.000130566 
2386 2386 0.00595907 0.000202329 
2387 2387 0.00628181 0.000180621 
2388 2388 0.00620558 0.000166567 
2389 2389 0.0059209 0.000158163 
2390 2390 0.00654919 0.000164922 
2391 2391 0.00634272 0.00013972 
2392 2392 0.00612144 0.000128802 
2393 2393 0.00600133 0.000136168 
2394 2394 0.00572743 0.000127486 
2395 2395 0.00574354 0.000120714 
2396 2396 0.00547024 0.000121528 
2397 2397 0.00539271 0.000117836 
2398 2398 0.00554009 0.000135142 
2399 2399 0.00566134 0.00012568 
2400 2400 0.00557801 0.000120657 
2401 2401 0.00617047 0.00016272 
2402 2402 0.00697177 0.000184317 
2403 2403 0.00661253 0.000146492 
2404 2404 0.00627287 0.000126041 
2405 2405 0.00602112 0.000136869 
2406 2406 0.00580657 0.000125794 
2407 2407 0.00589392 0.000309221 
2408 2408 0.00695114 0.000176575 
2409 2409 0.00675738 0.000143913 
2410 2410 0.00630613 0.000130857 
2411 2411 0.00591081 0.000123589 
2412 2412 0.00581373 0.000125666 
2413 2413 0.00552229 0.000119032 
2414 2414 0.00554445 0.000127362 
2415 2415 0.00545418 0.00012207 
2416 2416 0.00530469 0.000144212 
2417 2417 0.00563352 0.000123975 
2418 2418 0.00554991 0.000124654 
2419 2419 0.0053735 0.000122044 
2420 2420 0.00559301 0.000146028 
2421 2421 0.00567549 0.000117649 
2422 2422 0.00556016 0.000149499 
2423 2423 0.00592066 0.000139246 
2424 2424 0.00548085 0.000124573 
2425 2425 0.00683071 0.00028601 
2426 2426 0.00719514 0.000260832 
2427 2427 0.00774936 0.000253471 
2428 2428 0.00924275 0.000279265 
2429 2429 0.00748951 0.000323068 
2430 2430 0.00738542 0.000233863 
2431 2431 0.00702907 0.000205942 
2432 2432 0.00823117 0.00021463 
2433 2433 0.00722718 0.000185562 
2434 2434 0.00675619 0.000149737 
2435 2435 0.00634055 0.000139465 
2436 2436 0.00609301 0.000135622 
2437 2437 0.00599968 0.000134036 
2438 2438 0.00584324 0.000121812 
2439 2439 0.0061117 0.000232671 
2440 2440 0.00673756 0.00020707 
2441 2441 0.0066187 0.000183786 
2442 2442 0.00647061 0.000162707 
2443 2443 0.00619697 0.000158754 
2444 2444 0.0067185 0.000216838 
2445 2445 0.00705814 0.000222545 
2446 2446 0.00746464 0.000226643 
2447 2447 0.00715611 0.000197858 
2448 2448 0.00739907 0.000319839 
2449 2449 0.00765026 0.000418011 
2450 2450 0.00949633 0.000362036 
2451 2451 0.00790136 0.000337941 
2452 2452 0.0081888 0.000305087 
2453 2453 0.00837289 0.000264542 
2454 2454 0.00740291 0.000237189 
2455 2455 0.0072817 0.000240047 
2456 2456 0.00682429 0.000230856 
2457 2457 0.00739769 0.000188869 
2458 2458 0.0070388 0.000178373 
2459 2459 0.00749074 0.000248127 
2460 2460 0.00731646 0.000238051 
2461 2461 0.00826406 0.000365853 
2462 2462 0.00851837 0.000224378 
2463 2463 0.00773587 0.000195978 
2464 2464 0.00758954 0.000162358 
2465 2465 0.00709932 0.000169284 
2466 2466 0.00687719 0.000149201 
2467 2467 0.00660604 0.000140705 
2468 2468 0.00661184 0.000136465 
2469 2469 0.00631306 0.00013157 
2470 2470 0.00611764 0.000127783 
2471 2471 0.00601997 0.000126584 
2472 2472 0.00608452 0.000130939 
2473 2473 0.00616955 0.000144419 
2474 2474 0.00611811 0.000138223 
2475 2475 0.00619152 0.000235164 
2476 2476 0.00678501 0.000211246 
2477 2477 0.00733421 0.000204838 
2478 2478 0.00772954 0.00018029 
2479 2479 0.00718215 0.000176543 
2480 2480 0.00697507 0.000164148 
2481 2481 0.00665711 0.000143833 
2482 2482 0.00626559 0.000134668 
2483 2483 0.00604083 0.00013148 
2484 2484 0.00588492 0.000124155 
2485 2485 0.00582073 0.000122821 
2486 2486 0.00582901 0.000203838 
2487 2487 0.00576531 0.000127945 
2488 2488 0.00562007 0.000121497 
2489 2489 0.00631805 0.000186889 
2490 2490 0.00670337 0.000183644 
2491 2491 0.006552 0.000173621 
2492 2492 0.00638108 0.000158235 
2493 2493 0.00654584 0.000257423 
2494 2494 0.00708516 0.000216618 
2495 2495 0.00699036 0.000216203 
2496 2496 0.00737507 0.000225632 
2497 2497 0.00704621 0.000176427 
2498 2498 0.00678452 0.000148483 
2499 2499 0.00657287 0.000142529 
2500 2500 0.00638725 0.000187455 
2501 2501 0.00628249 0.000138054 
2502 2502 0.00751593 0.000281197 
2503 2503 0.00739078 0.000239908 
2504 2504 0.00698413 0.000178643 
2505 2505 0.00645386 0.000177745 
2506 2506 0.00650271 0.000156606 
2507 2507 0.00622168 0.000150662 
2508 2508 0.00656949 0.000169639 
2509 2509 0.00635629 0.000150578 
2510 2510 0.0061937 0.000163912 
2511 2511 0.00620153 0.000155745 
2512 2512 0.00616678 0.000158108 
2513 2513 0.00628189 0.000148299 
2514 2514 0.00611594 0.000149008 
2515 2515 0.00628949 0.000150386 
2516 2516 0.00609864 0.000170583 
2517 2517 0.00632205 0.000203647 
2518 2518 0.00755253 0.000346568 
2519 2519 0.00842098 0.00035445 
2520 2520 0.00798582 0.000319234 
2521 2521 0.00804342 0.000270885 
2522 2522 0.00731051 0.000189973 
2523 2523 0.00686808 0.000172018 
2524 2524 0.00660976 0.000164219 
2525 2525 0.00654989 0.00014916 
2526 2526 0.00630092 0.000145255 
2527 2527 0.00660172 0.00021355 
2528 2528 0.00673298 0.000182082 
2529 2529 0.00658415 0.000162708 
2530 2530 0.00653618 0.000169828 
2531 2531 0.00727367 0.00018567 
2532 2532 0.00722036 0.000160327 
2533 2533 0.00695308 0.000142977 
2534 2534 0.00658004 0.000140002 
2535 2535 0.00646295 0.000130164 
2536 2536 0.00633698 0.000133781 
2537 2537 0.00605566 0.000123579 
2538 2538 0.00612478 0.000131657 
2539 2539 0.00618095 0.000178751 
2540 2540 0.00700307 0.000165732 
2541 2541 0.00673418 0.000141754 
2542 2542 0.00634487 0.000138005 
2543 2543 0.00614572 0.000135272 
2544 2544 0.00618232 0.000130215 
2545 2545 0.00709273 0.000237784 
2546 2546 0.00688522 0.000210373 
2547 2547 0.00674673 0.000188798 
2548 2548 0.00658574 0.000173157 
2549 2549 0.00673317 0.000195213 
2550 2550 0.00662287 0.000203871 
2551 2551 0.00687442 0.000185463 
2552 2552 0.00698028 0.00018418 
2553 2553 0.00694785 0.000180164 
2554 2554 0.00683084 0.000175859 
2555 2555 0.00675655 0.000172533 
2556 2556 0.00685145 0.00018321 
2557 2557 0.00680309 0.000174637 
2558 2558 0.00686478 0.000160369 
2559 2559 0.00663555 0.000149666 
2560 2560 0.00687791 0.00015756 
2561 2561 0.0101283 0.000377653 
2562 2562 0.00813918 0.000373306 
2563 2563 0.00909432 0.000366714 
2564 2564 0.00783922 0.000332064 
2565 2565 0.00805399 0.000337673 
2566 2566 0.0078106 0.000314864 
2567 2567 0.00775109 0.00028965 
2568 2568 0.00761613 0.000257681 
2569 2569 0.0074454 0.000232681 
2570 2570 0.007383 0.00022421 
2571 2571 0.00730944 0.000205644 
2572 2572 0.00717647 0.000192616 
2573 2573 0.00709532 0.00019187 
2574 2574 0.00707997 0.000200186 
2575 2575 0.00756617 0.000221582 
2576 2576 0.00744664 0.000214696 
2577 2577 0.00732077 0.000194236 
2578 2578 0.00737994 0.000259788 
2579 2579 0.00774937 0.000346788 
2580 2580 0.0076941 0.000237515 
2581 2581 0.00752859 0.000216655 
2582 2582 0.00750252 0.000205764 
2583 2583 0.00741867 0.000183016 
2584 2584 0.00754173 0.000232167 
2585 2585 0.00778001 0.000250712 
2586 2586 0.00771373 0.00024278 
2587 2587 0.00754531 0.000220916 
2588 2588 0.00762201 0.000256116 
2589 2589 0.00767656 0.000240886 
2590 2590 0.00756469 0.000217325 
2591 2591 0.00749852 0.000205528 
2592 2592 0.0078643 0.000235507 
2593 2593 0.00897043 0.000338556 
2594 2594 0.00786614 0.000300764 
2595 2595 0.00904227 0.000382609 
2596 2596 0.00792405 0.000380786 
2597 2597 0.00787061 0.000323546 
2598 2598 0.00800235 0.000265979 
2599 2599 0.0077727 0.000248541 
2600 2600 0.0075311 0.000232009 
2601 2601 0.00750527 0.000214807 
2602 2602 0.00728561 0.00020185 
2603 2603 0.00732546 0.000195189 
2604 2604 0.00735022 0.000208036 
2605 2605 0.00724643 0.000188797 
2606 2606 0.00719832 0.000189187 
2607 2607 0.00715896 0.000175512 
2608 2608 0.00710536 0.00020343 
2609 2609 0.00718542 0.00018754 
2610 2610 0.00733688 0.000239128 
2611 2611 0.00757083 0.000213149 
2612 2612 0.00789611 0.000279054 
2613 2613 0.00809507 0.000362979 
2614 2614 0.00816967 0.000361267 
2615 2615 0.00826804 0.000389405 
2616 2616 0.00867226 0.000432842 
2617 2617 0.00839075 0.00042763 
2618 2618 0.00855758 0.000470153 
2619 2619 0.00955462 0.000341487 
2620 2620 0.007792 0.000291996 
2621 2621 0.00775734 0.000261333 
2622 2622 0.00761281 0.000237802 
2623 2623 0.00796615 0.000307624 
2624 2624 0.00782938 0.000292387 
2625 2625 0.00825776 0.00031858 
2626 2626 0.00795665 0.000282532 
2627 2627 0.00778329 0.000254382 
2628 2628 0.00806074 0.000280436 
2629 2629 0.00819127 0.000307087 
2630 2630 0.00833677 0.000358097 
2631 2631 0.00816433 0.000339927 
2632 2632 0.00811092 0.000322087 
2633 2633 0.00827754 0.000302728 
2634 2634 0.00804697 0.000358329 
2635 2635 0.00834897 0.000400257 
2636 2636 0.00838412 0.000399167 
2637 2637 0.00842109 0.000402403 
2638 2638 0.00858803 0.000458035 
2639 2639 0.00802157 0.000326323 
2640 2640 0.00816061 0.000295624 
2641 2641 0.00805909 0.000306494 
2642 2642 0.00804527 0.00034205 
2643 2643 0.00804229 0.000303765 
2644 2644 0.0120025 0.000377749 
2645 2645 0.0118369 0.000410867 
2646 2646 0.00815922 0.000369001 
2647 2647 0.00802268 0.000301059 
2648 2648 0.00838206 0.000409467 
2649 2649 0.00838132 0.000386859 
2650 2650 0.00846738 0.000388521 
2651 2651 0.00823198 0.000366965 
2652 2652 0.00810294 0.000327883 
2653 2653 0.0083002 0.000298815 
2654 2654 0.00810642 0.000265599 
2655 2655 0.00919572 0.000288134 
2656 2656 0.00788161 0.00026147 
2657 2657 0.00778163 0.00021751 
2658 2658 0.00826204 0.000288385 
2659 2659 0.00816839 0.00024876 
2660 2660 0.00779457 0.000217318 
2661 2661 0.00755951 0.000186659 
2662 2662 0.00746655 0.000212881 
2663 2663 0.00775869 0.000196714 
2664 2664 0.00762283 0.000187267 
2665 2665 0.00739815 0.000163816 
2666 2666 0.00730771 0.000159811 
2667 2667 0.00718684 0.000158308 
2668 2668 0.00716998 0.000159988 
2669 2669 0.00703394 0.000151539 
2670 2670 0.00705532 0.00017609 
2671 2671 0.00713669 0.000166399 
2672 2672 0.00729037 0.00018062 
2673 2673 0.00707951 0.000166784 
2674 2674 0.0073075 0.00022924 
2675 2675 0.00744765 0.000190755 
2676 2676 0.00728513 0.000180468 
2677 2677 0.00716213 0.000177211 
2678 2678 0.00722227 0.000197535 
2679 2679 0.00757303 0.000194553 
2680 2680 0.00798163 0.000310333 
2681 2681 0.00815506 0.000318771 
2682 2682 0.00936462 0.000303999 
2683 2683 0.00808687 0.000331135 
2684 2684 0.00860233 0.000401036 
2685 2685 0.00840751 0.000305904 
2686 2686 0.00831816 0.000291732 
2687 2687 0.00812283 0.000265992 
2688 2688 0.00789404 0.000250121 
2689 2689 0.00790995 0.000239609 
2690 2690 0.00777038 0.00022668 
2691 2691 0.00777609 0.000238967 
2692 2692 0.00770312 0.000222355 
2693 2693 0.00798692 0.000270172 
2694 2694 0.00794423 0.00024145 
2695 2695 0.00774705 0.000225008 
2696 2696 0.00797102 0.00023901 
2697 2697 0.00815191 0.000288586 
2698 2698 0.00834263 0.000302287 
2699 2699 0.00853919 0.000377492 
2700 2700 0.00872554 0.000221422 
2701 2701 0.00807157 0.000345574 
2702 2702 0.00871279 0.000460338 
2703 2703 0.00918133 0.000386133 
2704 2704 0.00871054 0.000368327 
2705 2705 0.00883385 0.000363963 
2706 2706 0.00854213 0.000323232 
2707 2707 0.0081228 0.000281041 
2708 2708 0.00835655 0.000292462 
2709 2709 0.00804949 0.000269911 
2710 2710 0.00894386 0.000338442 
2711 2711 0.00861757 0.000374218 
2712 2712 0.00869393 0.000337056 
2713 2713 0.00825495 0.000309426 
2714 2714 0.008031 0.000349194 
2715 2715 0.00820368 0.000253023 
2716 2716 0.00808433 0.000228068 
2717 2717 0.00793805 0.000206925 
2718 2718 0.00773906 0.000205505 
2719 2719 0.00766619 0.000197802 
2720 2720 0.00780094 0.000207028 
2721 2721 0.00758043 0.000187103 
2722 2722 0.00747715 0.000202773 
2723 2723 0.00780771 0.000200389 
2724 2724 0.00774644 0.000209433 
2725 2725 0.0079467 0.00018726 
2726 2726 0.00763403 0.000183911 
2727 2727 0.00757214 0.000169504 
2728 2728 0.00751227 0.000168354 
2729 2729 0.00748552 0.000179863 
2730 2730 0.00743757 0.000169413 
2731 2731 0.00745841 0.000171014 
2732 2732 0.0077779 0.000289096 
2733 2733 0.00808646 0.000262483 
2734 2734 0.00799188 0.000243529 
2735 2735 0.00782461 0.000228727 
2736 2736 0.00777364 0.000213932 
2737 2737 0.00775129 0.000221874 
2738 2738 0.00790472 0.000207475 
2739 2739 0.00795133 0.000241371 
2740 2740 0.00792153 0.000220809 
2741 2741 0.00797131 0.000248511 
2742 2742 0.00817504 0.000243528 
2743 2743 0.00796329 0.000225172 
2744 2744 0.00781442 0.000206616 
2745 2745 0.00774925 0.000226911 
2746 2746 0.00746933 0.000179159 
2747 2747 0.00750635 0.00017421 
2748 2748 0.00739729 0.000302128 
2749 2749 0.00753622 0.000196476 
2750 2750 0.00735856 0.000156683 
2751 2751 0.00756137 0.000147084 
2752 2752 0.00736819 0.000149373 
2753 2753 0.00711737 0.000165989 
2754 2754 0.00725778 0.000161993 
2755 2755 0.00745169 0.000150757 
2756 2756 0.007084 0.000146899 
2757 2757 0.00684741 0.000143811 
2758 2758 0.00682302 0.000158032 
2759 2759 0.00670487 0.000144769 
2760 2760 0.00667503 0.00014106 
2761 2761 0.00829931 0.000260761 
2762 2762 0.00809234 0.000242101 
2763 2763 0.00916338 0.000557093 
2764 2764 0.0086726 0.000294136 
2765 2765 0.00818839 0.000254756 
2766 2766 0.00801948 0.000224519 
2767 2767 0.00772445 0.000249395 
2768 2768 0.00745971 0.000189126 
2769 2769 0.00733353 0.000178702 
2770 2770 0.00769536 0.000190366 
2771 2771 0.00734554 0.000187219 
2772 2772 0.00935156 0.000349778 
2773 2773 0.00846943 0.000278897 
2774 2774 0.00812903 0.000232005 
2775 2775 0.00799572 0.00022052 
2776 2776 0.00786354 0.000209216 
2777 2777 0.007778 0.00022434 
2778 2778 0.00751729 0.000236997 
2779 2779 0.00756508 0.000209328 
2780 2780 0.00748996 0.000236856 
2781 2781 0.00876515 0.000428818 
2782 2782 0.00868057 0.000352521 
2783 2783 0.00831399 0.000310024 
2784 2784 0.00820464 0.000288478 
2785 2785 0.00790906 0.000315716 
2786 2786 0.00775074 0.000227552 
2787 2787 0.00770391 0.000217276 
2788 2788 0.00758248 0.000207124 
2789 2789 0.00754817 0.000219971 
2790 2790 0.00774098 0.000224305 
2791 2791 0.00800658 0.000247484 
2792 2792 0.00795859 0.000219779 
2793 2793 0.00822297 0.000246002 
2794 2794 0.00793915 0.000217499 
2795 2795 0.00768504 0.000184438 
2796 2796 0.00729179 0.000169701 
2797 2797 0.00724807 0.000173577 
2798 2798 0.0070747 0.000165356 
2799 2799 0.00777157 0.000354102 
2800 2800 0.00885848 0.000424326 
2801 2801 0.00943694 0.000363257 
2802 2802 0.00989323 0.000370224 
2803 2803 0.00862791 0.000467121 
2804 2804 0.00879149 0.000309752 
2805 2805 0.00884375 0.000526961 
2806 2806 0.00855869 0.000215939 
2807 2807 0.00821003 0.000198095 
2808 2808 0.00800827 0.000177077 
2809 2809 0.00766405 0.000167227 
2810 2810 0.00750851 0.000162037 
2811 2811 0.00821203 0.00035249 
2812 2812 0.00865788 0.000291719 
2813 2813 0.00814494 0.000267092 
2814 2814 0.008483 0.00029389 
2815 2815 0.00840516 0.000279595 
2816 2816 0.008274 0.000419296 
2817 2817 0.00825321 0.000223518 
2818 2818 0.0118957 0.000324861 
2819 2819 0.0083341 0.000384028 
2820 2820 0.00859587 0.000338972 
2821 2821 0.00845617 0.000319268 
2822 2822 0.00833189 0.000290274 
2823 2823 0.00996623 0.000319082 
2824 2824 0.00843037 0.000405542 
2825 2825 0.00901675 0.000390236 
2826 2826 0.00898849 0.00038825 
2827 2827 0.00879879 0.000372714 
2828 2828 0.00868429 0.000374514 
2829 2829 0.0104156 0.000423815 
2830 2830 0.00893985 0.000411035 
2831 2831 0.00891373 0.000372611 
2832 2832 0.00877638 0.000343345 
2833 2833 0.0108803 0.00044436 
2834 2834 0.00907814 0.000395331 
2835 2835 0.00879347 0.000370034 
2836 2836 0.0087734 0.000351391 
2837 2837 0.00885338 0.000333765 
2838 2838 0.0091854 0.000369842 
2839 2839 0.00954809 0.000353081 
2840 2840 0.0102334 0.000368992 
2841 2841 0.00941123 0.00036344 
2842 2842 0.00879188 0.000346473 
2843 2843 0.00882915 0.000316616 
2844 2844 0.00980012 0.000367335 
2845 2845 0.010315 0.000435338 
2846 2846 0.00929139 0.000388832 
2847 2847 0.00882907 0.000382603 
2848 2848 0.00911652 0.000361911 
2849 2849 0.00882755 0.000346395 
2850 2850 0.00874049 0.000318698 
2851 2851 0.00910904 0.000390967 
2852 2852 0.00984168 0.000398094 
2853 2853 0.00973064 0.000403399 
2854 2854 0.011238 0.000609623 
2855 2855 0.0102488 0.000491333 
2856 2856 0.00973702 0.000362758 
2857 2857 0.00892297 0.000336194 
2858 2858 0.00900216 0.000339951 
2859 2859 0.00927805 0.000331626 
2860 2860 0.0102547 0.000457032 
2861 2861 0.0102039 0.000377767 
2862 2862 0.00971475 0.000449136 
2863 2863 0.0102354 0.000537656 
2864 2864 0.00937565 0.000345441 
2865 2865 0.0091884 0.000346153 
2866 2866 0.00886832 0.000355417 
2867 2867 0.00887603 0.000335368 
2868 2868 0.00870112 0.000304251 
2869 2869 0.0087643 0.000322229 
2870 2870 0.00859245 0.000310991 
2871 2871 0.00884221 0.000322066 
2872 2872 0.00861884 0.00028619 
2873 2873 0.00839425 0.000262879 
2874 2874 0.00822359 0.000249145 
2875 2875 0.00814496 0.000237525 
2876 2876 0.00869415 0.000345292 
2877 2877 0.00916079 0.000409069 
2878 2878 0.0090651 0.000378769 
2879 2879 0.00945655 0.000541423 
2880 2880 0.0094495 0.000442847 
2881 2881 0.00963747 0.000459754 
2882 2882 0.00902955 0.000415981 
2883 2883 0.00879929 0.000373739 
2884 2884 0.00860716 0.000325632 
2885 2885 0.00847846 0.000314802 
2886 2886 0.00834735 0.000284425 
2887 2887 0.00827366 0.000275083 
2888 2888 0.00816711 0.000271197 
2889 2889 0.00809937 0.000247948 
2890 2890 0.00800398 0.000227539 
2891 2891 0.00797028 0.000225551 
2892 2892 0.00827073 0.000312666 
2893 2893 0.00856042 0.000302199 
2894 2894 0.00907282 0.000327717 
2895 2895 0.00936957 0.000390863 
2896 2896 0.00967976 0.000358704 
2897 2897 0.0111123 0.000455363 
2898 2898 0.0104149 0.000463625 
2899 2899 0.00970881 0.000474047 
2900 2900 0.00947434 0.000467284 
2901 2901 0.00950436 0.00047119 
2902 2902 0.0107934 0.000458624 
2903 2903 0.00953601 0.000452752 
2904 2904 0.00960893 0.000412327 
2905 2905 0.00952517 0.000434865 
2906 2906 0.00958541 0.000417815 
2907 2907 0.00960616 0.000438912 
2908 2908 0.00921637 0.000395551 
2909 2909 0.00910666 0.000381779 
2910 2910 0.00952061 0.000412504 
2911 2911 0.00952998 0.000434014 
2912 2912 0.00955976 0.000452966 
2913 2913 0.00973475 0.000457274 
2914 2914 0.00965602 0.000468914 
2915 2915 0.00975889 0.000495001 
2916 2916 0.00978015 0.00045996 
2917 2917 0.00957262 0.000437556 
2918 2918 0.00932307 0.000380678 
2919 2919 0.0092448 0.000418311 
2920 2920 0.00913121 0.000389751 
2921 2921 0.0107501 0.000451552 
2922 2922 0.0102569 0.000491162 
2923 2923 0.00978058 0.000441918 
2924 2924 0.0102431 0.000455576 
2925 2925 0.00970519 0.000448267 
2926 2926 0.00963382 0.000441378 
2927 2927 0.00956538 0.000445196 
2928 2928 0.00980315 0.000468069 
2929 2929 0.0111387 0.000602237 
2930 2930 0.0127811 0.000457593 
2931 2931 0.00952592 0.000432047 
2932 2932 0.00927054 0.000394904 
2933 2933 0.00921945 0.00036629 
2934 2934 0.00910746 0.000354479 
2935 2935 0.00915591 0.000350932 
2936 2936 0.0093374 0.000380325 
2937 2937 0.00920795 0.000344842 
2938 2938 0.0093715 0.000392345 
2939 2939 0.00942472 0.000432326 
2940 2940 0.0100501 0.000492823 
2941 2941 0.00989471 0.000490551 
2942 2942 0.0098784 0.000460122 
2943 2943 0.0098535 0.000483351 
2944 2944 0.00963518 0.000456653 
2945 2945 0.00946191 0.000450918 
2946 2946 0.00936414 0.000445121 
2947 2947 0.00922534 0.000407959 
2948 2948 0.0090979 0.000384182 
2949 2949 0.00969661 0.000457322 
2950 2950 0.00974861 0.000433053 
2951 2951 0.00974054 0.000447016 
2952 2952 0.0100818 0.000466075 
2953 2953 0.010129 0.000449737 
2954 2954 0.0108568 0.000650601 
2955 2955 0.0145057 0.000542498 
2956 2956 0.0120781 0.000609947 
2957 2957 0.0127721 0.000485828 
2958 2958 0.0111331 0.000507274 
2959 2959 0.0120013 0.000592355 
2960 2960 0.0143462 0.000683395 
2961 2961 0.0128396 0.000513257 
2962 2962 0.0109436 0.000631971 
2963 2963 0.0110021 0.000469803 
2964 2964 0.0102185 0.000495167 
2965 2965 0.0104639 0.000552311 
2966 2966 0.0124974 0.000537214 
2967 2967 0.0103662 0.000452461 
2968 2968 0.0100669 0.000462096 
2969 2969 0.0101827 0.000463679 
2970 2970 0.0100007 0.000464246 
2971 2971 0.0102896 0.000484204 
2972 2972 0.0100166 0.000492486 
2973 2973 0.00987474 0.00047274 
2974 2974 0.00992351 0.00047815 
2975 2975 0.0100215 0.000448375 
2976 2976 0.00957844 0.000428888 
2977 2977 0.00961823 0.000437859 
2978 2978 0.00951594 0.000400609 
2979 2979 0.0094291 0.000380059 
2980 2980 0.00956609 0.000425159 
2981 2981 0.00965463 0.000367175 
2982 2982 0.0101679 0.000397293 
2983 2983 0.00960838 0.000363015 
2984 2984 0.00928638 0.000362067 
2985 2985 0.00972694 0.000412815 
2986 2986 0.00984917 0.000478599 
2987 2987 0.00992634 0.00045245 
2988 2988 0.00984016 0.000483693 
2989 2989 0.00992177 0.00049971 
2990 2990 0.0102813 0.000504107 
2991 2991 0.0103755 0.000462534 
2992 2992 0.0100665 0.000458644 
2993 2993 0.0110127 0.000704486 
2994 2994 0.00980769 0.000362674 
2995 2995 0.0103849 0.000434386 
2996 2996 0.0104092 0.000488282 
2997 2997 0.0114341 0.000464282 
2998 2998 0.0106445 0.000478323 
2999 2999 0.0115171 0.00046173 
3000 3000 0.0104526 0.000468078 
3001 3001 0.00994504 0.000481273 
3002 3002 0.0110143 0.000474353 
3003 3003 0.0100671 0.000489311 
3004 3004 0.00981185 0.000510147 
3005 3005 0.00991187 0.000473067 
3006 3006 0.00946522 0.000445433 
3007 3007 0.00956244 0.000439246 
3008 3008 0.00990097 0.000461785 
3009 3009 0.00959346 0.000432491 
3010 3010 0.00955206 0.000407596 
3011 3011 0.00931825 0.000410455 
3012 3012 0.00950655 0.000425871 
3013 3013 0.00969756 0.000436824 
3014 3014 0.00961602 0.000483143 
3015 3015 0.00992087 0.000472701 
3016 3016 0.00995992 0.000462112 
3017 3017 0.0100131 0.00047299 
3018 3018 0.0100045 0.00049821 
3019 3019 0.0107429 0.000477005 
3020 3020 0.0116572 0.000729614 
3021 3021 0.0126222 0.000768621 
3022 3022 0.0138393 0.000451759 
3023 3023 0.0100013 0.000426226 
3024 3024 0.00996261 0.000387631 
3025 3025 0.00992502 0.000388594 
3026 3026 0.00971421 0.000381913 
3027 3027 0.00945333 0.000349223 
3028 3028 0.00954389 0.00036222 
3029 3029 0.0102227 0.000378317 
3030 3030 0.01191 0.000430492 
3031 3031 0.0110212 0.000490146 
3032 3032 0.0100725 0.000457174 
3033 3033 0.00979845 0.000465642 
3034 3034 0.00977892 0.000489088 
3035 3035 0.0100706 0.000459935 
3036 3036 0.0102971 0.000460895 
3037 3037 0.00991139 0.000458901 
3038 3038 0.00976155 0.000405785 
3039 3039 0.00955119 0.000412458 
3040 3040 0.00946441 0.00041948 
3041 3041 0.00987479 0.00043028 
3042 3042 0.0101445 0.000404475 
3043 3043 0.00968538 0.000449456 
3044 3044 0.0102593 0.00046057 
3045 3045 0.00988297 0.000459756 
3046 3046 0.0100027 0.000488352 
3047 3047 0.010185 0.000475292 
3048 3048 0.0104158 0.00048821 
3049 3049 0.0101428 0.000523078 
3050 3050 0.0101512 0.000469992 
3051 3051 0.00969509 0.000462516 
3052 3052 0.00979885 0.000439809 
3053 3053 0.0103234 0.000421455 
3054 3054 0.00997376 0.000449133 
3055 3055 0.00985843 0.000419882 
3056 3056 0.0099097 0.000412943 
3057 3057 0.00990825 0.000446117 
3058 3058 0.0101285 0.000479202 
3059 3059 0.00995452 0.000487746 
3060 3060 0.0101698 0.00045648 
3061 3061 0.0101361 0.000474264 
3062 3062 0.0102125 0.000535148 
3063 3063 0.010128 0.000489103 
3064 3064 0.0101441 0.00047709 
3065 3065 0.0104 0.000473718 
3066 3066 0.00997909 0.000444494 
3067 3067 0.0100821 0.000429177 
3068 3068 0.00987832 0.000448293 
3069 3069 0.0098139 0.000408563 
3070 3070 0.00960442 0.000385899 
3071 3071 0.00971862 0.000384242 
3072 3072 0.00951844 0.000376462 
3073 3073 0.00964578 0.000361532 
3074 3074 0.00959557 0.000380165 
3075 3075 0.00992932 0.000454916 
3076 3076 0.00999664 0.000445594 
3077 3077 0.0100489 0.000459237 
3078 3078 0.0101656 0.000472041 
3079 3079 0.00998004 0.00050533 
3080 3080 0.0101226 0.000498508 
3081 3081 0.0101951 0.000496112 
3082 3082 0.0102581 0.000481314 
3083 3083 0.00987567 0.000431052 
3084 3084 0.00986767 0.000422268 
3085 3085 0.00958769 0.000373617 
3086 3086 0.0095376 0.000362465 
3087 3087 0.00966653 0.000437287 
3088 3088 0.00994983 0.000480753 
3089 3089 0.0105655 0.000414026 
3090 3090 0.0102791 0.000454595 
3091 3091 0.00996222 0.000483807 
3092 3092 0.00975984 0.000456938 
3093 3093 0.0097406 0.000425296 
3094 3094 0.0094956 0.000399237 
3095 3095 0.00950878 0.000374031 
3096 3096 0.00964175 0.000375213 
3097 3097 0.00945116 0.000356176 
3098 3098 0.00944419 0.000326363 
3099 3099 0.00974401 0.000463995 
3100 3100 0.0101221 0.000486405 
3101 3101 0.010182 0.000494787 
3102 3102 0.0102614 0.000470599 
3103 3103 0.0097767 0.000400016 
3104 3104 0.0096907 0.000371958 
3105 3105 0.00989151 0.000447698 
3106 3106 0.010468 0.000439948 
3107 3107 0.0111128 0.000477368 
3108 3108 0.0102075 0.00043353 
3109 3109 0.00999502 0.000464114 
3110 3110 0.0101618 0.000461311 
3111 3111 0.0101376 0.000449141 
3112 3112 0.0103682 0.000506432 
3113 3113 0.0104121 0.000484247 
3114 3114 0.0105068 0.000574556 
3115 3115 0.0101857 0.000436455 
3116 3116 0.00994139 0.000443531 
3117 3117 0.0099054 0.000432719 
3118 3118 0.0100618 0.000374539 
3119 3119 0.0102861 0.00035228 
3120 3120 0.00963463 0.000363321 
3121 3121 0.0102431 0.000351077 
3122 3122 0.00974027 0.000339044 
3123 3123 0.00987786 0.000387362 
3124 3124 0.0102257 0.000391462 
3125 3125 0.0103177 0.000348614 
3126 3126 0.00977941 0.000335615 
3127 3127 0.00956731 0.000292157 
3128 3128 0.0093583 0.000289273 
3129 3129 0.00947049 0.000304899 
3130 3130 0.00978176 0.00033476 
3131 3131 0.00969749 0.000306866 
3132 3132 0.00964653 0.000296529 
3133 3133 0.00964394 0.000381038 
3134 3134 0.0101524 0.000372402 
3135 3135 0.0103656 0.000386241 
3136 3136 0.00991806 0.000345202 
3137 3137 0.00985986 0.000367241 
3138 3138 0.0108857 0.000413978 
3139 3139 0.0101618 0.000396526 
3140 3140 0.00984242 0.000359462 
3141 3141 0.0101852 0.000358657 
3142 3142 0.00978066 0.000351135 
3143 3143 0.00994328 0.000372104 
3144 3144 0.00989748 0.000369424 
3145 3145 0.00982478 0.000347718 
3146 3146 0.00960519 0.000331502 
3147 3147 0.00975517 0.000319308 
3148 3148 0.00997069 0.000346755 
3149 3149 0.00969207 0.000326973 
3150 3150 0.0102709 0.000364904 
3151 3151 0.00997112 0.000392358 
3152 3152 0.00997752 0.000561904 
3153 3153 0.0100619 0.000409188 
3154 3154 0.0100959 0.000432573 
3155 3155 0.0107881 0.00042535 
3156 3156 0.0097823 0.000467231 
3157 3157 0.0100457 0.000310749 
3158 3158 0.00994449 0.000362048 
3159 3159 0.0100892 0.000350378 
3160 3160 0.0110513 0.000345708 
3161 3161 0.0103341 0.000455142 
3162 3162 0.0104959 0.000436225 
3163 3163 0.0104665 0.000409037 
3164 3164 0.0100226 0.000399016 
3165 3165 0.00998947 0.000382752 
3166 3166 0.0101362 0.000345778 
3167 3167 0.0098984 0.00034187 
3168 3168 0.00986454 0.000341558 
3169 3169 0.0100602 0.000350645 
3170 3170 0.00994722 0.000340428 
3171 3171 0.0100588 0.000340805 
3172 3172 0.0100024 0.000420774 
3173 3173 0.00997057 0.000340475 
3174 3174 0.00994257 0.000347871 
3175 3175 0.00980249 0.000388473 
3176 3176 0.00988479 0.000353852 
3177 3177 0.00983554 0.000343983 
3178 3178 0.00982845 0.000333408 
3179 3179 0.0095392 0.000324744 
3180 3180 0.0111164 0.000406872 
3181 3181 0.0116687 0.000423901 
3182 3182 0.0101058 0.000551662 
3183 3183 0.0105881 0.000422587 
3184 3184 0.0105981 0.000585301 
3185 3185 0.00996913 0.000443317 
3186 3186 0.0100012 0.000442311 
3187 3187 0.00992684 0.000413739 
3188 3188 0.00996951 0.000412503 
3189 3189 0.00976479 0.00037924 
3190 3190 0.00988697 0.000365629 
3191 3191 0.00990633 0.000366506 
3192 3192 0.00992979 0.000396789 
3193 3193 0.0103168 0.000493497 
3194 3194 0.01024 0.000475744 
3195 3195 0.0101268 0.000477804 
3196 3196 0.0099399 0.000421003 
3197 3197 0.0098484 0.000408287 
3198 3198 0.00969923 0.000416024 
3199 3199 0.0101129 0.000432397 
3200 3200 0.0101997 0.000415972 
3201 3201 0.010093 0.000398087 
3202 3202 0.0101624 0.000375041 
3203 3203 0.00967479 0.000355211 
3204 3204 0.0105091 0.000404918 
3205 3205 0.00995899 0.000386265 
3206 3206 0.0099119 0.000407809 
3207 3207 0.0100953 0.000428333 
3208 3208 0.0102093 0.000465987 
3209 3209 0.0104248 0.000432098 
3210 3210 0.0169524 0.000476361 
3211 3211 0.0102803 0.000445578 
3212 3212 0.0100859 0.000451033 
3213 3213 0.00993604 0.00048741 
3214 3214 0.00986834 0.000416591 
3215 3215 0.0107286 0.000456674 
3216 3216 0.0103543 0.000432526 
3217 3217 0.00986836 0.000404772 
3218 3218 0.00985253 0.000402922 
3219 3219 0.0100019 0.000404199 
3220 3220 0.0100024 0.000384591 
3221 3221 0.00977038 0.00036257 
3222 3222 0.00978285 0.0003585 
3223 3223 0.0097145 0.000350246 
3224 3224 0.00985669 0.000384514 
3225 3225 0.0118416 0.000467792 
3226 3226 0.0100559 0.000436085 
3227 3227 0.00997945 0.000413788 
3228 3228 0.0103265 0.000428401 
3229 3229 0.0099629 0.000413193 
3230 3230 0.00994615 0.000443267 
3231 3231 0.0104449 0.000447019 
3232 3232 0.0100852 0.000431078 
3233 3233 0.0100133 0.000405137 
3234 3234 0.0101614 0.000423372 
3235 3235 0.00991904 0.000413463 
3236 3236 0.00993922 0.000409151 
3237 3237 0.00991865 0.00038398 
3238 3238 0.00988724 0.000386072 
3239 3239 0.0103713 0.000445821 
3240 3240 0.00996318 0.000381246 
3241 3241 0.0101178 0.000401876 
3242 3242 0.00998998 0.000424577 
3243 3243 0.0100498 0.000401409 
3244 3244 0.0107633 0.000451973 
3245 3245 0.0101193 0.000454812 
3246 3246 0.0109003 0.00049798 
3247 3247 0.0110703 0.000428847 
3248 3248 0.0101429 0.000455279 
3249 3249 0.0103162 0.000445042 
3250 3250 0.0101203 0.000438453 
3251 3251 0.0100168 0.000421107 
3252 3252 0.0101632 0.000460838 
3253 3253 0.0102272 0.00069637 
3254 3254 0.0247784 0.000483357 
3255 3255 0.0137903 0.000446039 
3256 3256 0.0101452 0.000463402 
3257 3257 0.0104331 0.000407001 
3258 3258 0.010216 0.000405471 
3259 3259 0.0102262 0.000439195 
3260 3260 0.0107178 0.000435299 
3261 3261 0.0102844 0.000459855 
3262 3262 0.0103858 0.000403483 
3263 3263 0.0106268 0.000435735 
3264 3264 0.0105797 0.000403491 
3265 3265 0.00989439 0.000377978 
3266 3266 0.00989662 0.000390465 
3267 3267 0.00998831 0.000397319 
3268 3268 0.010032 0.000411852 
3269 3269 0.0110223 0.000655568 
3270 3270 0.0108148 0.000389454 
3271 3271 0.010257 0.000418537 
3272 3272 0.0103784 0.000418615 
3273 3273 0.0104715 0.000414761 
3274 3274 0.0102995 0.000421706 
3275 3275 0.0109255 0.000457966 
3276 3276 0.0104301 0.000434559 
3277 3277 0.0104421 0.000434037 
3278 3278 0.0103974 0.000431437 
3279 3279 0.0102549 0.000414689 
3280 3280 0.01509 0.000446823 
3281 3281 0.0104639 0.000441992 
3282 3282 0.0102972 0.000446915 
3283 3283 0.0103129 0.000447211 
3284 3284 0.0108041 0.000517488 
3285 3285 0.010182 0.00046461 
3286 3286 0.0113412 0.000514417 
3287 3287 0.0109415 0.000483627 
3288 3288 0.0103451 0.000471536 
3289 3289 0.0106272 0.000453178 
3290 3290 0.0100726 0.000434342 
3291 3291 0.0106486 0.000532489 
3292 3292 0.0105329 0.00049762 
3293 3293 0.0105101 0.000493134 
3294 3294 0.0114091 0.000490985 
3295 3295 0.0106512 0.000493992 
3296 3296 0.0106263 0.000487564 
3297 3297 0.0107643 0.000525738 
3298 3298 0.0106095 0.000496322 
3299 3299 0.0110603 0.000473093 
3300 3300 0.0106972 0.000432696 
3301 3301 0.0105835 0.000410215 
3302 3302 0.0106458 0.000447693 
3303 3303 0.010771 0.000479048 
3304 3304 0.0106382 0.000425558 
3305 3305 0.0105065 0.000425131 
3306 3306 0.0109048 0.000416919 
3307 3307 0.0105506 0.000392323 
3308 3308 0.0105931 0.000397707 
3309 3309 0.0101668 0.000397287 
3310 3310 0.0101477 0.000436576 
3311 3311 0.0101234 0.00044071 
3312 3312 0.0104638 0.00042398 
3313 3313 0.0114337 0.000469715 
3314 3314 0.0105603 0.000460482 
3315 3315 0.0102902 0.000443596 
3316 3316 0.0105245 0.000483222 
3317 3317 0.0105687 0.000444737 
3318 3318 0.0103048 0.000557199 
3319 3319 0.0108338 0.000469888 
3320 3320 0.0111188 0.000448089 
3321 3321 0.0105632 0.000450716 
3322 3322 0.0103225 0.000429934 
3323 3323 0.0106507 0.00045375 
3324 3324 0.0102561 0.000425375 
3325 3325 0.010557 0.000439087 
3326 3326 0.0103278 0.000421263 
3327 3327 0.0102477 0.000457802 
3328 3328 0.0102696 0.00042388 
3329 3329 0.0101691 0.000403507 
3330 3330 0.0105515 0.000431703 
3331 3331 0.0103249 0.000460234 
3332 3332 0.0107232 0.00045373 
3333 3333 0.0106066 0.000503175 
3334 3334 0.0114239 0.000457025 
3335 3335 0.0104244 0.000453322 
3336 3336 0.0103821 0.00042616 
3337 3337 0.0102415 0.00041704 
3338 3338 0.0108967 0.000509613 
3339 3339 0.0119272 0.000497769 
3340 3340 0.0104633 0.000452358 
3341 3341 0.0110233 0.00046703 
3342 3342 0.0103931 0.000440273 
3343 3343 0.0103927 0.000441735 
3344 3344 0.010486 0.000448402 
3345 3345 0.0102771 0.000420674 
3346 3346 0.0102354 0.000406506 
3347 3347 0.0102937 0.000400242 
3348 3348 0.0101071 0.000370893 
3349 3349 0.0109137 0.000443969 
3350 3350 0.0103529 0.000435688 
3351 3351 0.0103347 0.000424977 
3352 3352 0.0105995 0.000415824 
3353 3353 0.010578 0.000403474 
3354 3354 0.0103707 0.000423405 
3355 3355 0.010731 0.000433244 
3356 3356 0.0102514 0.000415174 
3357 3357 0.010208 0.00039938 
3358 3358 0.010226 0.000397799 
3359 3359 0.010239 0.00037514 
3360 3360 0.0120784 0.000439164 
3361 3361 0.0106278 0.00045754 
3362 3362 0.0103595 0.0004507 
3363 3363 0.0117633 0.000481986 
3364 3364 0.0108118 0.000489824 
3365 3365 0.010462 0.000453243 
3366 3366 0.0104858 0.000439948 
3367 3367 0.0104633 0.000495908 
3368 3368 0.0110382 0.000472983 
3369 3369 0.0104473 0.00049378 
3370 3370 0.0106531 0.000453764 
3371 3371 0.0103678 0.000424829 
3372 3372 0.018428 0.000553239 
3373 3373 0.0140899 0.000616458 
3374 3374 0.0114576 0.000549422 
3375 3375 0.0112462 0.000518035 
3376 3376 0.011122 0.000527284 
3377 3377 0.011198 0.000498411 
3378 3378 0.0109651 0.0004614 
3379 3379 0.0110568 0.000445333 
3380 3380 0.0109904 0.000438055 
3381 3381 0.010889 0.000502308 
3382 3382 0.0107909 0.000500173 
3383 3383 0.0120263 0.000512484 
3384 3384 0.0139423 0.000573917 
3385 3385 0.0112256 0.000523516 
3386 3386 0.011346 0.000525289 
3387 3387 0.0112633 0.000537559 
3388 3388 0.0109957 0.000529776 
3389 3389 0.0111237 0.000529596 
3390 3390 0.010985 0.000521698 
3391 3391 0.0106364 0.000482064 
3392 3392 0.0104726 0.000457725 
3393 3393 0.0104477 0.000439707 
3394 3394 0.0107504 0.000521931 
3395 3395 0.010579 0.000447274 
3396 3396 0.0105367 0.000426236 
3397 3397 0.0104649 0.000451544 
3398 3398 0.0111998 0.000460172 
3399 3399 0.0117532 0.000519476 
3400 3400 0.0107026 0.00050072 
3401 3401 0.0107425 0.000430198 
3402 3402 0.0107584 0.000369935 
3403 3403 0.0102491 0.000354968 
3404 3404 0.010278 0.000297421 
3405 3405 0.0100139 0.000331808 
3406 3406 0.0099079 0.00029481 
3407 3407 0.00976187 0.000281999 
3408 3408 0.00973414 0.000278352 
3409 3409 0.00952558 0.00026131 
3410 3410 0.00944959 0.000246755 
3411 3411 0.00936212 0.000246577 
3412 3412 0.00925829 0.000242561 
3413 3413 0.00946475 0.00024953 
3414 3414 0.00936151 0.000221868 
3415 3415 0.00917919 0.00021287 
3416 3416 0.00979072 0.000234206 
3417 3417 0.00948 0.000224506 
3418 3418 0.00920186 0.000219821 
3419 3419 0.0104788 0.000394198 
3420 3420 0.0132924 0.000409693 
3421 3421 0.0105902 0.000390432 
3422 3422 0.0105113 0.000379746 
3423 3423 0.0104274 0.000361589 
3424 3424 0.0103716 0.000358339 
3425 3425 0.0104293 0.000365548 
3426 3426 0.0101698 0.000304519 
3427 3427 0.0104995 0.000318772 
3428 3428 0.0100057 0.000289091 
3429 3429 0.00967736 0.000328712 
3430 3430 0.0106129 0.000315192 
3431 3431 0.00992595 0.000278263 
3432 3432 0.00972737 0.000258704 
3433 3433 0.0095559 0.000288333 
3434 3434 0.00949005 0.000232687 
3435 3435 0.00929423 0.000225354 
3436 3436 0.00948634 0.00022993 
3437 3437 0.00941057 0.000232011 
3438 3438 0.00926939 0.000255749 
3439 3439 0.00921687 0.000220347 
3440 3440 0.00912713 0.000213026 
3441 3441 0.00963602 0.000339669 
3442 3442 0.00963808 0.000288507 
3443 3443 0.00961438 0.000319324 
3444 3444 0.00953474 0.000270333 
3445 3445 0.009408 0.000250088 
3446 3446 0.00923256 0.000257739 
3447 3447 0.0102385 0.000296577 
3448 3448 0.00966149 0.000250833 
3449 3449 0.00940002 0.00023236 
3450 3450 0.0101902 0.000393402 
3451 3451 0.0107753 0.000413406 
3452 3452 0.0104669 0.000332348 
3453 3453 0.0103539 0.000426461 
3454 3454 0.0108052 0.000394008 
3455 3455 0.0104466 0.000325055 
3456 3456 0.010053 0.000300762 
3457 3457 0.0103425 0.000340603 
3458 3458 0.0101145 0.000311653 
3459 3459 0.00978947 0.000287457 
3460 3460 0.00979343 0.000286996 
3461 3461 0.00988775 0.000335331 
3462 3462 0.00980708 0.000426782 
3463 3463 0.0108286 0.000548004 
3464 3464 0.010859 0.00048479 
3465 3465 0.0103909 0.000425078 
3466 3466 0.0102779 0.000411441 
3467 3467 0.010387 0.000392136 
3468 3468 0.0102518 0.000389334 
3469 3469 0.0101448 0.00034932 
3470 3470 0.0100587 0.000326131 
3471 3471 0.00994841 0.000312807 
3472 3472 0.0105156 0.00062136 
3473 3473 0.0110591 0.000407477 
3474 3474 0.0119459 0.000466553 
3475 3475 0.0115898 0.000504147 
3476 3476 0.0115652 0.000477968 
3477 3477 0.0109198 0.000421817 
3478 3478 0.0103485 0.000367809 
3479 3479 0.0112415 0.000416821 
3480 3480 0.0110896 0.000395144 
3481 3481 0.0105574 0.00034085 
3482 3482 0.0103721 0.000324138 
3483 3483 0.0104516 0.000302985 
3484 3484 0.0113855 0.000294992 
3485 3485 0.0100405 0.000265253 
3486 3486 0.00993037 0.000244477 
3487 3487 0.009809 0.000264031 
3488 3488 0.00964248 0.000264217 
3489 3489 0.00964139 0.000238586 
3490 3490 0.0104793 0.000268704 
3491 3491 0.00979402 0.000243791 
3492 3492 0.0102728 0.000318822 
3493 3493 0.012096 0.000261367 
3494 3494 0.00979432 0.000277242 
3495 3495 0.00987752 0.000260969 
3496 3496 0.00979998 0.000252144 
3497 3497 0.00957034 0.000252309 
3498 3498 0.0094783 0.000239431 
3499 3499 0.00990751 0.000329298 
3500 3500 0.0103687 0.000328876 
3501 3501 0.0101388 0.000295313 
3502 3502 0.0100111 0.000297071 
3503 3503 0.00977263 0.000256636 
3504 3504 0.00970532 0.000253072 
3505 3505 0.00962842 0.000236827 
3506 3506 0.00976689 0.00025754 
3507 3507 0.00963826 0.000304562 
3508 3508 0.00947312 0.000192572 
3509 3509 0.00965768 0.000222116 
3510 3510 0.00964529 0.000218156 
3511 3511 0.00967347 0.000208457 
3512 3512 0.00986445 0.000355382 
3513 3513 0.0106454 0.000335844 
3514 3514 0.0103061 0.000312934 
3515 3515 0.0104321 0.000341583 
3516 3516 0.0114575 0.000407306 
3517 3517 0.0106765 0.000345064 
3518 3518 0.0104501 0.000308359 
3519 3519 0.0101951 0.000287068 
3520 3520 0.0100237 0.000291653 
3521 3521 0.00996868 0.000252029 
3522 3522 0.00988129 0.000244137 
3523 3523 0.0106275 0.000384098 
3524 3524 0.0103565 0.000303831 
3525 3525 0.0102761 0.000281457 
3526 3526 0.010155 0.000276831 
3527 3527 0.00999853 0.000281844 
3528 3528 0.01007 0.000265971 
3529 3529 0.0100268 0.000273561 
3530 3530 0.00983942 0.000255189 
3531 3531 0.00976511 0.000262924 
3532 3532 0.00972776 0.000241355 
3533 3533 0.00956164 0.000233306 
3534 3534 0.00963707 0.00022813 
3535 3535 0.00963841 0.000236759 
3536 3536 0.00945722 0.000227573 
3537 3537 0.010255 0.000392317 
3538 3538 0.0103691 0.000355984 
3539 3539 0.0100557 0.000306299 
3540 3540 0.010192 0.000299218 
3541 3541 0.0100098 0.000291325 
3542 3542 0.00982387 0.000282413 
3543 3543 0.010449 0.00044776 
3544 3544 0.0107788 0.000454066 
3545 3545 0.0103635 0.0003738 
3546 3546 0.0105911 0.000463139 
3547 3547 0.0111178 0.000406373 
3548 3548 0.0108751 0.000373187 
3549 3549 0.0106453 0.000349911 
3550 3550 0.0105409 0.000312645 
3551 3551 0.0105004 0.0003352 
3552 3552 0.0104918 0.000299926 
3553 3553 0.0102088 0.000263795 
3554 3554 0.0103676 0.000268081 
3555 3555 0.0105289 0.000382345 
3556 3556 0.0111783 0.000519522 
3557 3557 0.0109294 0.000454446 
3558 3558 0.0106422 0.000414855 
3559 3559 0.0107275 0.0004171 
3560 3560 0.0106354 0.000399408 
3561 3561 0.0105873 0.000355509 
3562 3562 0.0108433 0.000359467 
3563 3563 0.0103334 0.000320852 
3564 3564 0.0100975 0.00029946 
3565 3565 0.0106147 0.000400958 
3566 3566 0.0106331 0.000423928 
3567 3567 0.0106112 0.000353797 
3568 3568 0.0104887 0.000336689 
3569 3569 0.0115205 0.000479485 
3570 3570 0.0110694 0.000442846 
3571 3571 0.0108162 0.000411038 
3572 3572 0.0197019 0.000433224 
3573 3573 0.0103361 0.000381557 
3574 3574 0.0107243 0.000360485 
3575 3575 0.0102823 0.000350545 
3576 3576 0.0103421 0.00034064 
3577 3577 0.0102269 0.00032197 
3578 3578 0.0101611 0.000306107 
3579 3579 0.010158 0.000300759 
3580 3580 0.0104993 0.000720462 
3581 3581 0.0124524 0.000227085 
3582 3582 0.010348 0.000215109 
3583 3583 0.0102548 0.000323499 
3584 3584 0.0104999 0.000295248 
3585 3585 0.0105621 0.000335245 
3586 3586 0.0109221 0.000323252 
3587 3587 0.0118717 0.000414277 
3588 3588 0.0105055 0.000369238 
3589 3589 0.0102631 0.000330675 
3590 3590 0.0109575 0.000416614 
3591 3591 0.0104888 0.000363914 
3592 3592 0.0103366 0.000341743 
3593 3593 0.0103006 0.000314987 
3594 3594 0.0100807 0.000327582 
3595 3595 0.0102314 0.000297374 
3596 3596 0.0100742 0.000308252 
3597 3597 0.010176 0.000292827 
3598 3598 0.0104758 0.000313644 
3599 3599 0.0103999 0.00031912 
3600 3600 0.0102527 0.000269998 
3601 3601 0.0102095 0.000280813 
3602 3602 0.0104019 0.000332523 
3603 3603 0.0107617 0.000365546 
3604 3604 0.0109015 0.000339012 
3605 3605 0.010591 0.000339624 
3606 3606 0.0110798 0.00043633 
3607 3607 0.0111269 0.000391395 
3608 3608 0.0106605 0.000350918 
3609 3609 0.0103815 0.000335697 
3610 3610 0.0102592 0.000313189 
3611 3611 0.0102863 0.000290912 
3612 3612 0.0109208 0.000332791 
3613 3613 0.010775 0.000364128 
3614 3614 0.010592 0.000325854 
3615 3615 0.0104181 0.000312551 
3616 3616 0.0102551 0.000300829 
3617 3617 0.0101136 0.000284722 
3618 3618 0.0100421 0.000267631 
3619 3619 0.0100243 0.000259548 
3620 3620 0.00998582 0.000261443 
3621 3621 0.0101226 0.000261617 
3622 3622 0.00995529 0.00026478 
3623 3623 0.00989602 0.000263635 
3624 3624 0.0100897 0.000285705 
3625 3625 0.0101681 0.000282455 
3626 3626 0.0101071 0.000267075 
3627 3627 0.0101969 0.000258112 
3628 3628 0.0099605 0.000249028 
3629 3629 0.00993462 0.000268505 
3630 3630 0.00999802 0.000438908 
3631 3631 0.0114541 0.000405523 
3632 3632 0.0108032 0.000388616 
3633 3633 0.0110513 0.000424647 
3634 3634 0.0111563 0.000403326 
3635 3635 0.0128306 0.000502547 
3636 3636 0.0115329 0.000469396 
3637 3637 0.0110905 0.000466381 
3638 3638 0.0110148 0.000392921 
3639 3639 0.0109685 0.000351891 
3640 3640 0.0105464 0.000336097 
3641 3641 0.0103573 0.000311958 
3642 3642 0.0110169 0.000372217 
3643 3643 0.0107534 0.00036257 
3644 3644 0.0122726 0.00049912 
3645 3645 0.0115835 0.000530692 
3646 3646 0.0117428 0.000507892 
3647 3647 0.0112271 0.000436937 
3648 3648 0.0111194 0.000428821 
3649 3649 0.0112002 0.000400422 
3650 3650 0.0110588 0.000374078 
3651 3651 0.010835 0.000334121 
3652 3652 0.0106898 0.000329223 
3653 3653 0.0106355 0.000375281 
3654 3654 0.011111 0.000503899 
3655 3655 0.014324 0.000507342 
3656 3656 0.0118837 0.000522469 
3657 3657 0.0122958 0.000556178 
3658 3658 0.0113287 0.000444034 
3659 3659 0.011103 0.000421452 
3660 3660 0.011526 0.000414751 
3661 3661 0.0111986 0.000370213 
3662 3662 0.0110508 0.000401265 
3663 3663 0.0114515 0.000352493 
3664 3664 0.0108779 0.000328322 
3665 3665 0.0104843 0.000310089 
3666 3666 0.0103114 0.000312099 
3667 3667 0.010348 0.000302234 
3668 3668 0.0106955 0.00029147 
3669 3669 0.0129952 0.000292682 
3670 3670 0.0102915 0.00031296 
3671 3671 0.0106877 0.000885837 
3672 3672 0.0117022 0.000311983 
3673 3673 0.0105693 0.000304173 
3674 3674 0.0105195 0.000293718 
3675 3675 0.0104397 0.000278165 
3676 3676 0.010296 0.000271004 
3677 3677 0.0101846 0.000264311 
3678 3678 0.0106862 0.000341889 
3679 3679 0.0106484 0.000322996 
3680 3680 0.0106754 0.000303377 
3681 3681 0.0109283 0.0002949 
3682 3682 0.0104365 0.000284253 
3683 3683 0.0107603 0.000272986 
3684 3684 0.0102169 0.000269091 
3685 3685 0.0100795 0.000267759 
3686 3686 0.010043 0.000257173 
3687 3687 0.0101821 0.000258895 
3688 3688 0.010397 0.000279698 
3689 3689 0.0101509 0.000258244 
3690 3690 0.0101856 0.000263065 
3691 3691 0.0103976 0.00038761 
3692 3692 0.0114147 0.000435509 
3693 3693 0.0115501 0.000632964 
3694 3694 0.0126617 0.000403504 
3695 3695 0.0115002 0.00049682 
3696 3696 0.0124283 0.000543576 
3697 3697 0.0115625 0.000506253 
3698 3698 0.0113334 0.000500093 
3699 3699 0.0127041 0.000438544 
3700 3700 0.0113585 0.000480111 
3701 3701 0.0117483 0.000435037 
3702 3702 0.0113817 0.000375842 
3703 3703 0.0111169 0.000356016 
3704 3704 0.0109049 0.000329787 
3705 3705 0.0104335 0.000317476 
3706 3706 0.0106341 0.000318969 
3707 3707 0.0103807 0.000305216 
3708 3708 0.0103787 0.000305946 
3709 3709 0.010554 0.000308494 
3710 3710 0.0106132 0.000283689 
3711 3711 0.0104665 0.00031176 
3712 3712 0.0107807 0.000281343 
3713 3713 0.0104611 0.000269965 
3714 3714 0.0102397 0.00039865 
3715 3715 0.0104684 0.000241331 
3716 3716 0.0104924 0.000245639 
3717 3717 0.0107843 0.000361966 
3718 3718 0.0110803 0.000339676 
3719 3719 0.0113909 0.00045968 
3720 3720 0.0117451 0.000421996 
3721 3721 0.0113548 0.000434907 
3722 3722 0.0113881 0.000514807 
3723 3723 0.011396 0.000436607 
3724 3724 0.0114532 0.000413523 
3725 3725 0.0112077 0.000444359 
3726 3726 0.0114958 0.000431168 
3727 3727 0.0111799 0.000363189 
3728 3728 0.0108158 0.000362612 
3729 3729 0.0107577 0.000332396 
3730 3730 0.0105589 0.000325976 
3731 3731 0.0112697 0.000546662 
3732 3732 0.0115997 0.000531117 
3733 3733 0.0136182 0.000500562 
3734 3734 0.011376 0.000427508 
3735 3735 0.0114791 0.000415542 
3736 3736 0.0112515 0.000367113 
3737 3737 0.0116621 0.00045482 
3738 3738 0.0111223 0.000417464 
3739 3739 0.011443 0.000427396 
3740 3740 0.0112066 0.000398458 
3741 3741 0.0109427 0.00036433 
3742 3742 0.0116159 0.000454519 
3743 3743 0.0119954 0.000515689 
3744 3744 0.0113873 0.000461433 
3745 3745 0.0111223 0.000413145 
3746 3746 0.0112122 0.000416754 
3747 3747 0.0131504 0.00038578 
3748 3748 0.0110986 0.000361197 
3749 3749 0.0106455 0.000329692 
3750 3750 0.0105203 0.000321984 
3751 3751 0.0104641 0.000305486 
3752 3752 0.0105065 0.000308712 
3753 3753 0.0121069 0.000402308 
3754 3754 0.011156 0.000408985 
3755 3755 0.011167 0.000386186 
3756 3756 0.0112807 0.000480523 
3757 3757 0.0111406 0.000393207 
3758 3758 0.0109863 0.000356274 
3759 3759 0.0109524 0.000328126 
3760 3760 0.0109563 0.000325097 
3761 3761 0.0106865 0.000309221 
3762 3762 0.0106731 0.000297253 
3763 3763 0.0107239 0.000319642 
3764 3764 0.0111073 0.000447646 
3765 3765 0.0114042 0.00041318 
3766 3766 0.0112742 0.000355846 
3767 3767 0.0112195 0.000353916 
3768 3768 0.0109874 0.000328543 
3769 3769 0.0108658 0.000327539 
3770 3770 0.0107233 0.000305653 
3771 3771 0.0104959 0.000298994 
3772 3772 0.0105389 0.00029736 
3773 3773 0.0110452 0.000397033 
3774 3774 0.0110045 0.000352564 
3775 3775 0.0111925 0.000410941 
3776 3776 0.0116923 0.000421913 
3777 3777 0.0117275 0.000446916 
3778 3778 0.0113174 0.000376148 
3779 3779 0.0113214 0.000423807 
3780 3780 0.0114436 0.000437202 
3781 3781 0.011417 0.000413429 
3782 3782 0.0113936 0.000368616 
3783 3783 0.0111962 0.000358464 
3784 3784 0.0112541 0.000351349 
3785 3785 0.0112486 0.000350255 
3786 3786 0.0114626 0.00037133 
3787 3787 0.0111025 0.000330276 
3788 3788 0.0110567 0.000315071 
3789 3789 0.011055 0.00033816 
3790 3790 0.0108039 0.00031173 
3791 3791 0.0106503 0.000299741 
3792 3792 0.0108654 0.000307038 
3793 3793 0.010666 0.000308697 
3794 3794 0.0111616 0.000297834 
3795 3795 0.0114799 0.00030167 
3796 3796 0.010616 0.000289756 
3797 3797 0.0106028 0.000278553 
3798 3798 0.0104796 0.000271066 
3799 3799 0.0106906 0.000269288 
3800 3800 0.0105616 0.000283296 
3801 3801 0.0107704 0.000333643 
3802 3802 0.0107747 0.00030915 
3803 3803 0.0111064 0.000325721 
3804 3804 0.0110535 0.000418377 
3805 3805 0.0114769 0.000476902 
3806 3806 0.0115398 0.000392392 
3807 3807 0.0115914 0.00064432 
3808 3808 0.0116673 0.00044428 
3809 3809 0.0119343 0.000426415 
3810 3810 0.0120326 0.000404089 
3811 3811 0.0113361 0.000340854 
3812 3812 0.0113087 0.000330474 
3813 3813 0.0109867 0.00030474 
3814 3814 0.0108968 0.000288839 
3815 3815 0.0108156 0.000276878 
3816 3816 0.0112776 0.000537748 
3817 3817 0.0119623 0.000525248 
3818 3818 0.0118337 0.000499786 
3819 3819 0.0116571 0.00043646 
3820 3820 0.0115403 0.000444596 
3821 3821 0.0117353 0.000477975 
3822 3822 0.0116691 0.000411052 
3823 3823 0.0114608 0.000416125 
3824 3824 0.0114993 0.000559796 
3825 3825 0.0134889 0.000742979 
3826 3826 0.013434 0.000544213 
3827 3827 0.0131196 0.000550892 
3828 3828 0.0135046 0.000553655 
3829 3829 0.0121668 0.000515168 
3830 3830 0.0120269 0.000445168 
3831 3831 0.0120545 0.000418747 
3832 3832 0.0130606 0.000355472 
3833 3833 0.0111605 0.000335403 
3834 3834 0.0110196 0.000319208 
3835 3835 0.010975 0.000322083 
3836 3836 0.0109845 0.000323916 
3837 3837 0.0108947 0.000299416 
3838 3838 0.011149 0.000312375 
3839 3839 0.0112614 0.000334655 
3840 3840 0.0117266 0.000381988 
3841 3841 0.0126045 0.000506038 
3842 3842 0.0129614 0.000343091 
3843 3843 0.011031 0.00031989 
3844 3844 0.0114885 0.000583021 
3845 3845 0.0123592 0.000522628 
3846 3846 0.0123439 0.000504833 
3847 3847 0.01217 0.000531083 
3848 3848 0.0125954 0.000541756 
3849 3849 0.0124824 0.000474231 
3850 3850 0.0118153 0.000451596 
3851 3851 0.0114274 0.000391111 
3852 3852 0.0113831 0.000383302 
3853 3853 0.0113284 0.000370061 
3854 3854 0.011577 0.000349639 
3855 3855 0.0113515 0.000331035 
3856 3856 0.0111071 0.000387552 
3857 3857 0.0111915 0.000357974 
3858 3858 0.0111422 0.000363602 
3859 3859 0.0177448 0.000667447 
3860 3860 0.0129419 0.000611473 
3861 3861 0.0126804 0.000586001 
3862 3862 0.0155532 0.000641492 
3863 3863 0.0127926 0.00058964 
3864 3864 0.0124957 0.000605908 
3865 3865 0.0125072 0.000581962 
3866 3866 0.0132591 0.00057435 
3867 3867 0.0121594 0.000541802 
3868 3868 0.012168 0.000553078 
3869 3869 0.0121739 0.000624687 
3870 3870 0.012502 0.000562918 
3871 3871 0.0122789 0.00057179 
3872 3872 0.012252 0.000578261 
3873 3873 0.0121459 0.000576974 
3874 3874 0.0117862 0.000552953 
3875 3875 0.0116284 0.000463264 
3876 3876 0.0115553 0.000416343 
3877 3877 0.0113512 0.000399862 
3878 3878 0.0113288 0.000377466 
3879 3879 0.0114535 0.000399299 
3880 3880 0.0114411 0.000362454 
3881 3881 0.0116797 0.000477292 
3882 3882 0.0121983 0.000537713 
3883 3883 0.0130425 0.00078805 
3884 3884 0.0166825 0.000583395 
3885 3885 0.0125558 0.000603287 
3886 3886 0.0125675 0.000587713 
3887 3887 0.0122978 0.000492357 
3888 3888 0.0121796 0.000463463 
3889 3889 0.0117657 0.000425014 
3890 3890 0.0116251 0.000442031 
3891 3891 0.0115189 0.000402905 
3892 3892 0.0117244 0.000489294 
3893 3893 0.0124733 0.000521078 
3894 3894 0.012266 0.00056278 
3895 3895 0.0125776 0.000595427 
3896 3896 0.0123654 0.000588525 
3897 3897 0.0124157 0.000596912 
3898 3898 0.0123592 0.000567945 
3899 3899 0.0121271 0.000512087 
3900 3900 0.0119573 0.000501527 
3901 3901 0.0118978 0.000519555 
3902 3902 0.0119912 0.000505293 
3903 3903 0.0120875 0.000548727 
3904 3904 0.0125046 0.00057743 
3905 3905 0.0124707 0.000586695 
3906 3906 0.0124536 0.000632376 
3907 3907 0.0127731 0.000638047 
3908 3908 0.0126064 0.000581897 
3909 3909 0.0120174 0.000520706 
3910 3910 0.0118779 0.000473118 
3911 3911 0.0118611 0.000485095 
3912 3912 0.0119829 0.000571921 
3913 3913 0.0117363 0.000395894 
3914 3914 0.0116383 0.000377598 
3915 3915 0.0115328 0.00037367 
3916 3916 0.011338 0.000354955 
3917 3917 0.0113093 0.000364169 
3918 3918 0.012681 0.00056728 
3919 3919 0.0126318 0.000563465 
3920 3920 0.0124579 0.000598373 
3921 3921 0.0125592 0.000595211 
3922 3922 0.0128622 0.000594915 
3923 3923 0.0123319 0.000591713 
3924 3924 0.0119453 0.000525264 
3925 3925 0.0118936 0.000486041 
3926 3926 0.0117172 0.00048766 
3927 3927 0.0116499 0.000432866 
3928 3928 0.0118388 0.00041889 
3929 3929 0.0117102 0.000423798 
3930 3930 0.0125793 0.00041982 
3931 3931 0.0130233 0.000524567 
3932 3932 0.0123607 0.000545958 
3933 3933 0.0122431 0.000560515 
3934 3934 0.0125837 0.000586457 
3935 3935 0.0123762 0.000586442 
3936 3936 0.0123693 0.000577444 
3937 3937 0.012572 0.000528525 
3938 3938 0.0129175 0.000493799 
3939 3939 0.0139255 0.000549116 
3940 3940 0.0122297 0.000510133 
3941 3941 0.0120943 0.000466794 
3942 3942 0.0121907 0.000494816 
3943 3943 0.0125898 0.000537213 
3944 3944 0.0127408 0.00058095 
3945 3945 0.0124694 0.000615003 
3946 3946 0.0125977 0.00060718 
3947 3947 0.0124604 0.000595778 
3948 3948 0.0121461 0.000530773 
3949 3949 0.0119043 0.000488952 
3950 3950 0.0116775 0.000450312 
3951 3951 0.011872 0.000426883 
3952 3952 0.0117779 0.000452816 
3953 3953 0.011964 0.000448177 
3954 3954 0.0121794 0.000544381 
3955 3955 0.0125455 0.000543774 
3956 3956 0.012712 0.000609751 
3957 3957 0.0126359 0.000596731 
3958 3958 0.0127299 0.00061209 
3959 3959 0.0125828 0.000577122 
3960 3960 0.0176324 0.000599107 
3961 3961 0.0137001 0.000665298 
3962 3962 0.0151659 0.000687642 
3963 3963 0.0133581 0.000611536 
3964 3964 0.0132739 0.000645828 
3965 3965 0.0132908 0.000610214 
3966 3966 0.013401 0.000655302 
3967 3967 0.0127481 0.000625769 
3968 3968 0.0122404 0.000537233 
3969 3969 0.0121058 0.000480304 
3970 3970 0.0121076 0.000854846 
3971 3971 0.0169821 0.00053352 
3972 3972 0.0120182 0.000493535 
3973 3973 0.0120346 0.00048544 
3974 3974 0.0127232 0.000607635 
3975 3975 0.0124835 0.00060117 
3976 3976 0.0130004 0.000609868 
3977 3977 0.0129349 0.00061895 
3978 3978 0.0125552 0.00060509 
3979 3979 0.0130231 0.000584567 
3980 3980 0.0141166 0.000599511 
3981 3981 0.0133459 0.000602172 
3982 3982 0.0127171 0.000640016 
3983 3983 0.0125745 0.000510907 
3984 3984 0.0124129 0.000503096 
3985 3985 0.0126566 0.000518159 
3986 3986 0.0127696 0.000562665 
3987 3987 0.0124144 0.000578044 
3988 3988 0.0124606 0.000596927 
3989 3989 0.0128351 0.000601708 
3990 3990 0.0131237 0.000600527 
3991 3991 0.0125376 0.000548217 
3992 3992 0.0127741 0.000553956 
3993 3993 0.0123146 0.000512312 
3994 3994 0.0129071 0.000513372 
3995 3995 0.0120596 0.000487525 
3996 3996 0.0121289 0.000472406 
3997 3997 0.0121506 0.000443622 
3998 3998 0.0119223 0.00039875 
3999 3999 0.0123479 0.000486377 
4000 4000 0.0120482 0.000435728 
4001 4001 0.0120438 0.000395001 
4002 4002 0.0119084 0.000400794 
4003 4003 0.0119418 0.000421705 
4004 4004 0.0120459 0.000391478 
4005 4005 0.0119901 0.000427923 
4006 4006 0.0118918 0.00039459 
4007 4007 0.0115057 0.000353695 
4008 4008 0.0112972 0.000380318 
4009 4009 0.0114486 0.000304 
4010 4010 0.0115893 0.000426943 
4011 4011 0.0125242 0.000427905 
4012 4012 0.0125346 0.000391417 
4013 4013 0.0119022 0.000400373 
4014 4014 0.0123 0.000546076 
4015 4015 0.0124563 0.000483164 
4016 4016 0.0122977 0.000413087 
4017 4017 0.0119161 0.000374441 
4018 4018 0.0117758 0.000336402 
4019 4019 0.0121067 0.000418246 
4020 4020 0.0119886 0.000366708 
4021 4021 0.0117558 0.000352439 
4022 4022 0.011614 0.000382502 
4023 4023 0.0116569 0.000373913 
4024 4024 0.0114556 0.000325801 
4025 4025 0.011372 0.000317924 
4026 4026 0.0113911 0.000328689 
4027 4027 0.011283 0.000307071 
4028 4028 0.0112694 0.000300842 
4029 4029 0.0114322 0.000310141 
4030 4030 0.0113268 0.000309047 
4031 4031 0.0114956 0.000302789 
4032 4032 0.0113548 0.000317621 
4033 4033 0.0115482 0.000300718 
4034 4034 0.0120765 0.000505899 
4035 4035 0.0122467 0.000442241 
4036 4036 0.0126238 0.000489549 
4037 4037 0.0124376 0.000442399 
4038 4038 0.0127046 0.000452021 
4039 4039 0.0125106 0.00047389 
4040 4040 0.0126057 0.000444201 
4041 4041 0.0125834 0.000425845 
4042 4042 0.0121344 0.000372192 
4043 4043 0.011986 0.000377182 
4044 4044 0.0117564 0.000359941 
4045 4045 0.0117446 0.000331325 
4046 4046 0.011586 0.000321577 
4047 4047 0.0115149 0.000315379 
4048 4048 0.0117041 0.000435645 
4049 4049 0.0125869 0.000464396 
4050 4050 0.0125748 0.000415483 
4051 4051 0.012244 0.000413227 
4052 4052 0.0124049 0.000473552 
4053 4053 0.0124249 0.000434649 
4054 4054 0.0122624 0.00041558 
4055 4055 0.0123933 0.000362477 
4056 4056 0.0124901 0.000338617 
4057 4057 0.0125724 0.000340549 
4058 4058 0.0153277 0.000688925 
4059 4059 0.0127812 0.000569879 
4060 4060 0.0126277 0.000519985 
4061 4061 0.0121925 0.000423834 
4062 4062 0.0118766 0.000413367 
4063 4063 0.0120583 0.000472355 
4064 4064 0.0121361 0.000383521 
4065 4065 0.0117528 0.000359641 
4066 4066 0.0115587 0.000342609 
4067 4067 0.0115131 0.000352112 
4068 4068 0.0119305 0.000431745 
4069 4069 0.0125238 0.000526182 
4070 4070 0.0127474 0.000527521 
4071 4071 0.0130458 0.000606706 
4072 4072 0.014408 0.000623718 
4073 4073 0.0132128 0.000614739 
4074 4074 0.0150361 0.000600739 
4075 4075 0.0136667 0.000587118 
4076 4076 0.0136741 0.000578837 
4077 4077 0.0128832 0.000584474 
4078 4078 0.0127524 0.000544213 
4079 4079 0.0121851 0.000498644 
4080 4080 0.0121555 0.000460998 
4081 4081 0.0119468 0.000431529 
4082 4082 0.0118838 0.000434005 
4083 4083 0.0118694 0.000402094 
4084 4084 0.0117469 0.000382824 
4085 4085 0.0116432 0.000383157 
4086 4086 0.0115716 0.000353724 
4087 4087 0.0114086 0.000343757 
4088 4088 0.0123273 0.000509545 
4089 4089 0.0133418 0.000493101 
4090 4090 0.0125687 0.000428943 
4091 4091 0.0122998 0.000460336 
4092 4092 0.0128589 0.000475367 
4093 4093 0.0124013 0.000386876 
4094 4094 0.0160081 0.000411252 
4095 4095 0.0122957 0.000358305 
4096 4096 0.0127868 0.00042894 
4097 4097 0.0122367 0.000348765 
4098 4098 0.0121293 0.000366293 
4099 4099 0.011957 0.000307556 
4100 4100 0.0118278 0.000291925 
4101 4101 0.011814 0.000288686 
4102 4102 0.0116504 0.000307739 
4103 4103 0.0115008 0.000270129 
4104 4104 0.011746 0.000284943 
4105 4105 0.0112869 0.000260439 
4106 4106 0.011491 0.000291212 
4107 4107 0.0113806 0.000265882 
4108 4108 0.0113296 0.000272328 
4109 4109 0.0112137 0.000254757 
4110 4110 0.0144396 0.000495188 
4111 4111 0.0166139 0.00055438 
4112 4112 0.0126166 0.000457385 
4113 4113 0.012848 0.000523636 
4114 4114 0.0128428 0.000517609 
4115 4115 0.0129253 0.000511797 
4116 4116 0.0135636 0.000556139 
4117 4117 0.0130306 0.000498508 
4118 4118 0.012562 0.000441269 
4119 4119 0.012504 0.000404513 
4120 4120 0.0121485 0.000373586 
4121 4121 0.0119905 0.000342542 
4122 4122 0.0120111 0.000335207 
4123 4123 0.0117989 0.000324724 
4124 4124 0.0120825 0.000379314 
4125 4125 0.0127475 0.000487029 
4126 4126 0.0127199 0.000451635 
4127 4127 0.0127987 0.000453224 
4128 4128 0.0132641 0.000542166 
4129 4129 0.0127432 0.000515103 
4130 4130 0.0127423 0.000444989 
4131 4131 0.012468 0.000370556 
4132 4132 0.0120047 0.000339305 
4133 4133 0.0118261 0.00032935 
4134 4134 0.0126139 0.000598402 
4135 4135 0.0156147 0.000585847 
4136 4136 0.0136207 0.000599093 
4137 4137 0.0130573 0.000569858 
4138 4138 0.0137629 0.000486085 
4139 4139 0.0124467 0.000494152 
4140 4140 0.0161601 0.000479748 
4141 4141 0.0124009 0.000404624 
4142 4142 0.0121203 0.000389436 
4143 4143 0.0121309 0.00039359 
4144 4144 0.0119818 0.000366373 
4145 4145 0.0126609 0.000365205 
4146 4146 0.0134043 0.000496082 
4147 4147 0.0167815 0.000472248 
4148 4148 0.0124246 0.000427895 
4149 4149 0.0125118 0.000409733 
4150 4150 0.0139325 0.000398646 
4151 4151 0.0120599 0.000373629 
4152 4152 0.0119766 0.00038751 
4153 4153 0.012163 0.000422171 
4154 4154 0.0127751 0.000436947 
4155 4155 0.0121096 0.000399928 
4156 4156 0.0121409 0.000364243 
4157 4157 0.0135019 0.000618303 
4158 4158 0.0127961 0.000502968 
4159 4159 0.0124195 0.000459808 
4160 4160 0.0121738 0.000414551 
4161 4161 0.0120607 0.00039257 
4162 4162 0.011899 0.00037519 
4163 4163 0.0121063 0.000517198 
4164 4164 0.0125602 0.000523565 
4165 4165 0.0126237 0.000471903 
4166 4166 0.0124114 0.000428138 
4167 4167 0.012664 0.000551839 
4168 4168 0.0128166 0.00047374 
4169 4169 0.012577 0.000429306 
4170 4170 0.0121209 0.000401717 
4171 4171 0.0119805 0.000396885 
4172 4172 0.0121043 0.000449566 
4173 4173 0.0123201 0.000431286 
4174 4174 0.0122413 0.000398459 
4175 4175 0.0123624 0.000378511 
4176 4176 0.0121568 0.000408677 
4177 4177 0.0121505 0.000334419 
4178 4178 0.011746 0.00032376 
4179 4179 0.0119701 0.000335612 
4180 4180 0.0118893 0.000328331 
4181 4181 0.011824 0.000336132 
4182 4182 0.0120688 0.000333255 
4183 4183 0.012486 0.000313149 
4184 4184 0.0125194 0.00044524 
4185 4185 0.0125932 0.000396899 
4186 4186 0.0126906 0.000363648 
4187 4187 0.0124154 0.000340218 
4188 4188 0.0124448 0.000356327 
4189 4189 0.013105 0.000481241 
4190 4190 0.0131891 0.000437032 
4191 4191 0.0129369 0.000479283 
4192 4192 0.0143838 0.000546197 
4193 4193 0.0130765 0.000473184 
4194 4194 0.012771 0.000433608 
4195 4195 0.0126195 0.000363145 
4196 4196 0.0126222 0.000346248 
4197 4197 0.0121931 0.000332499 
4198 4198 0.0122391 0.000369664 
4199 4199 0.0126113 0.000420369 
4200 4200 0.0130277 0.000532942 
4201 4201 0.013024 0.000455187 
4202 4202 0.0128621 0.000479923 
4203 4203 0.0129494 0.000469835 
4204 4204 0.0132313 0.000439744 
4205 4205 0.0129016 0.000384378 
4206 4206 0.0130014 0.000390748 
4207 4207 0.0126355 0.000370527 
4208 4208 0.0125035 0.000331539 
4209 4209 0.0124173 0.000496514 
4210 4210 0.0134601 0.000610889 
4211 4211 0.0130972 0.000540739 
4212 4212 0.0128507 0.000490017 
4213 4213 0.0124021 0.000436319 
4214 4214 0.0126443 0.000420441 
4215 4215 0.0123498 0.00044145 
4216 4216 0.012232 0.000402863 
4217 4217 0.0121601 0.000392669 
4218 4218 0.0121803 0.000379047 
4219 4219 0.0121444 0.000354502 
4220 4220 0.0125231 0.000357457 
4221 4221 0.0120775 0.000330806 
4222 4222 0.012187 0.000370745 
4223 4223 0.0125386 0.000395578 
4224 4224 0.0124667 0.000374021 
4225 4225 0.0122429 0.000397735 
4226 4226 0.0120775 0.00033005 
4227 4227 0.0119374 0.000319406 
4228 4228 0.0118773 0.00031371 
4229 4229 0.0131854 0.000545214 
4230 4230 0.012333 0.000407284 
4231 4231 0.0125154 0.00039767 
4232 4232 0.0126567 0.000390699 
4233 4233 0.0126376 0.000346191 
4234 4234 0.0126518 0.000322945 
4235 4235 0.0122493 0.000317049 
4236 4236 0.0119534 0.000348341 
4237 4237 0.0118536 0.000290917 
4238 4238 0.0117876 0.000327063 
4239 4239 0.0119463 0.000313521 
4240 4240 0.0131883 0.000578407 
4241 4241 0.013126 0.000501334 
4242 4242 0.0127131 0.000478818 
4243 4243 0.0124417 0.000453301 
4244 4244 0.0125193 0.000475513 
4245 4245 0.0124935 0.000484784 
4246 4246 0.0124758 0.000432981 
4247 4247 0.0123859 0.000400155 
4248 4248 0.0126057 0.00045382 
4249 4249 0.0131177 0.000411104 
4250 4250 0.0127294 0.000439066 
4251 4251 0.0126667 0.000411891 
4252 4252 0.0122025 0.000368512 
4253 4253 0.0122433 0.000354858 
4254 4254 0.0121539 0.000416416 
4255 4255 0.0123989 0.00040974 
4256 4256 0.0129333 0.000386741 
4257 4257 0.0123182 0.00036908 
4258 4258 0.0121475 0.000346758 
4259 4259 0.0122967 0.000404705 
4260 4260 0.0122538 0.000404363 
4261 4261 0.0123357 0.000420736 
4262 4262 0.0122922 0.000464963 
4263 4263 0.014991 0.00045624 
4264 4264 0.0125991 0.000441499 
4265 4265 0.0127643 0.000609893 
4266 4266 0.0132438 0.000452504 
4267 4267 0.013397 0.00050252 
4268 4268 0.0133274 0.000488397 
4269 4269 0.0132709 0.000478213 
4270 4270 0.0134042 0.000479244 
4271 4271 0.0127744 0.000434593 
4272 4272 0.0127012 0.000430147 
4273 4273 0.0126508 0.000382398 
4274 4274 0.0124405 0.000401189 
4275 4275 0.01213 0.000338611 
4276 4276 0.0125739 0.000497963 
4277 4277 0.0131398 0.000501896 
4278 4278 0.0131314 0.000480479 
4279 4279 0.0128846 0.000420568 
4280 4280 0.0134178 0.00046503 
4281 4281 0.0132515 0.000453937 
4282 4282 0.0130275 0.000452255 
4283 4283 0.0125214 0.000387958 
4284 4284 0.0123479 0.000357569 
4285 4285 0.0127909 0.000635516 
4286 4286 0.014648 0.000625492 
4287 4287 0.0143016 0.000685174 
4288 4288 0.0140473 0.000542151 
4289 4289 0.013861 0.000577507 
4290 4290 0.0129794 0.000442292 
4291 4291 0.0125542 0.000409535 
4292 4292 0.01228 0.000492041 
4293 4293 0.0123543 0.000370815 
4294 4294 0.0123274 0.000403053 
4295 4295 0.012706 0.000403255 
4296 4296 0.0128785 0.000421029 
4297 4297 0.012737 0.000442504 
4298 4298 0.0169166 0.000489985 
4299 4299 0.0133378 0.000395097 
4300 4300 0.0125088 0.000358476 
4301 4301 0.0125176 0.000363628 
4302 4302 0.0123638 0.000341714 
4303 4303 0.0140979 0.000477526 
4304 4304 0.0132879 0.000472127 
4305 4305 0.0133002 0.000460082 
4306 4306 0.0131719 0.000409413 
4307 4307 0.0125952 0.000397058 
4308 4308 0.01258 0.000362635 
4309 4309 0.0123794 0.000386987 
4310 4310 0.0124888 0.000316224 
4311 4311 0.0123731 0.000311533 
4312 4312 0.0126645 0.000381409 
4313 4313 0.0148374 0.000555892 
4314 4314 0.0135026 0.000538269 
4315 4315 0.0133714 0.000502134 
4316 4316 0.013028 0.000435974 
4317 4317 0.0129165 0.000457476 
4318 4318 0.0136027 0.000533444 
4319 4319 0.0132887 0.000500346 
4320 4320 0.0136601 0.000624221 
4321 4321 0.0129493 0.000355038 
4322 4322 0.012985 0.000407581 
4323 4323 0.0132763 0.0003867 
4324 4324 0.0130495 0.000356092 
4325 4325 0.0125822 0.000379239 
4326 4326 0.0124244 0.00034817 
4327 4327 0.0127356 0.000338488 
4328 4328 0.0124343 0.000327321 
4329 4329 0.0123542 0.000293317 
4330 4330 0.0125599 0.000404856 
4331 4331 0.0128335 0.000368224 
4332 4332 0.0139295 0.000432156 
4333 4333 0.0128505 0.00042875 
4334 4334 0.0130197 0.000411669 
4335 4335 0.0127943 0.000394647 
4336 4336 0.0126175 0.000376445 
4337 4337 0.012336 0.000331118 
4338 4338 0.0132965 0.000813317 
4339 4339 0.0135809 0.000484486 
4340 4340 0.0134161 0.000457996 
4341 4341 0.0135098 0.000462104 
4342 4342 0.0133246 0.000516338 
4343 4343 0.0131373 0.000402616 
4344 4344 0.0129871 0.000368467 
4345 4345 0.0130162 0.000348138 
4346 4346 0.0125387 0.000306082 
4347 4347 0.0124681 0.000309841 
4348 4348 0.0122124 0.000284617 
4349 4349 0.012772 0.000590242 
4350 4350 0.0139183 0.000568041 
4351 4351 0.0134363 0.000487243 
4352 4352 0.0132208 0.00046344 
4353 4353 0.013285 0.000443508 
4354 4354 0.0128546 0.000393664 
4355 4355 0.0129204 0.000385197 
4356 4356 0.0136611 0.000517082 
4357 4357 0.0139165 0.000458333 
4358 4358 0.0138345 0.00064244 
4359 4359 0.0145705 0.000631959 
4360 4360 0.0134123 0.000559385 
4361 4361 0.0131384 0.000534741 
4362 4362 0.013168 0.000470819 
4363 4363 0.0149401 0.000552617 
4364 4364 0.012882 0.000472312 
4365 4365 0.012639 0.000450058 
4366 4366 0.0126327 0.000453234 
4367 4367 0.0126757 0.000403804 
4368 4368 0.0131464 0.000394718 
4369 4369 0.0129033 0.000461752 
4370 4370 0.013374 0.000424482 
4371 4371 0.0129376 0.000419677 
4372 4372 0.0131264 0.000405009 
4373 4373 0.0127124 0.000388423 
4374 4374 0.0142485 0.000496216 
4375 4375 0.0130717 0.000404956 
4376 4376 0.0128443 0.00036734 
4377 4377 0.0134988 0.000504507 
4378 4378 0.0129234 0.000455921 
4379 4379 0.0132387 0.0004441 
4380 4380 0.0129052 0.000390994 
4381 4381 0.0133937 0.000402671 
4382 4382 0.0126409 0.000393911 
4383 4383 0.0124433 0.000365137 
4384 4384 0.0122413 0.000365355 
4385 4385 0.0124558 0.00035647 
4386 4386 0.012585 0.000441551 
4387 4387 0.0129081 0.000481157 
4388 4388 0.0131002 0.000480162 
4389 4389 0.0129331 0.000428041 
4390 4390 0.0131908 0.000493549 
4391 4391 0.0132884 0.000483624 
4392 4392 0.0132516 0.000467831 
4393 4393 0.0131562 0.000421883 
4394 4394 0.0129118 0.00038916 
4395 4395 0.0129829 0.00045118 
4396 4396 0.0132395 0.000423781 
4397 4397 0.0129539 0.000476123 
4398 4398 0.0133141 0.000410906 
4399 4399 0.0133783 0.000415828 
4400 4400 0.0128957 0.000378646 
4401 4401 0.0126796 0.00034181 
4402 4402 0.012862 0.000440529 
4403 4403 0.0131312 0.000414572 
4404 4404 0.0130638 0.000391592 
4405 4405 0.0127841 0.000451472 
4406 4406 0.0128262 0.000405432 
4407 4407 0.0128864 0.000381508 
4408 4408 0.0126723 0.000388307 
4409 4409 0.0124682 0.00033163 
4410 4410 0.0128723 0.000342624 
4411 4411 0.0129602 0.000523298 
4412 4412 0.0134577 0.000512851 
4413 4413 0.0135986 0.000518366 
4414 4414 0.0136075 0.000537034 
4415 4415 0.0132032 0.000467975 
4416 4416 0.0137483 0.000527778 
4417 4417 0.0133167 0.000454429 
4418 4418 0.0130129 0.000401211 
4419 4419 0.0127988 0.000384935 
4420 4420 0.0129422 0.000362247 
4421 4421 0.0132803 0.000457921 
4422 4422 0.013583 0.000587573 
4423 4423 0.0134502 0.000515134 
4424 4424 0.0131617 0.000520979 
4425 4425 0.0138128 0.000541367 
4426 4426 0.0133176 0.000475113 
4427 4427 0.0131123 0.000490892 
4428 4428 0.0129527 0.000413254 
4429 4429 0.0129711 0.000442706 
4430 4430 0.0130511 0.00040371 
4431 4431 0.0135483 0.000640648 
4432 4432 0.015444 0.000620654 
4433 4433 0.0146048 0.000617345 
4434 4434 0.0142509 0.000597389 
4435 4435 0.0134929 0.000531522 
4436 4436 0.0141601 0.000657356 
4437 4437 0.0136538 0.0004582 
4438 4438 0.0134467 0.000454736 
4439 4439 0.0132847 0.000450122 
4440 4440 0.0132156 0.000427206 
4441 4441 0.0131295 0.000418083 
4442 4442 0.0132376 0.000404641 
4443 4443 0.0130378 0.000597198 
4444 4444 0.0163915 0.000378647 
4445 4445 0.0126028 0.000364594 
4446 4446 0.0129493 0.000351462 
4447 4447 0.0125862 0.000343102 
4448 4448 0.0127114 0.000400641 
4449 4449 0.0138028 0.000565362 
4450 4450 0.0133635 0.000518897 
4451 4451 0.0133998 0.000445259 
4452 4452 0.0133306 0.000438482 
4453 4453 0.0132356 0.000591367 
4454 4454 0.0137615 0.00061015 
4455 4455 0.0135537 0.000542344 
4456 4456 0.0133117 0.000513785 
4457 4457 0.0130869 0.000496204 
4458 4458 0.0130943 0.0004516 
4459 4459 0.0135289 0.000516108 
4460 4460 0.0152865 0.00053092 
4461 4461 0.013185 0.000477954 
4462 4462 0.0134232 0.000564335 
4463 4463 0.0135459 0.000559686 
4464 4464 0.0135186 0.000529929 
4465 4465 0.0135406 0.000528276 
4466 4466 0.0131606 0.000470821 
4467 4467 0.0135518 0.00047989 
4468 4468 0.0131374 0.000452539 
4469 4469 0.0129725 0.000425895 
4470 4470 0.0130062 0.000427016 
4471 4471 0.0131932 0.000521605 
4472 4472 0.0138098 0.00050106 
4473 4473 0.014262 0.000586581 
4474 4474 0.0140968 0.000580297 
4475 4475 0.0143002 0.000554949 
4476 4476 0.0140298 0.000587669 
4477 4477 0.0139531 0.000540478 
4478 4478 0.0144368 0.0005651 
4479 4479 0.014111 0.000545638 
4480 4480 0.0159003 0.000636638 
4481 4481 0.0142967 0.000644519 
4482 4482 0.014103 0.000668102 
4483 4483 0.0155671 0.000657586 
4484 4484 0.0139007 0.000704412 
4485 4485 0.0144026 0.000641217 
4486 4486 0.0140006 0.000582036 
4487 4487 0.0137617 0.000524828 
4488 4488 0.0136674 0.000495383 
4489 4489 0.0138121 0.00052795 
4490 4490 0.0134523 0.000485198 
4491 4491 0.013725 0.000558137 
4492 4492 0.0142134 0.000503171 
4493 4493 0.0136145 0.000482604 
4494 4494 0.0137604 0.000454487 
4495 4495 0.0138006 0.000527521 
4496 4496 0.0136185 0.000467496 
4497 4497 0.0135098 0.000455108 
4498 4498 0.0132868 0.000413347 
4499 4499 0.0131236 0.000467386 
4500 4500 0.013591 0.000618014 
4501 4501 0.0143894 0.000663761 
4502 4502 0.0138904 0.000561992 
4503 4503 0.0135317 0.000524061 
4504 4504 0.0134243 0.000503408 
4505 4505 0.0135433 0.000528018 
4506 4506 0.0135201 0.000497978 
4507 4507 0.0132699 0.000478589 
4508 4508 0.0141993 0.000486809 
4509 4509 0.0136492 0.000451721 
4510 4510 0.0133323 0.000428112 
4511 4511 0.0134201 0.000506556 
4512 4512 0.0137083 0.000510744 
4513 4513 0.0136953 0.000510144 
4514 4514 0.0138713 0.000482354 
4515 4515 0.0135505 0.000440892 
4516 4516 0.0135968 0.000574226 
4517 4517 0.0139065 0.000501828 
4518 4518 0.0137566 0.000536877 
4519 4519 0.0139961 0.000554651 
4520 4520 0.0142442 0.000592105 
4521 4521 0.0141758 0.000594555 
4522 4522 0.0140425 0.000541339 
4523 4523 0.0140457 0.000508787 
4524 4524 0.0135822 0.000448716 
4525 4525 0.0134304 0.000425339 
4526 4526 0.0132614 0.000413214 
4527 4527 0.0134152 0.000409405 
4528 4528 0.0137123 0.000598361 
4529 4529 0.0138908 0.000546644 
4530 4530 0.0146013 0.00047243 
4531 4531 0.0138793 0.000560107 
4532 4532 0.0139643 0.000544367 
4533 4533 0.0140489 0.000468752 
4534 4534 0.0136742 0.000425996 
4535 4535 0.0138293 0.000418708 
4536 4536 0.0138656 0.000432219 
4537 4537 0.0137762 0.000404572 
4538 4538 0.013628 0.000396791 
4539 4539 0.0134184 0.000382379 
4540 4540 0.0139324 0.000434719 
4541 4541 0.013827 0.000398051 
4542 4542 0.0134736 0.000372105 
4543 4543 0.0135245 0.00036891 
4544 4544 0.0133557 0.000376387 
4545 4545 0.0142228 0.000695815 
4546 4546 0.0168562 0.000553079 
4547 4547 0.0138333 0.000510005 
4548 4548 0.0135678 0.000447186 
4549 4549 0.0134141 0.000468954 
4550 4550 0.014699 0.000536813 
4551 4551 0.0142259 0.000562804 
4552 4552 0.0138712 0.000492446 
4553 4553 0.0161377 0.000637161 
4554 4554 0.0141561 0.000517406 
4555 4555 0.0142705 0.000481604 
4556 4556 0.0139592 0.000447711 
4557 4557 0.0136519 0.000460994 
4558 4558 0.0137579 0.000412838 
4559 4559 0.0135924 0.000406401 
4560 4560 0.0134851 0.000387831 
4561 4561 0.0136945 0.00053646 
4562 4562 0.0139933 0.000547071 
4563 4563 0.0140733 0.000494357 
4564 4564 0.0140291 0.000497371 
4565 4565 0.013977 0.00044459 
4566 4566 0.014059 0.000481293 
4567 4567 0.0137885 0.000396138 
4568 4568 0.0133508 0.00037537 
4569 4569 0.013691 0.000666633 
4570 4570 0.0153853 0.000670296 
4571 4571 0.0155331 0.000661668 
4572 4572 0.0151473 0.000644863 
4573 4573 0.014343 0.000611988 
4574 4574 0.0143015 0.000509305 
4575 4575 0.0143141 0.000479337 
4576 4576 0.0141413 0.000552904 
4577 4577 0.013635 0.000520884 
4578 4578 0.0144834 0.000589652 
4579 4579 0.0160707 0.000435146 
4580 4580 0.0133893 0.000399907 
4581 4581 0.0137061 0.000502696 
4582 4582 0.0136805 0.00045985 
4583 4583 0.0140202 0.000589307 
4584 4584 0.0137945 0.00050714 
4585 4585 0.0136218 0.000435499 
4586 4586 0.0137063 0.000472593 
4587 4587 0.0153139 0.000457321 
4588 4588 0.0137902 0.00039841 
4589 4589 0.0132834 0.00036635 
4590 4590 0.0130162 0.000349958 
4591 4591 0.0142585 0.000606575 
4592 4592 0.0141014 0.000617054 
4593 4593 0.0146289 0.000545657 
4594 4594 0.0143479 0.000515341 
4595 4595 0.0135859 0.000463711 
4596 4596 0.0156139 0.000626153 
4597 4597 0.0140721 0.000578175 
4598 4598 0.0139986 0.000557153 
4599 4599 0.0138327 0.000565077 
4600 4600 0.0140734 0.00055878 
4601 4601 0.0138704 0.000513835 
4602 4602 0.0139464 0.000564059 
4603 4603 0.0160514 0.000704793 
4604 4604 0.0150946 0.000687618 
4605 4605 0.0158042 0.000774794 
4606 4606 0.015236 0.000714223 
4607 4607 0.0151564 0.00067613 
4608 4608 0.0150836 0.000662584 
4609 4609 0.0145758 0.000605066 
4610 4610 0.0144904 0.000687243 
4611 4611 0.0146502 0.000931985 
4612 4612 0.0144741 0.000653023 
4613 4613 0.0144118 0.000687327 
4614 4614 0.0151818 0.000672768 
4615 4615 0.0146724 0.00067151 
4616 4616 0.0142782 0.000747316 
4617 4617 0.0141406 0.000643068 
4618 4618 0.0141088 0.00100445 
4619 4619 0.016279 0.00068389 
4620 4620 0.0149181 0.000698927 
4621 4621 0.0150411 0.00068712 
4622 4622 0.0147103 0.000705074 
4623 4623 0.0146878 0.000700658 
4624 4624 0.0145838 0.000686111 
4625 4625 0.0143489 0.000611407 
4626 4626 0.014047 0.000587974 
4627 4627 0.0143543 0.000667515 
4628 4628 0.0142008 0.000619534 
4629 4629 0.0141171 0.000615591 
4630 4630 0.0149833 0.000679512 
4631 4631 0.014621 0.000686513 
4632 4632 0.0148328 0.000688203 
4633 4633 0.0148715 0.000690094 
4634 4634 0.014949 0.000689084 
4635 4635 0.014768 0.000674692 
4636 4636 0.0141626 0.000636512 
4637 4637 0.0140315 0.000570114 
4638 4638 0.0138777 0.000536995 
4639 4639 0.014238 0.000571333 
4640 4640 0.0142143 0.000721111 
4641 4641 0.0140977 0.000511138 
4642 4642 0.0137874 0.000443013 
4643 4643 0.0137817 0.000423634 
4644 4644 0.0134537 0.000398987 
4645 4645 0.0134187 0.000398539 
4646 4646 0.0135668 0.00043088 
4647 4647 0.0138391 0.000462667 
4648 4648 0.0136437 0.000484273 
4649 4649 0.0135866 0.000492869 
4650 4650 0.013551 0.000430127 
4651 4651 0.0134166 0.000405479 
4652 4652 0.0133719 0.000395855 
4653 4653 0.0138793 0.000460202 
4654 4654 0.014053 0.000475948 
4655 4655 0.0138685 0.000450076 
4656 4656 0.0135844 0.000387422 
4657 4657 0.013868 0.000368287 
4658 4658 0.0142271 0.000413945 
4659 4659 0.0139124 0.000404874 
4660 4660 0.013625 0.000506462 
4661 4661 0.0138897 0.000466609 
4662 4662 0.0143982 0.000588114 
4663 4663 0.0146865 0.000557886 
4664 4664 0.0141392 0.000479912 
4665 4665 0.0141025 0.000491895 
4666 4666 0.0142898 0.000540527 
4667 4667 0.0141197 0.000476216 
4668 4668 0.0144699 0.000474318 
4669 4669 0.0139681 0.000474775 
4670 4670 0.0137301 0.000441644 
4671 4671 0.01421 0.000472656 
4672 4672 0.0141281 0.000438869 
4673 4673 0.0141506 0.000401964 
4674 4674 0.0136762 0.000361613 
4675 4675 0.0141674 0.000420482 
4676 4676 0.0138012 0.0003886 
4677 4677 0.0140999 0.000439077 
4678 4678 0.0139272 0.00039966 
4679 4679 0.0137416 0.000407442 
4680 4680 0.014029 0.000555279 
4681 4681 0.0144027 0.000511616 
4682 4682 0.0143119 0.000448078 
4683 4683 0.0141664 0.000407306 
4684 4684 0.0137954 0.000429898 
4685 4685 0.014086 0.000505676 
4686 4686 0.0144742 0.000551776 
4687 4687 0.0153852 0.000530578 
4688 4688 0.0242186 0.000752601 
4689 4689 0.0170657 0.000524431 
4690 4690 0.0142855 0.000451995 
4691 4691 0.0141915 0.000431731 
4692 4692 0.0138725 0.00042379 
4693 4693 0.0137432 0.000401993 
4694 4694 0.015086 0.000591407 
4695 4695 0.0147504 0.000621178 
4696 4696 0.0147146 0.00055628 
4697 4697 0.0143868 0.000551483 
4698 4698 0.014382 0.000560686 
4699 4699 0.0151874 0.000468946 
4700 4700 0.0142854 0.000520536 
4701 4701 0.0147707 0.000586989 
4702 4702 0.0174585 0.000669698 
4703 4703 0.0152044 0.000678757 
4704 4704 0.0157566 0.000637073 
4705 4705 0.0147058 0.000632145 
4706 4706 0.0154513 0.000648003 
4707 4707 0.0147447 0.000605581 
4708 4708 0.0151313 0.000551146 
4709 4709 0.0141842 0.000524789 
4710 4710 0.0150627 0.000497128 
4711 4711 0.0150126 0.000434159 
4712 4712 0.0139601 0.000442178 
4713 4713 0.0138525 0.000444061 
4714 4714 0.0139709 0.000417718 
4715 4715 0.0137801 0.000493929 
4716 4716 0.0137677 0.000352513 
4717 4717 0.0135009 0.000335197 
4718 4718 0.0135989 0.000391377 
4719 4719 0.0140661 0.000390592 
4720 4720 0.0141389 0.000375844 
4721 4721 0.0136998 0.000352014 
4722 4722 0.0138171 0.000421582 
4723 4723 0.0140194 0.000416935 
4724 4724 0.013826 0.000371478 
4725 4725 0.0147313 0.000476262 
4726 4726 0.0142376 0.000423767 
4727 4727 0.0139322 0.000434333 
4728 4728 0.0139447 0.000444508 
4729 4729 0.0166973 0.000563212 
4730 4730 0.0150993 0.000558486 
4731 4731 0.0145019 0.000540262 
4732 4732 0.0146971 0.000529973 
4733 4733 0.0147227 0.000486284 
4734 4734 0.0142285 0.000442425 
4735 4735 0.0140879 0.000629663 
4736 4736 0.0143089 0.000441954 
4737 4737 0.0142906 0.000384084 
4738 4738 0.014089 0.000348701 
4739 4739 0.0137653 0.000349093 
4740 4740 0.0138114 0.000317265 
4741 4741 0.0137333 0.000307669 
4742 4742 0.015193 0.000510978 
4743 4743 0.0143458 0.000460136 
4744 4744 0.0141862 0.000431524 
4745 4745 0.0138327 0.000404081 
4746 4746 0.0137394 0.000383767 
4747 4747 0.0137576 0.000381848 
4748 4748 0.0140837 0.000412204 
4749 4749 0.0136888 0.00037804 
4750 4750 0.0138596 0.000510172 
4751 4751 0.0152488 0.000633488 
4752 4752 0.0156814 0.000662339 
4753 4753 0.0150187 0.000618729 
4754 4754 0.0146741 0.00053937 
4755 4755 0.0145568 0.000522356 
4756 4756 0.0140795 0.000438326 
4757 4757 0.0139049 0.000419904 
4758 4758 0.0138619 0.000403395 
4759 4759 0.0151761 0.000648783 
4760 4760 0.0149041 0.000615083 
4761 4761 0.0164327 0.000641703 
4762 4762 0.0147443 0.000615387 
4763 4763 0.0148381 0.000579884 
4764 4764 0.0149866 0.000576309 
4765 4765 0.0150251 0.000553872 
4766 4766 0.0145559 0.000515331 
4767 4767 0.0144483 0.000436774 
4768 4768 0.0145156 0.000699121 
4769 4769 0.0148249 0.000677934 
4770 4770 0.0146187 0.000593398 
4771 4771 0.014459 0.000547312 
4772 4772 0.0144059 0.000550824 
4773 4773 0.0147115 0.00051662 
4774 4774 0.0144812 0.000519802 
4775 4775 0.0142455 0.00049718 
4776 4776 0.0139852 0.000485231 
4777 4777 0.0143272 0.000513563 
4778 4778 0.0140033 0.000481516 
4779 4779 0.0147028 0.000536297 
4780 4780 0.0142581 0.000478701 
4781 4781 0.014077 0.000438824 
4782 4782 0.0144096 0.0004089 
4783 4783 0.0138139 0.000392572 
4784 4784 0.0137173 0.000443396 
4785 4785 0.0155137 0.000591549 
4786 4786 0.0146551 0.000575712 
4787 4787 0.0146227 0.000580064 
4788 4788 0.0160334 0.000657744 
4789 4789 0.0157501 0.000709498 
4790 4790 0.0148411 0.000682973 
4791 4791 0.015107 0.000715482 
4792 4792 0.0150976 0.000718427 
4793 4793 0.0154519 0.000727926 
4794 4794 0.015033 0.000716291 
4795 4795 0.0156976 0.000679657 
4796 4796 0.0146095 0.000635973 
4797 4797 0.0147508 0.000644163 
4798 4798 0.0145483 0.000626138 
4799 4799 0.0143156 0.000592505 
4800 4800 0.0143077 0.000541775 
4801 4801 0.0148122 0.000672733 
4802 4802 0.0142703 0.000558464 
4803 4803 0.0141627 0.000584079 
4804 4804 0.0141058 0.000513433 
4805 4805 0.0139995 0.000494009 
4806 4806 0.0138341 0.000462389 
4807 4807 0.0142109 0.000527809 
4808 4808 0.0142023 0.000422515 
4809 4809 0.0139109 0.000431758 
4810 4810 0.0138058 0.000382581 
4811 4811 0.0139524 0.000381883 
4812 4812 0.0143002 0.000403896 
4813 4813 0.0137616 0.000374891 
4814 4814 0.0138181 0.000404084 
4815 4815 0.0137551 0.000378497 
4816 4816 0.0142681 0.000456096 
4817 4817 0.0147975 0.000614049 
4818 4818 0.015557 0.000636012 
4819 4819 0.0157374 0.000589732 
4820 4820 0.0146107 0.000515902 
4821 4821 0.0143809 0.000484764 
4822 4822 0.0140919 0.000425103 
4823 4823 0.0140089 0.000411199 
4824 4824 0.0140593 0.000438403 
4825 4825 0.0140885 0.000405164 
4826 4826 0.0145679 0.000481338 
4827 4827 0.0145226 0.000483964 
4828 4828 0.0147706 0.000546084 
4829 4829 0.0152389 0.000544938 
4830 4830 0.0153251 0.000539858 
4831 4831 0.0148609 0.00047861 
4832 4832 0.0143962 0.000425076 
4833 4833 0.0142575 0.000387112 
4834 4834 0.0142224 0.000485395 
4835 4835 0.0152919 0.00111405 
4836 4836 0.0152639 0.000720342 
4837 4837 0.0155931 0.000756652 
4838 4838 0.0150717 0.00063396 
4839 4839 0.0153345 0.000641022 
4840 4840 0.0154024 0.000654489 
4841 4841 0.0193941 0.000634502 
4842 4842 0.0157594 0.000543281 
4843 4843 0.0148725 0.000548413 
4844 4844 0.0152128 0.000577084 
4845 4845 0.0152872 0.000533909 
4846 4846 0.0144981 0.00046324 
4847 4847 0.0142361 0.000423187 
4848 4848 0.0143824 0.00042553 
4849 4849 0.0160326 0.000455339 
4850 4850 0.0148534 0.000439948 
4851 4851 0.014591 0.000458783 
4852 4852 0.0150316 0.000478387 
4853 4853 0.0145997 0.00040631 
4854 4854 0.0142092 0.000452668 
4855 4855 0.0140779 0.00033671 
4856 4856 0.0145136 0.000434068 
4857 4857 0.0146737 0.000458067 
4858 4858 0.0145724 0.0004131 
4859 4859 0.0146133 0.000527336 
4860 4860 0.0152605 0.000544027 
4861 4861 0.0148633 0.000492441 
4862 4862 0.0150169 0.000637115 
4863 4863 0.0151021 0.000563972 
4864 4864 0.0148137 0.000500333 
4865 4865 0.0155477 0.00058041 
4866 4866 0.0162008 0.000640753 
4867 4867 0.0153225 0.000539747 
4868 4868 0.0152155 0.000496516 
4869 4869 0.0147258 0.000467445 
4870 4870 0.0149633 0.000433313 
4871 4871 0.0151897 0.000482132 
4872 4872 0.0181705 0.000479117 
4873 4873 0.0146441 0.000420942 
4874 4874 0.0143697 0.000400366 
4875 4875 0.0139882 0.000385824 
4876 4876 0.0139694 0.000382097 
4877 4877 0.0140298 0.000399787 
4878 4878 0.0148073 0.000482104 
4879 4879 0.0142935 0.00039641 
4880 4880 0.0147759 0.000582063 
4881 4881 0.022509 0.000730639 
4882 4882 0.0159606 0.000735836 
4883 4883 0.0155539 0.00072169 
4884 4884 0.0154988 0.000735681 
4885 4885 0.015163 0.000704373 
4886 4886 0.0151367 0.000720972 
4887 4887 0.0150698 0.000611326 
4888 4888 0.0146319 0.00056091 
4889 4889 0.0147513 0.000600257 
4890 4890 0.0149452 0.000614584 
4891 4891 0.0153802 0.000716185 
4892 4892 0.0165848 0.000739822 
4893 4893 0.0152836 0.00070923 
4894 4894 0.0155123 0.000724418 
4895 4895 0.0156075 0.000766316 
4896 4896 0.0150231 0.000671768 
4897 4897 0.0150143 0.000662818 
4898 4898 0.0153498 0.000729662 
4899 4899 0.0150127 0.000661168 
4900 4900 0.0148579 0.000608546 
4901 4901 0.0152405 0.00060355 
4902 4902 0.0149639 0.000575761 
4903 4903 0.0149901 0.00057661 
4904 4904 0.0149563 0.000548907 
4905 4905 0.0150277 0.000567377 
4906 4906 0.014626 0.000511116 
4907 4907 0.0147405 0.00049416 
4908 4908 0.0146692 0.000460434 
4909 4909 0.0142882 0.000420794 
4910 4910 0.014173 0.000392982 
4911 4911 0.01488 0.000455465 
4912 4912 0.0151717 0.00043274 
4913 4913 0.0150659 0.000596641 
4914 4914 0.0147355 0.000453729 
4915 4915 0.0145299 0.000423727 
4916 4916 0.0143228 0.000407307 
4917 4917 0.0150358 0.000514104 
4918 4918 0.0146864 0.000483762 
4919 4919 0.0168415 0.000481797 
4920 4920 0.0152434 0.000485301 
4921 4921 0.0154544 0.000485522 
4922 4922 0.0153393 0.000430216 
4923 4923 0.0151534 0.000607353 
4924 4924 0.0158324 0.000537398 
4925 4925 0.0149957 0.000565799 
4926 4926 0.0151459 0.000546476 
4927 4927 0.0154846 0.000675821 
4928 4928 0.0161654 0.000676179 
4929 4929 0.0156401 0.00061956 
4930 4930 0.0152913 0.000515918 
4931 4931 0.0150679 0.000561065 
4932 4932 0.015798 0.000555554 
4933 4933 0.0152226 0.000613341 
4934 4934 0.015128 0.000444564 
4935 4935 0.0150898 0.000436369 
4936 4936 0.0145367 0.000403456 
4937 4937 0.0144509 0.000387879 
4938 4938 0.0144 0.000386423 
4939 4939 0.0148785 0.000439886 
4940 4940 0.0150648 0.000388639 
4941 4941 0.0145415 0.00042353 
4942 4942 0.0145783 0.000408348 
4943 4943 0.0150581 0.000653902 
4944 4944 0.0160013 0.000675297 
4945 4945 0.0157532 0.000582537 
4946 4946 0.0153995 0.000576939 
4947 4947 0.0153086 0.000506183 
4948 4948 0.0146842 0.00047166 
4949 4949 0.0145398 0.000425016 
4950 4950 0.0143733 0.000411126 
4951 4951 0.0142143 0.000410607 
4952 4952 0.0144624 0.000395554 
4953 4953 0.0149622 0.000477956 
4954 4954 0.0161322 0.000583112 
4955 4955 0.0159877 0.000581161 
4956 4956 0.0155226 0.000580492 
4957 4957 0.0153912 0.000472616 
4958 4958 0.0147585 0.000438657 
4959 4959 0.0145232 0.000413724 
4960 4960 0.0147283 0.000533409 
4961 4961 0.0153185 0.000628718 
4962 4962 0.0159631 0.000737311 
4963 4963 0.0155482 0.000670128 
4964 4964 0.0181752 0.000684278 
4965 4965 0.0165338 0.00070173 
4966 4966 0.0163649 0.000718762 
4967 4967 0.0169008 0.000658952 
4968 4968 0.0222442 0.000936506 
4969 4969 0.0208476 0.000531168 
4970 4970 0.0150614 0.00050642 
4971 4971 0.0173169 0.000548561 
4972 4972 0.0208514 0.000482644 
4973 4973 0.0144395 0.000445947 
4974 4974 0.0146161 0.000657247 
4975 4975 0.0148757 0.000554724 
4976 4976 0.0146209 0.000501998 
4977 4977 0.0151965 0.000621413 
4978 4978 0.015234 0.000583483 
4979 4979 0.015234 0.000558445 
4980 4980 0.015126 0.000513485 
4981 4981 0.0151126 0.000515673 
4982 4982 0.0145738 0.000493234 
4983 4983 0.0144667 0.000463854 
4984 4984 0.0147669 0.000629255 
4985 4985 0.0152458 0.000604118 
4986 4986 0.0154335 0.000506153 
4987 4987 0.0156664 0.000650255 
4988 4988 0.019267 0.000689561 
4989 4989 0.0153955 0.000581834 
4990 4990 0.0154482 0.000576513 
4991 4991 0.0151625 0.000524812 
4992 4992 0.0149229 0.000489805 
4993 4993 0.0147533 0.000472105 
4994 4994 0.0176603 0.000592514 
4995 4995 0.0150546 0.00050349 
4996 4996 0.0146634 0.000481943 
4997 4997 0.0151612 0.000543434 
4998 4998 0.0148262 0.000473285 
4999 4999 0.0155238 0.000494751 
5000 5000 0.0149175 0.000450151 
5001 5001 0.014804 0.000427234 
5002 5002 0.0146116 0.000412709 
5003 5003 0.0148198 0.000556389 
5004 5004 0.0155946 0.000574733 
5005 5005 0.0156149 0.000677714 
5006 5006 0.015911 0.000603695 
5007 5007 0.0154173 0.000562482 
5008 5008 0.0151901 0.000509495 
5009 5009 0.0148511 0.000474762 
5010 5010 0.0148802 0.000481919 
5011 5011 0.0148196 0.00044072 
5012 5012 0.0151017 0.000437551 
5013 5013 0.0144839 0.000403974 
5014 5014 0.0149752 0.000503256 
5015 5015 0.0156472 0.00116199 
5016 5016 0.0160072 0.000632403 
5017 5017 0.0159165 0.000580762 
5018 5018 0.0154091 0.000514285 
5019 5019 0.0150004 0.000470943 
5020 5020 0.0147289 0.000443627 
5021 5021 0.0149128 0.000554811 
5022 5022 0.0154072 0.000721985 
5023 5023 0.0160279 0.000721341 
5024 5024 0.0152244 0.000648575 
5025 5025 0.0157627 0.000647436 
5026 5026 0.0150194 0.000612482 
5027 5027 0.0149254 0.00055825 
5028 5028 0.0149356 0.000542029 
5029 5029 0.02538 0.00071075 
5030 5030 0.0154172 0.000616534 
5031 5031 0.0156409 0.000586875 
5032 5032 0.0150146 0.000509051 
5033 5033 0.0146661 0.000477237 
5034 5034 0.0145336 0.000466169 
5035 5035 0.0143281 0.000427126 
5036 5036 0.0162657 0.000652378 
5037 5037 0.0156692 0.000636004 
5038 5038 0.0151114 0.00051959 
5039 5039 0.0149637 0.000502714 
5040 5040 0.0145943 0.000465907 
5041 5041 0.0154577 0.000575823 
5042 5042 0.0165348 0.000594864 
5043 5043 0.0154686 0.00055628 
5044 5044 0.0149838 0.000500178 
5045 5045 0.0148149 0.00048806 
5046 5046 0.0159365 0.000726205 
5047 5047 0.0152824 0.000669896 
5048 5048 0.0150053 0.000540759 
5049 5049 0.0154311 0.000703759 
5050 5050 0.0153734 0.000643031 
5051 5051 0.0150862 0.000564758 
5052 5052 0.0156155 0.000604755 
5053 5053 0.0149177 0.000559692 
5054 5054 0.0148999 0.000493976 
5055 5055 0.0176791 0.000568061 
5056 5056 0.0169419 0.000563289 
5057 5057 0.0149223 0.00050693 
5058 5058 0.0149582 0.000491644 
5059 5059 0.0144865 0.000473173 
5060 5060 0.0145229 0.000441675 
5061 5061 0.0147971 0.000473233 
5062 5062 0.0145056 0.000447983 
5063 5063 0.014513 0.000429106 
5064 5064 0.0153224 0.000661712 
5065 5065 0.0151789 0.000602154 
5066 5066 0.0150952 0.000601499 
5067 5067 0.0154025 0.0019995 
5068 5068 0.0158009 0.000544735 
5069 5069 0.0152713 0.000552365 
5070 5070 0.0154666 0.000502002 
5071 5071 0.0150195 0.000468401 
5072 5072 0.014713 0.000452112 
5073 5073 0.0145356 0.000423851 
5074 5074 0.0148092 0.000424343 
5075 5075 0.0147098 0.000433816 
5076 5076 0.0153681 0.000585199 
5077 5077 0.0155569 0.00061813 
5078 5078 0.015728 0.000610579 
5079 5079 0.0155702 0.000564186 
5080 5080 0.0153482 0.000521293 
5081 5081 0.0152585 0.000503317 
5082 5082 0.014812 0.00047107 
5083 5083 0.0149917 0.000534768 
5084 5084 0.0156205 0.000721456 
5085 5085 0.015648 0.000731161 
5086 5086 0.0158253 0.000613173 
5087 5087 0.016009 0.000611384 
5088 5088 0.0174264 0.000725518 
5089 5089 0.0167188 0.000697172 
5090 5090 0.0163854 0.000726536 
5091 5091 0.0163191 0.000600062 
5092 5092 0.0151645 0.000613248 
5093 5093 0.0165991 0.000656586 
5094 5094 0.0210655 0.000789279 
5095 5095 0.0154506 0.000664198 
5096 5096 0.015525 0.000631797 
5097 5097 0.0174155 0.000830363 
5098 5098 0.0175054 0.000555135 
5099 5099 0.015573 0.000522878 
5100 5100 0.0167114 0.000511376 
5101 5101 0.0149689 0.000484668 
5102 5102 0.0152044 0.000461717 
5103 5103 0.0161673 0.000552751 
5104 5104 0.0154649 0.000676893 
5105 5105 0.0193748 0.000561627 
5106 5106 0.0151316 0.00052131 
5107 5107 0.0161166 0.000623885 
5108 5108 0.0160574 0.000655243 
5109 5109 0.0158729 0.000660183 
5110 5110 0.0163372 0.000617889 
5111 5111 0.0163571 0.000632337 
5112 5112 0.0159556 0.00059041 
5113 5113 0.016124 0.000539733 
5114 5114 0.015386 0.000480617 
5115 5115 0.0152344 0.000449403 
5116 5116 0.0152849 0.000484042 
5117 5117 0.015438 0.0004496 
5118 5118 0.0152248 0.0004413 
5119 5119 0.0152527 0.000438431 
5120 5120 0.015007 0.00044311 
5121 5121 0.0150501 0.000441562 
5122 5122 0.0149923 0.000423776 
5123 5123 0.0150302 0.000422935 
5124 5124 0.0151726 0.000541381 
5125 5125 0.0155107 0.000482018 
5126 5126 0.0154459 0.000432887 
5127 5127 0.0155131 0.000464589 
5128 5128 0.0167272 0.000759339 
5129 5129 0.0161765 0.000605398 
5130 5130 0.0159245 0.000562076 
5131 5131 0.0156575 0.000503346 
5132 5132 0.0151277 0.000474871 
5133 5133 0.0150939 0.000475841 
5134 5134 0.0149382 0.000413929 
5135 5135 0.0148874 0.000402163 
5136 5136 0.0151079 0.000524861 
5137 5137 0.0161006 0.000562028 
5138 5138 0.0161085 0.000657874 
5139 5139 0.0164256 0.000635085 
5140 5140 0.0161699 0.000550237 
5141 5141 0.015831 0.000476138 
5142 5142 0.0153345 0.000448981 
5143 5143 0.015314 0.000466822 
5144 5144 0.0162469 0.00051617 
5145 5145 0.0164602 0.000917563 
5146 5146 0.0157234 0.000358558 
5147 5147 0.0157624 0.000377854 
5148 5148 0.0157284 0.000353095 
5149 5149 0.015126 0.000342674 
5150 5150 0.0155369 0.000321946 
5151 5151 0.0239339 0.000732569 
5152 5152 0.0155637 0.000597796 
5153 5153 0.0156149 0.000755094 
5154 5154 0.015357 0.000363519 
5155 5155 0.0149093 0.000349746 
5156 5156 0.0152185 0.000362061 
5157 5157 0.0153406 0.000343664 
5158 5158 0.0164872 0.000646151 
5159 5159 0.0159499 0.000587132 
5160 5160 0.0155366 0.000550735 
5161 5161 0.0160591 0.000606679 
5162 5162 0.0160388 0.00056656 
5163 5163 0.0154982 0.000528516 
5164 5164 0.0150656 0.000501473 
5165 5165 0.0154624 0.000582002 
5166 5166 0.015291 0.000568678 
5167 5167 0.0155985 0.00056093 
5168 5168 0.0165333 0.000628869 
5169 5169 0.016599 0.00070813 
5170 5170 0.0160477 0.000603141 
5171 5171 0.0156913 0.000648739 
5172 5172 0.0156826 0.000622069 
5173 5173 0.0171148 0.000704252 
5174 5174 0.0157491 0.000595562 
5175 5175 0.0156274 0.000568309 
5176 5176 0.0160242 0.000590628 
5177 5177 0.0157368 0.000541538 
5178 5178 0.0159703 0.000504806 
5179 5179 0.0152024 0.000469165 
5180 5180 0.0153978 0.000549891 
5181 5181 0.0153739 0.00048991 
5182 5182 0.0153193 0.000476214 
5183 5183 0.0152175 0.00043957 
5184 5184 0.0153592 0.000518401 
5185 5185 0.0156606 0.000496503 
5186 5186 0.0158032 0.000466584 
5187 5187 0.0153082 0.000433516 
5188 5188 0.0154126 0.000518435 
5189 5189 0.0157987 0.000716175 
5190 5190 0.0161928 0.000632729 
5191 5191 0.0164004 0.000576659 
5192 5192 0.0159029 0.00053174 
5193 5193 0.0160053 0.000526667 
5194 5194 0.0155837 0.000511017 
5195 5195 0.0155596 0.000517953 
5196 5196 0.0153242 0.000450384 
5197 5197 0.0159534 0.000592769 
5198 5198 0.0168671 0.000556393 
5199 5199 0.0163612 0.000628828 
5200 5200 0.0162538 0.000611744 
5201 5201 0.0164055 0.000520786 
5202 5202 0.0161119 0.000711918 
5203 5203 0.0161491 0.000534938 
5204 5204 0.016558 0.00052182 
5205 5205 0.0164593 0.000771199 
5206 5206 0.0162196 0.000718066 
5207 5207 0.0199699 0.000703675 
5208 5208 0.0174825 0.000723146 
5209 5209 0.0161643 0.000696919 
5210 5210 0.0166087 0.000741996 
5211 5211 0.0179689 0.000684859 
5212 5212 0.0169708 0.000636575 
5213 5213 0.0154968 0.000620724 
5214 5214 0.0153985 0.000576435 
5215 5215 0.0157039 0.000555145 
5216 5216 0.0153781 0.000641059 
5217 5217 0.0158923 0.000559397 
5218 5218 0.0163683 0.000613741 
5219 5219 0.0159156 0.000643551 
5220 5220 0.0198642 0.000582708 
5221 5221 0.0156527 0.000592479 
5222 5222 0.0174812 0.00058526 
5223 5223 0.0154794 0.000531598 
5224 5224 0.0186215 0.000565594 
5225 5225 0.0158745 0.000548483 
5226 5226 0.0165517 0.000766421 
5227 5227 0.0165757 0.000752311 
5228 5228 0.0164827 0.000712076 
5229 5229 0.0158188 0.00063423 
5230 5230 0.0170164 0.000748858 
5231 5231 0.016788 0.000670252 
5232 5232 0.0170999 0.00067826 
5233 5233 0.0167501 0.000598077 
5234 5234 0.0161568 0.000540193 
5235 5235 0.0159026 0.000695847 
5236 5236 0.0163094 0.000652769 
5237 5237 0.0181058 0.000800695 
5238 5238 0.0171732 0.000818372 
5239 5239 0.0182278 0.000847945 
5240 5240 0.0173716 0.000784484 
5241 5241 0.0167624 0.00076258 
5242 5242 0.0160602 0.000707788 
5243 5243 0.0159037 0.000686158 
5244 5244 0.015684 0.000629378 
5245 5245 0.0159347 0.000617887 
5246 5246 0.0161634 0.0007944 
5247 5247 0.0169548 0.000794214 
5248 5248 0.0165706 0.000776915 
5249 5249 0.0167307 0.000803743 
5250 5250 0.0163652 0.000773208 
5251 5251 0.015965 0.000695692 
5252 5252 0.0157924 0.000649395 
5253 5253 0.0158935 0.000632912 
5254 5254 0.0161916 0.000673467 
5255 5255 0.017972 0.000777081 
5256 5256 0.0171277 0.00082404 
5257 5257 0.0182676 0.000800232 
5258 5258 0.0166312 0.000782459 
5259 5259 0.016034 0.000720757 
5260 5260 0.0158768 0.000676169 
5261 5261 0.0164699 0.000693961 
5262 5262 0.0162806 0.000716075 
5263 5263 0.0163298 0.000751125 
5264 5264 0.016318 0.000776532 
5265 5265 0.0165927 0.000781604 
5266 5266 0.0165435 0.000790392 
5267 5267 0.016492 0.000808161 
5268 5268 0.016494 0.000780253 
5269 5269 0.0163061 0.000805484 
5270 5270 0.0163807 0.000674717 
5271 5271 0.0158695 0.000627978 
5272 5272 0.0157512 0.000598749 
5273 5273 0.0156167 0.000573545 
5274 5274 0.0159689 0.000617629 
5275 5275 0.0162815 0.000564034 
5276 5276 0.0156149 0.000531496 
5277 5277 0.0154304 0.000522225 
5278 5278 0.0153217 0.00052568 
5279 5279 0.0154609 0.00053202 
5280 5280 0.0153659 0.000517886 
5281 5281 0.0158617 0.000507958 
5282 5282 0.0166183 0.000500877 
5283 5283 0.0157202 0.000726469 
5284 5284 0.016552 0.000453252 
5285 5285 0.0159217 0.000446172 
5286 5286 0.0169995 0.000663803 
5287 5287 0.0162439 0.000594875 
5288 5288 0.0162428 0.000620114 
5289 5289 0.0160735 0.000598995 
5290 5290 0.0159056 0.000591433 
5291 5291 0.0156849 0.000517828 
5292 5292 0.0169683 0.000626719 
5293 5293 0.0158649 0.00056678 
5294 5294 0.0156462 0.00053287 
5295 5295 0.0156171 0.000517913 
5296 5296 0.015816 0.000525986 
5297 5297 0.0157911 0.000514863 
5298 5298 0.0155257 0.000558735 
5299 5299 0.0158201 0.000517154 
5300 5300 0.0160417 0.000566836 
5301 5301 0.0156181 0.000520301 
5302 5302 0.015617 0.000491498 
5303 5303 0.0152752 0.000477695 
5304 5304 0.015146 0.000446982 
5305 5305 0.0169312 0.000833299 
5306 5306 0.0174 0.000707497 
5307 5307 0.0167487 0.000928849 
5308 5308 0.0160666 0.000615691 
5309 5309 0.0157576 0.00057005 
5310 5310 0.0158082 0.000551887 
5311 5311 0.0155452 0.000515606 
5312 5312 0.0154095 0.000500167 
5313 5313 0.015474 0.000495996 
5314 5314 0.0160759 0.000803672 
5315 5315 0.0169656 0.000659979 
5316 5316 0.0163698 0.000670619 
5317 5317 0.0160825 0.000639967 
5318 5318 0.0169123 0.000692758 
5319 5319 0.0160651 0.00060801 
5320 5320 0.0161237 0.000699179 
5321 5321 0.0159659 0.000676213 
5322 5322 0.017814 0.000748874 
5323 5323 0.016288 0.000730205 
5324 5324 0.0159638 0.000622413 
5325 5325 0.0160491 0.000750604 
5326 5326 0.0168626 0.000717866 
5327 5327 0.0173124 0.000993718 
5328 5328 0.0167232 0.000695735 
5329 5329 0.016678 0.000644149 
5330 5330 0.0163976 0.000644943 
5331 5331 0.016144 0.000624014 
5332 5332 0.0191956 0.000709048 
5333 5333 0.0172438 0.000552868 
5334 5334 0.0197577 0.000726746 
5335 5335 0.0210368 0.000534297 
5336 5336 0.0183542 0.000515868 
5337 5337 0.015722 0.000488382 
5338 5338 0.0154534 0.00048376 
5339 5339 0.0153615 0.000467955 
5340 5340 0.0179131 0.000461349 
5341 5341 0.0156124 0.000536212 
5342 5342 0.0155586 0.000493454 
5343 5343 0.0155899 0.000501403 
5344 5344 0.0161649 0.000794131 
5345 5345 0.016583 0.0008279 
5346 5346 0.0166673 0.000690537 
5347 5347 0.016402 0.000672478 
5348 5348 0.0161623 0.000671806 
5349 5349 0.0164037 0.000655957 
5350 5350 0.0161103 0.000589354 
5351 5351 0.0190631 0.000797801 
5352 5352 0.0163507 0.000603952 
5353 5353 0.0160913 0.000540477 
5354 5354 0.0157754 0.000521168 
5355 5355 0.0158578 0.000549811 
5356 5356 0.0160049 0.000528619 
5357 5357 0.0163599 0.00047602 
5358 5358 0.0159666 0.000538383 
5359 5359 0.0155344 0.000485118 
5360 5360 0.0152769 0.000450308 
5361 5361 0.0152515 0.000441008 
5362 5362 0.0154054 0.000452978 
5363 5363 0.0164892 0.000644365 
5364 5364 0.0168335 0.000760226 
5365 5365 0.0173417 0.000654049 
5366 5366 0.0165053 0.000589519 
5367 5367 0.0161445 0.000564852 
5368 5368 0.0187872 0.000693316 
5369 5369 0.0166944 0.000632869 
5370 5370 0.0173557 0.00055524 
5371 5371 0.0168326 0.000585921 
5372 5372 0.016876 0.000621365 
5373 5373 0.0169945 0.000639757 
5374 5374 0.0165667 0.000646867 
5375 5375 0.0169356 0.00068414 
5376 5376 0.0168367 0.000573026 
5377 5377 0.0162499 0.000549177 
5378 5378 0.0166248 0.000664576 
5379 5379 0.0164423 0.00063824 
5380 5380 0.0167766 0.000679909 
5381 5381 0.0167722 0.000628069 
5382 5382 0.0167461 0.000592964 
5383 5383 0.0163016 0.000522265 
5384 5384 0.0156323 0.000486416 
5385 5385 0.0154364 0.000464982 
5386 5386 0.0160191 0.000512053 
5387 5387 0.0157852 0.000501131 
5388 5388 0.0166339 0.000587844 
5389 5389 0.0160889 0.000522322 
5390 5390 0.0160577 0.000501247 
5391 5391 0.0158771 0.000483283 
5392 5392 0.0158963 0.00054096 
5393 5393 0.0157217 0.000517949 
5394 5394 0.0161608 0.000559466 
5395 5395 0.0164806 0.000537952 
5396 5396 0.0159224 0.000509227 
5397 5397 0.0155687 0.000491944 
5398 5398 0.0153898 0.000474893 
5399 5399 0.0156712 0.000557718 
5400 5400 0.0158349 0.000521098 
5401 5401 0.015547 0.000504869 
5402 5402 0.016029 0.000569047 
5403 5403 0.0158878 0.0005296 
5404 5404 0.0167064 0.000778025 
5405 5405 0.0171299 0.000737345 
5406 5406 0.0164715 0.000685805 
5407 5407 0.0167343 0.000690813 
5408 5408 0.0167743 0.000643751 
5409 5409 0.0164001 0.000645486 
5410 5410 0.0166063 0.000643099 
5411 5411 0.016382 0.000582639 
5412 5412 0.0164934 0.000570514 
5413 5413 0.0160859 0.000610146 
5414 5414 0.0161386 0.000555125 
5415 5415 0.016172 0.000515914 
5416 5416 0.0163012 0.000533863 
5417 5417 0.01603 0.000643627 
5418 5418 0.0160151 0.000446981 
5419 5419 0.0156188 0.000473139 
5420 5420 0.0155974 0.00049359 
5421 5421 0.0158043 0.000491873 
5422 5422 0.0176334 0.000764326 
5423 5423 0.0172776 0.000746624 
5424 5424 0.0172964 0.000711475 
5425 5425 0.0171295 0.000688175 
5426 5426 0.0168518 0.000594271 
5427 5427 0.0160693 0.000571713 
5428 5428 0.0159568 0.000514813 
5429 5429 0.0161082 0.000523042 
5430 5430 0.0170149 0.0005974 
5431 5431 0.016697 0.000620778 
5432 5432 0.0168669 0.000610625 
5433 5433 0.016544 0.000726968 
5434 5434 0.0179381 0.000754738 
5435 5435 0.0168804 0.000634929 
5436 5436 0.0173806 0.000770086 
5437 5437 0.0173842 0.00069445 
5438 5438 0.0173841 0.000716457 
5439 5439 0.0167117 0.000686069 
5440 5440 0.0175274 0.000654103 
5441 5441 0.0161025 0.000553109 
5442 5442 0.0165768 0.000779314 
5443 5443 0.0166923 0.000718634 
5444 5444 0.0170016 0.000764489 
5445 5445 0.0171224 0.000753924 
5446 5446 0.0169144 0.000697001 
5447 5447 0.0161888 0.000607063 
5448 5448 0.0160968 0.000588316 
5449 5449 0.0158448 0.000555081 
5450 5450 0.0159583 0.000604463 
5451 5451 0.016136 0.000577721 
5452 5452 0.0161033 0.000573123 
5453 5453 0.0161301 0.0005667 
5454 5454 0.0159399 0.000543329 
5455 5455 0.0178554 0.000662227 
5456 5456 0.0171651 0.000704772 
5457 5457 0.016863 0.000622403 
5458 5458 0.0165397 0.000563732 
5459 5459 0.0159782 0.00052953 
5460 5460 0.0161801 0.000550427 
5461 5461 0.0165424 0.000804782 
5462 5462 0.017022 0.000796871 
5463 5463 0.0167995 0.000771735 
5464 5464 0.0169217 0.000692942 
5465 5465 0.0168199 0.000677177 
5466 5466 0.0165624 0.00062889 
5467 5467 0.0166556 0.000607783 
5468 5468 0.0165927 0.000557107 
5469 5469 0.0160409 0.000542284 
5470 5470 0.016168 0.000639185 
5471 5471 0.0166242 0.000608632 
5472 5472 0.016273 0.00053126 
5473 5473 0.0167051 0.000531549 
5474 5474 0.0165561 0.000567589 
5475 5475 0.0160821 0.000530656 
5476 5476 0.0161114 0.000527428 
5477 5477 0.0158329 0.000491991 
5478 5478 0.0157945 0.000494101 
5479 5479 0.0159527 0.00060578 
5480 5480 0.0170717 0.000753931 
5481 5481 0.0171094 0.00073802 
5482 5482 0.0171816 0.000699343 
5483 5483 0.0168356 0.000641805 
5484 5484 0.0163442 0.000649979 
5485 5485 0.0177739 0.000694928 
5486 5486 0.0165446 0.000608793 
5487 5487 0.016065 0.000562232 
5488 5488 0.0167263 0.000710361 
5489 5489 0.0171255 0.000702884 
5490 5490 0.0171729 0.000688183 
5491 5491 0.0190273 0.000739159 
5492 5492 0.0168885 0.000658406 
5493 5493 0.0167137 0.000659557 
5494 5494 0.0170782 0.000640369 
5495 5495 0.0168975 0.00067584 
5496 5496 0.016828 0.000665538 
5497 5497 0.0169528 0.000657479 
5498 5498 0.0164123 0.00057985 
5499 5499 0.0163767 0.000563078 
5500 5500 0.0162874 0.000560337 
5501 5501 0.0160911 0.000532515 
5502 5502 0.0159013 0.000517388 
5503 5503 0.017544 0.000911329 
5504 5504 0.0203193 0.000747242 
5505 5505 0.016446 0.000675837 
5506 5506 0.0163493 0.000644583 
5507 5507 0.0161756 0.00060564 
5508 5508 0.0163162 0.000688827 
5509 5509 0.0167161 0.000676381 
5510 5510 0.0168059 0.000579746 
5511 5511 0.0163892 0.000554246 
5512 5512 0.0176955 0.000631821 
5513 5513 0.0170215 0.000572929 
5514 5514 0.0165469 0.000533156 
5515 5515 0.0163009 0.000523341 
5516 5516 0.0164088 0.000614068 
5517 5517 0.0160871 0.000577126 
5518 5518 0.0172737 0.000771762 
5519 5519 0.0177567 0.000818189 
5520 5520 0.0170546 0.000744885 
5521 5521 0.0169036 0.00071406 
5522 5522 0.0177372 0.000729583 
5523 5523 0.0176393 0.000677751 
5524 5524 0.0170886 0.00061284 
5525 5525 0.0166492 0.000565328 
5526 5526 0.0172524 0.000642468 
5527 5527 0.0168695 0.000627456 
5528 5528 0.0162865 0.000550488 
5529 5529 0.0161694 0.000531328 
5530 5530 0.0160624 0.000516705 
5531 5531 0.016012 0.000523799 
5532 5532 0.0162528 0.000500792 
5533 5533 0.0166454 0.000488856 
5534 5534 0.0161342 0.000467487 
5535 5535 0.0160995 0.00053085 
5536 5536 0.0170448 0.000647513 
5537 5537 0.0175157 0.000732152 
5538 5538 0.016835 0.000678867 
5539 5539 0.0168959 0.00063516 
5540 5540 0.016257 0.000589204 
5541 5541 0.0162242 0.000573253 
5542 5542 0.0163273 0.000561124 
5543 5543 0.0163174 0.000537933 
5544 5544 0.0159035 0.000510834 
5545 5545 0.0161021 0.000623891 
5546 5546 0.0172431 0.000713513 
5547 5547 0.0170307 0.000691333 
5548 5548 0.0171754 0.000740157 
5549 5549 0.0176976 0.000647448 
5550 5550 0.0173142 0.00062269 
5551 5551 0.0171474 0.000663785 
5552 5552 0.0172636 0.000626648 
5553 5553 0.0172666 0.000685081 
5554 5554 0.0173157 0.000626015 
5555 5555 0.0171623 0.00059656 
5556 5556 0.0174656 0.000556509 
5557 5557 0.0171288 0.000736663 
5558 5558 0.0174862 0.00073636 
5559 5559 0.0185532 0.000813128 
5560 5560 0.0179472 0.000727613 
5561 5561 0.0179344 0.000706659 
5562 5562 0.0186697 0.000761314 
5563 5563 0.017016 0.000632111 
5564 5564 0.0196433 0.000673019 
5565 5565 0.021979 0.000958143 
5566 5566 0.01824 0.00060432 
5567 5567 0.01705 0.000578123 
5568 5568 0.0167622 0.000586866 
5569 5569 0.0170261 0.000515232 
5570 5570 0.0192651 0.000737125 
5571 5571 0.0184718 0.000475726 
5572 5572 0.0164796 0.000457133 
5573 5573 0.01639 0.000526642 
5574 5574 0.0166636 0.000723167 
5575 5575 0.0178595 0.000826639 
5576 5576 0.0172222 0.000760736 
5577 5577 0.0174076 0.000718189 
5578 5578 0.0173172 0.000773148 
5579 5579 0.0172937 0.000714187 
5580 5580 0.0170925 0.000612028 
5581 5581 0.0169142 0.000695537 
5582 5582 0.0168575 0.000690529 
5583 5583 0.0168938 0.000563663 
5584 5584 0.0163734 0.000544363 
5585 5585 0.0162018 0.000521237 
5586 5586 0.0160642 0.000513196 
5587 5587 0.0163078 0.00058392 
5588 5588 0.0165493 0.000528576 
5589 5589 0.0167237 0.00050431 
5590 5590 0.0164149 0.000492057 
5591 5591 0.0161237 0.000505066 
5592 5592 0.0175896 0.000742943 
5593 5593 0.0171491 0.000754508 
5594 5594 0.0170712 0.000694974 
5595 5595 0.0177105 0.00072201 
5596 5596 0.017024 0.000648133 
5597 5597 0.0169931 0.000625747 
5598 5598 0.0164109 0.000587367 
5599 5599 0.0163678 0.000548117 
5600 5600 0.0164914 0.000712075 
5601 5601 0.0192656 0.000715196 
5602 5602 0.0172166 0.000664898 
5603 5603 0.0185746 0.000802711 
5604 5604 0.0172621 0.000683261 
5605 5605 0.0171352 0.000704203 
5606 5606 0.0175084 0.000720353 
5607 5607 0.0181586 0.000655611 
5608 5608 0.017559 0.0007455 
5609 5609 0.017406 0.000710594 
5610 5610 0.0167676 0.000656245 
5611 5611 0.0165461 0.00061324 
5612 5612 0.0166027 0.000600872 
5613 5613 0.016509 0.000579633 
5614 5614 0.0162815 0.000539597 
5615 5615 0.0166716 0.000623433 
5616 5616 0.0171248 0.000676872 
5617 5617 0.0173138 0.000585562 
5618 5618 0.0170664 0.000553167 
5619 5619 0.0167477 0.000525893 
5620 5620 0.0166628 0.000635316 
5621 5621 0.0167987 0.000651329 
5622 5622 0.0167482 0.000582827 
5623 5623 0.0169067 0.000604724 
5624 5624 0.0170583 0.000600168 
5625 5625 0.017197 0.000627893 
5626 5626 0.0165918 0.000568954 
5627 5627 0.0164795 0.000563109 
5628 5628 0.016278 0.000527972 
5629 5629 0.0161429 0.000513582 
5630 5630 0.0163072 0.000566119 
5631 5631 0.0166719 0.000567727 
5632 5632 0.0184162 0.000819206 
5633 5633 0.0170483 0.000800183 
5634 5634 0.017856 0.000728363 
5635 5635 0.017405 0.000695415 
5636 5636 0.0172857 0.000669772 
5637 5637 0.0172818 0.000619406 
5638 5638 0.0170926 0.000612454 
5639 5639 0.0165628 0.000588415 
5640 5640 0.016413 0.000545432 
5641 5641 0.0162822 0.000520249 
5642 5642 0.0168102 0.000562572 
5643 5643 0.0170265 0.000521455 
5644 5644 0.0163204 0.000462856 
5645 5645 0.0163471 0.000474862 
5646 5646 0.0162637 0.00045771 
5647 5647 0.016603 0.000465992 
5648 5648 0.0177572 0.000629389 
5649 5649 0.0198383 0.000768423 
5650 5650 0.0172912 0.000770044 
5651 5651 0.0175263 0.000690183 
5652 5652 0.0173481 0.000584936 
5653 5653 0.0169577 0.000549707 
5654 5654 0.0167008 0.000536437 
5655 5655 0.0166703 0.000529264 
5656 5656 0.0171877 0.000724743 
5657 5657 0.0177305 0.000874254 
5658 5658 0.017301 0.000669659 
5659 5659 0.0174605 0.00082871 
5660 5660 0.0172081 0.00069466 
5661 5661 0.0171782 0.000623831 
5662 5662 0.0169672 0.000770821 
5663 5663 0.0170111 0.000593532 
5664 5664 0.0169686 0.000667841 
5665 5665 0.017312 0.000831473 
5666 5666 0.0176856 0.000852583 
5667 5667 0.0176793 0.000761716 
5668 5668 0.017336 0.000699821 
5669 5669 0.0182325 0.000778007 
5670 5670 0.017871 0.000749808 
5671 5671 0.018548 0.000820697 
5672 5672 0.0178811 0.000706499 
5673 5673 0.01784 0.000661159 
5674 5674 0.0179788 0.000625145 
5675 5675 0.0178675 0.000707549 
5676 5676 0.0179341 0.000650855 
5677 5677 0.0195488 0.000695693 
5678 5678 0.0170111 0.000638978 
5679 5679 0.0182538 0.00283019 
5680 5680 0.0174613 0.000588923 
5681 5681 0.0190482 0.000523627 
5682 5682 0.0167027 0.000505039 
5683 5683 0.0166348 0.000508758 
5684 5684 0.0165514 0.000827307 
5685 5685 0.0171396 0.000576145 
5686 5686 0.016917 0.000696696 
5687 5687 0.019306 0.000815027 
5688 5688 0.0193521 0.000831251 
5689 5689 0.0181077 0.000830718 
5690 5690 0.0175249 0.000845873 
5691 5691 0.017778 0.00090214 
5692 5692 0.0194671 0.000865239 
5693 5693 0.0174673 0.000772363 
5694 5694 0.0175188 0.000798734 
5695 5695 0.0179159 0.000791328 
5696 5696 0.018013 0.00100105 
5697 5697 0.0184384 0.000877785 
5698 5698 0.0175465 0.00081214 
5699 5699 0.0178027 0.00080523 
5700 5700 0.018186 0.000799007 
5701 5701 0.0178744 0.000826908 
5702 5702 0.0198827 0.00089886 
5703 5703 0.0214813 0.000846933 
5704 5704 0.0213308 0.000860808 
5705 5705 0.0195869 0.000854415 
5706 5706 0.0180462 0.000807361 
5707 5707 0.0180255 0.000794945 
5708 5708 0.0181161 0.000775024 
5709 5709 0.0184676 0.000846869 
5710 5710 0.0182141 0.000815883 
5711 5711 0.0179414 0.000837185 
5712 5712 0.0176885 0.000803159 
5713 5713 0.0173642 0.000730336 
5714 5714 0.0168967 0.000646477 
5715 5715 0.0172203 0.000696688 
5716 5716 0.0170525 0.000639666 
5717 5717 0.0172739 0.000703531 
5718 5718 0.0172227 0.000683631 
5719 5719 0.0169755 0.000599571 
5720 5720 0.01673 0.000587245 
5721 5721 0.0165673 0.000539046 
5722 5722 0.0166418 0.000535788 
5723 5723 0.0165275 0.000690995 
5724 5724 0.0177392 0.000711684 
5725 5725 0.0171555 0.000704508 
5726 5726 0.0239704 0.000743411 
5727 5727 0.0175186 0.00065491 
5728 5728 0.0170974 0.000595983 
5729 5729 0.0178353 0.00076964 
5730 5730 0.0178271 0.000840278 
5731 5731 0.0170019 0.000612911 
5732 5732 0.017196 0.001027 
5733 5733 0.0174569 0.00041313 
5734 5734 0.0171887 0.000563449 
5735 5735 0.0171695 0.000553038 
5736 5736 0.0168063 0.000492606 
5737 5737 0.0168789 0.000467382 
5738 5738 0.0166541 0.000464996 
5739 5739 0.0165669 0.00045649 
5740 5740 0.0165666 0.000528289 
5741 5741 0.0183976 0.000827203 
5742 5742 0.0176386 0.000800244 
5743 5743 0.0177004 0.000774963 
5744 5744 0.0173417 0.000711426 
5745 5745 0.0172294 0.000632915 
5746 5746 0.0171721 0.000629208 
5747 5747 0.0171028 0.000562393 
5748 5748 0.0166323 0.000534858 
5749 5749 0.0165978 0.000539016 
5750 5750 0.0166009 0.000542087 
5751 5751 0.0166196 0.0005217 
5752 5752 0.0167825 0.00050512 
5753 5753 0.0168687 0.000523656 
5754 5754 0.0166333 0.000521513 
5755 5755 0.0164653 0.000491249 
5756 5756 0.0167508 0.000637549 
5757 5757 0.0176583 0.000755235 
5758 5758 0.0175861 0.000754147 
5759 5759 0.017477 0.000757697 
5760 5760 0.0173206 0.000624617 
5761 5761 0.0171669 0.00063548 
5762 5762 0.0169527 0.000548783 
5763 5763 0.0170012 0.000639933 
5764 5764 0.0172065 0.000634622 
5765 5765 0.0173123 0.000753109 
5766 5766 0.0174763 0.000711042 
5767 5767 0.0175076 0.000729036 
5768 5768 0.0178486 0.000689478 
5769 5769 0.0175189 0.00064533 
5770 5770 0.0179692 0.000632165 
5771 5771 0.0177688 0.000653448 
5772 5772 0.0174968 0.000694321 
5773 5773 0.0176618 0.000759737 
5774 5774 0.0181607 0.000723471 
5775 5775 0.0178675 0.000687599 
5776 5776 0.0171845 0.000627958 
5777 5777 0.0170883 0.000588305 
5778 5778 0.0186535 0.000824075 
5779 5779 0.0183096 0.000841726 
5780 5780 0.0180331 0.000799186 
5781 5781 0.0184636 0.000743824 
5782 5782 0.0177796 0.000603729 
5783 5783 0.0178613 0.000581096 
5784 5784 0.0178301 0.000762917 
5785 5785 0.0176751 0.000714354 
5786 5786 0.0173116 0.00065152 
5787 5787 0.0174816 0.000635349 
5788 5788 0.0171393 0.000663165 
5789 5789 0.0170305 0.000584013 
5790 5790 0.0169373 0.000553844 
5791 5791 0.0170156 0.000536719 
5792 5792 0.0167833 0.000512267 
5793 5793 0.0166763 0.000498915 
5794 5794 0.0167132 0.000506724 
5795 5795 0.0168478 0.000535961 
5796 5796 0.0185108 0.000857473 
5797 5797 0.0188331 0.000813575 
5798 5798 0.0181104 0.000861887 
5799 5799 0.018036 0.000824128 
5800 5800 0.017619 0.000808499 
5801 5801 0.0184476 0.000681315 
5802 5802 0.0180687 0.000620582 
5803 5803 0.0176651 0.000574416 
5804 5804 0.0170484 0.00053477 
5805 5805 0.0169732 0.000563314 
5806 5806 0.0172941 0.000512537 
5807 5807 0.0171782 0.000502058 
5808 5808 0.0178685 0.00262181 
5809 5809 0.0202839 0.000899196 
5810 5810 0.0194547 0.00110501 
5811 5811 0.0281577 0.00095422 
5812 5812 0.0206491 0.000849865 
5813 5813 0.0195774 0.000869505 
5814 5814 0.0195191 0.000907093 
5815 5815 0.0212509 0.0008866 
5816 5816 0.0201643 0.000988482 
5817 5817 0.0192651 0.000866325 
5818 5818 0.0185335 0.000859023 
5819 5819 0.0191637 0.000931023 
5820 5820 0.0201007 0.000848477 
5821 5821 0.0183364 0.000915754 
5822 5822 0.0184863 0.000901413 
5823 5823 0.0193012 0.00090005 
5824 5824 0.0249425 0.00102814 
5825 5825 0.0216761 0.00078678 
5826 5826 0.0175993 0.000761419 
5827 5827 0.0182171 0.000785064 
5828 5828 0.0183447 0.000821693 
5829 5829 0.0186244 0.000844473 
5830 5830 0.0183594 0.000887682 
5831 5831 0.0180681 0.000874441 
5832 5832 0.0177795 0.000794453 
5833 5833 0.0178562 0.000774617 
5834 5834 0.0176962 0.000772072 
5835 5835 0.0179851 0.000863196 
5836 5836 0.0184702 0.000851012 
5837 5837 0.0182366 0.000851187 
5838 5838 0.0190033 0.000860703 
5839 5839 0.0179725 0.000825599 
5840 5840 0.0175996 0.000749476 
5841 5841 0.0174697 0.000716002 
5842 5842 0.0174843 0.000714224 
5843 5843 0.0174102 0.000671513 
5844 5844 0.0181617 0.000847711 
5845 5845 0.0186767 0.000831241 
5846 5846 0.018532 0.000884002 
5847 5847 0.0189789 0.00088418 
5848 5848 0.0195432 0.000843603 
5849 5849 0.0192976 0.000870439 
5850 5850 0.0178955 0.000795554 
5851 5851 0.017625 0.000723452 
5852 5852 0.018279 0.000867078 
5853 5853 0.0191671 0.00087987 
5854 5854 0.0185541 0.000881798 
5855 5855 0.0183753 0.000866889 
5856 5856 0.0178638 0.000786442 
5857 5857 0.0176107 0.000754425 
5858 5858 0.0181066 0.000785692 
5859 5859 0.0176299 0.000737113 
5860 5860 0.0174819 0.00069882 
5861 5861 0.0186306 0.000868933 
5862 5862 0.0192363 0.000874349 
5863 5863 0.0187898 0.000882769 
5864 5864 0.0185458 0.000866643 
5865 5865 0.0179866 0.000800506 
5866 5866 0.0180906 0.000781863 
5867 5867 0.0175839 0.000704987 
5868 5868 0.0178465 0.000758713 
5869 5869 0.018951 0.00149774 
5870 5870 0.0191623 0.000848941 
5871 5871 0.0185954 0.000888773 
5872 5872 0.0184921 0.000869264 
5873 5873 0.0183623 0.000850915 
5874 5874 0.0178717 0.00081847 
5875 5875 0.0178153 0.000763284 
5876 5876 0.0179394 0.000809008 
5877 5877 0.0180892 0.000811437 
5878 5878 0.018524 0.000763209 
5879 5879 0.0185326 0.000843709 
5880 5880 0.0183094 0.000902214 
5881 5881 0.0184907 0.000857585 
5882 5882 0.0192661 0.000829384 
5883 5883 0.0182622 0.00083779 
5884 5884 0.0184761 0.000827492 
5885 5885 0.02112 0.00089304 
5886 5886 0.0303504 0.000996015 
5887 5887 0.0194614 0.000871678 
5888 5888 0.0185115 0.000866905 
5889 5889 0.0185835 0.000879791 
5890 5890 0.0183207 0.000852758 
5891 5891 0.0178669 0.000783926 
5892 5892 0.0179533 0.000744501 
5893 5893 0.0180338 0.000756668 
5894 5894 0.0182953 0.00117356 
5895 5895 0.0185487 0.000867097 
5896 5896 0.0183956 0.000878511 
5897 5897 0.0189366 0.000898685 
5898 5898 0.0183532 0.000904296 
5899 5899 0.018351 0.00100565 
5900 5900 0.0185954 0.00072124 
5901 5901 0.0179986 0.000760159 
5902 5902 0.0183358 0.00081194 
5903 5903 0.0184915 0.000866224 
5904 5904 0.0186812 0.000872471 
5905 5905 0.0187745 0.000886506 
5906 5906 0.0180854 0.000829332 
5907 5907 0.0178874 0.000753859 
5908 5908 0.017971 0.000752634 
5909 5909 0.0178731 0.000718025 
5910 5910 0.0185133 0.000872145 
5911 5911 0.018979 0.000886648 
5912 5912 0.0187569 0.000893609 
5913 5913 0.0187816 0.000881247 
5914 5914 0.0182305 0.00085503 
5915 5915 0.0180269 0.000750861 
5916 5916 0.0181966 0.000733483 
5917 5917 0.0176245 0.00068689 
5918 5918 0.018176 0.000808073 
5919 5919 0.0191599 0.000850028 
5920 5920 0.0189333 0.000889962 
5921 5921 0.0187273 0.000884605 
5922 5922 0.0189075 0.000863363 
5923 5923 0.018046 0.0008056 
5924 5924 0.0180598 0.000771469 
5925 5925 0.0178887 0.000766092 
5926 5926 0.0178031 0.000711354 
5927 5927 0.0186879 0.000866686 
5928 5928 0.0186399 0.000881237 
5929 5929 0.0185363 0.000874724 
5930 5930 0.0185632 0.000882915 
5931 5931 0.018533 0.000849805 
5932 5932 0.0182484 0.000817708 
5933 5933 0.017888 0.000740674 
5934 5934 0.0177965 0.000762433 
5935 5935 0.0181151 0.000728073 
5936 5936 0.0184922 0.000737786 
5937 5937 0.0184188 0.000655487 
5938 5938 0.0179812 0.000665363 
5939 5939 0.0177787 0.000628177 
5940 5940 0.0175752 0.000595953 
5941 5941 0.017483 0.000572208 
5942 5942 0.0172313 0.000554844 
5943 5943 0.0175366 0.000536848 
5944 5944 0.0189054 0.000664181 
5945 5945 0.0185041 0.000594699 
5946 5946 0.0174818 0.000617459 
5947 5947 0.0173262 0.000577376 
5948 5948 0.0179537 0.000567586 
5949 5949 0.0182719 0.000808459 
5950 5950 0.0217826 0.00110015 
5951 5951 0.0180979 0.000715372 
5952 5952 0.0190882 0.000764395 
5953 5953 0.0177795 0.000700825 
5954 5954 0.0176104 0.000638607 
5955 5955 0.0174605 0.000610397 
5956 5956 0.0173245 0.000608 
5957 5957 0.0174287 0.000611673 
5958 5958 0.0175858 0.000628644 
5959 5959 0.0174768 0.000604149 
5960 5960 0.0175711 0.000585043 
5961 5961 0.017337 0.00056356 
5962 5962 0.0171985 0.000571764 
5963 5963 0.0173676 0.000569892 
5964 5964 0.018128 0.000843948 
5965 5965 0.0206346 0.000886265 
5966 5966 0.0188049 0.00112661 
5967 5967 0.0182554 0.000496376 
5968 5968 0.0187533 0.000631535 
5969 5969 0.0180801 0.000539337 
5970 5970 0.0179713 0.000596421 
5971 5971 0.0186119 0.000713581 
5972 5972 0.0192976 0.000773297 
5973 5973 0.018597 0.000971308 
5974 5974 0.0186224 0.000703467 
5975 5975 0.0182148 0.000726659 
5976 5976 0.0184161 0.000682188 
5977 5977 0.0184804 0.000751404 
5978 5978 0.018682 0.00082848 
5979 5979 0.0186427 0.0008547 
5980 5980 0.0189915 0.000861994 
5981 5981 0.0186077 0.000787838 
5982 5982 0.0186805 0.00081203 
5983 5983 0.0181292 0.000770851 
5984 5984 0.0180706 0.000789654 
5985 5985 0.0186948 0.000794459 
5986 5986 0.0219395 0.000857651 
5987 5987 0.0198215 0.000875879 
5988 5988 0.0192783 0.000821162 
5989 5989 0.0198469 0.000780399 
5990 5990 0.0200602 0.000753333 
5991 5991 0.0184734 0.000765938 
5992 5992 0.0193381 0.000686602 
5993 5993 0.0188331 0.000694644 
5994 5994 0.0215652 0.000541344 
5995 5995 0.0176972 0.000523191 
5996 5996 0.0176984 0.000495843 
5997 5997 0.0176361 0.000525165 
5998 5998 0.0182066 0.00060052 
5999 5999 0.0186598 0.000620456 
6000 6000 0.0179898 0.000622611 
6001 6001 0.0186471 0.00183894 
6002 6002 0.019148 0.000747542 
6003 6003 0.0191059 0.000774477 
6004 6004 0.0182178 0.00068236 
6005 6005 0.0222351 0.000997888 
6006 6006 0.0196465 0.000891775 
6007 6007 0.0190436 0.000917256 
6008 6008 0.0187846 0.000872446 
6009 6009 0.0181811 0.000836223 
6010 6010 0.0190895 0.000732454 
6011 6011 0.0196043 0.000717602 
6012 6012 0.0182378 0.000693912 
6013 6013 0.0182068 0.000748452 
6014 6014 0.0196285 0.000905218 
6015 6015 0.0193882 0.000933389 
6016 6016 0.0196549 0.000887747 
6017 6017 0.0191142 0.000960472 
6018 6018 0.0186233 0.000883121 
6019 6019 0.0182224 0.000818888 
6020 6020 0.0183762 0.000841719 
6021 6021 0.0184657 0.000948654 
6022 6022 0.0186572 0.000874847 
6023 6023 0.0186494 0.000846957 
6024 6024 0.0181732 0.000788721 
6025 6025 0.0184155 0.000799786 
6026 6026 0.0185341 0.00077033 
6027 6027 0.0182895 0.000744232 
6028 6028 0.0185769 0.000701144 
6029 6029 0.0190017 0.00082856 
6030 6030 0.0195886 0.000807731 
6031 6031 0.0191098 0.00074009 
6032 6032 0.0184327 0.000677986 
6033 6033 0.0180392 0.000628021 
6034 6034 0.0187261 0.000643978 
6035 6035 0.0180853 0.00068116 
6036 6036 0.0177731 0.000627142 
6037 6037 0.0180995 0.000653806 
6038 6038 0.0182736 0.000662254 
6039 6039 0.018121 0.000609569 
6040 6040 0.0193015 0.000968137 
6041 6041 0.0186969 0.000641414 
6042 6042 0.018563 0.000622039 
6043 6043 0.0183592 0.000563243 
6044 6044 0.0180824 0.000587681 
6045 6045 0.0184626 0.000752555 
6046 6046 0.0191753 0.000746564 
6047 6047 0.019044 0.00065344 
6048 6048 0.018247 0.00060033 
6049 6049 0.0180551 0.000561929 
6050 6050 0.0178849 0.000629492 
6051 6051 0.0185494 0.00065262 
6052 6052 0.0191623 0.000768539 
6053 6053 0.0190301 0.000782885 
6054 6054 0.0193265 0.000801387 
6055 6055 0.0186827 0.000699314 
6056 6056 0.0180746 0.000649707 
6057 6057 0.0182011 0.000610602 
6058 6058 0.0181439 0.000741027 
6059 6059 0.0186415 0.000623296 
6060 6060 0.0180491 0.000611634 
6061 6061 0.0185664 0.000617349 
6062 6062 0.0179441 0.000562577 
6063 6063 0.0179922 0.000559799 
6064 6064 0.018425 0.000586571 
6065 6065 0.0179491 0.000546984 
6066 6066 0.0178424 0.000552974 
6067 6067 0.0177015 0.000656368 
6068 6068 0.0189866 0.000824423 
6069 6069 0.0190639 0.000799467 
6070 6070 0.0190737 0.000722601 
6071 6071 0.0184126 0.000645308 
6072 6072 0.0188155 0.000659542 
6073 6073 0.018524 0.000713779 
6074 6074 0.0183824 0.000812077 
6075 6075 0.0187319 0.000887713 
6076 6076 0.0185309 0.000798877 
6077 6077 0.0186163 0.000837222 
6078 6078 0.0185185 0.000797809 
6079 6079 0.0185809 0.00074427 
6080 6080 0.0185705 0.000681797 
6081 6081 0.0187014 0.0008502 
6082 6082 0.0188062 0.000774564 
6083 6083 0.018736 0.000737044 
6084 6084 0.0184695 0.000767466 
6085 6085 0.0180962 0.000650871 
6086 6086 0.0183074 0.000655025 
6087 6087 0.0185618 0.000724795 
6088 6088 0.0188753 0.000743335 
6089 6089 0.0202575 0.00088786 
6090 6090 0.018943 0.00091492 
6091 6091 0.0194305 0.000868035 
6092 6092 0.0190867 0.000798365 
6093 6093 0.0192497 0.000818163 
6094 6094 0.0184639 0.000727083 
6095 6095 0.0183965 0.000687375 
6096 6096 0.0185848 0.000644675 
6097 6097 0.018103 0.000593597 
6098 6098 0.020279 0.000574256 
6099 6099 0.018126 0.000639217 
6100 6100 0.0181725 0.000649341 
6101 6101 0.0186098 0.00068987 
6102 6102 0.0189 0.000605498 
6103 6103 0.0185651 0.000640998 
6104 6104 0.0188135 0.000743891 
6105 6105 0.0190836 0.000719387 
6106 6106 0.0191848 0.000739624 
6107 6107 0.0186885 0.000648522 
6108 6108 0.018374 0.000587349 
6109 6109 0.0185803 0.0008943 
6110 6110 0.0197531 0.000866848 
6111 6111 0.0191425 0.000901027 
6112 6112 0.0194816 0.000911919 
6113 6113 0.0190349 0.000929986 
6114 6114 0.0192901 0.000890797 
6115 6115 0.0190338 0.000919597 
6116 6116 0.0194891 0.000902726 
6117 6117 0.0190332 0.000900185 
6118 6118 0.019325 0.000960508 
6119 6119 0.0194484 0.000915982 
6120 6120 0.0187384 0.00086756 
6121 6121 0.018784 0.000812791 
6122 6122 0.0182006 0.000767562 
6123 6123 0.0186854 0.000888146 
6124 6124 0.0193417 0.000906232 
6125 6125 0.019167 0.000890455 
6126 6126 0.0190381 0.00088829 
6127 6127 0.019595 0.000859172 
6128 6128 0.0201267 0.000883563 
6129 6129 0.0195405 0.000821164 
6130 6130 0.0190776 0.000693329 
6131 6131 0.0193497 0.000774207 
6132 6132 0.0188437 0.000783885 
6133 6133 0.0186103 0.000855929 
6134 6134 0.0194848 0.000678685 
6135 6135 0.0184943 0.000596604 
6136 6136 0.0181907 0.00056331 
6137 6137 0.018532 0.00155671 
6138 6138 0.020304 0.00061992 
6139 6139 0.0185883 0.00061241 
6140 6140 0.0186015 0.000597634 
6141 6141 0.0186929 0.000589273 
6142 6142 0.0204476 0.00125241 
6143 6143 0.0216892 0.000706107 
6144 6144 0.0205061 0.000665808 
6145 6145 0.0181417 0.000629086 
6146 6146 0.0180345 0.000624877 
6147 6147 0.0181458 0.000568018 
6148 6148 0.0179207 0.000623046 
6149 6149 0.0179052 0.000598796 
6150 6150 0.0180878 0.000706975 
6151 6151 0.0189443 0.000665095 
6152 6152 0.0180377 0.000589421 
6153 6153 0.0206307 0.000769776 
6154 6154 0.019101 0.000826235 
6155 6155 0.022396 0.000835896 
6156 6156 0.0191506 0.000812152 
6157 6157 0.0188446 0.000790869 
6158 6158 0.0185732 0.000714216 
6159 6159 0.0183576 0.00067422 
6160 6160 0.0181595 0.000636643 
6161 6161 0.018171 0.000619093 
6162 6162 0.0179321 0.000647107 
6163 6163 0.0178407 0.000572217 
6164 6164 0.0178464 0.000556268 
6165 6165 0.024513 0.000885678 
6166 6166 0.0188671 0.000768209 
6167 6167 0.0185239 0.000670581 
6168 6168 0.0186986 0.000733929 
6169 6169 0.0196698 0.000835622 
6170 6170 0.0196239 0.000809029 
6171 6171 0.018535 0.00075347 
6172 6172 0.0182384 0.000704752 
6173 6173 0.0181029 0.000658607 
6174 6174 0.0179429 0.000696064 
6175 6175 0.0216464 0.000835437 
6176 6176 0.0213267 0.000807083 
6177 6177 0.0192477 0.000900523 
6178 6178 0.0201145 0.000865496 
6179 6179 0.0194736 0.000980644 
6180 6180 0.0192188 0.000704241 
6181 6181 0.0193589 0.00077892 
6182 6182 0.0196997 0.000905178 
6183 6183 0.0192668 0.000841952 
6184 6184 0.0189612 0.000762907 
6185 6185 0.018437 0.000709953 
6186 6186 0.0180742 0.00068709 
6187 6187 0.018791 0.000824279 
6188 6188 0.0185309 0.000748058 
6189 6189 0.0183774 0.000718975 
6190 6190 0.0192985 0.000919473 
6191 6191 0.019857 0.000868554 
6192 6192 0.0206001 0.000855582 
6193 6193 0.0205909 0.000826194 
6194 6194 0.0191648 0.000737698 
6195 6195 0.018931 0.000672357 
6196 6196 0.0188236 0.000824543 
6197 6197 0.0188414 0.000772798 
6198 6198 0.0184367 0.000664753 
6199 6199 0.0192377 0.000706153 
6200 6200 0.0183593 0.000656882 
6201 6201 0.0181946 0.000621574 
6202 6202 0.0180651 0.000606694 
6203 6203 0.0182006 0.000636546 
6204 6204 0.0186068 0.000835105 
6205 6205 0.0190672 0.000819202 
6206 6206 0.018993 0.000777111 
6207 6207 0.0187043 0.000711198 
6208 6208 0.0186194 0.000651297 
6209 6209 0.019069 0.000710323 
6210 6210 0.0190761 0.000641749 
6211 6211 0.0185761 0.000605501 
6212 6212 0.0183557 0.000497739 
6213 6213 0.0182826 0.000489813 
6214 6214 0.0180056 0.000538006 
6215 6215 0.0179032 0.000498524 
6216 6216 0.0181007 0.00050254 
6217 6217 0.0179882 0.000500502 
6218 6218 0.0184207 0.000670207 
6219 6219 0.0190746 0.000868217 
6220 6220 0.0193888 0.000887414 
6221 6221 0.0189539 0.000792227 
6222 6222 0.0186637 0.000754018 
6223 6223 0.0190512 0.000799277 
6224 6224 0.019477 0.000851873 
6225 6225 0.0193505 0.000838361 
6226 6226 0.0189812 0.000848398 
6227 6227 0.0190277 0.000789692 
6228 6228 0.018912 0.000806776 
6229 6229 0.0191407 0.000788967 
6230 6230 0.0189851 0.000747963 
6231 6231 0.0184718 0.000671469 
6232 6232 0.018806 0.000920489 
6233 6233 0.0196229 0.000907517 
6234 6234 0.0191499 0.000977525 
6235 6235 0.0188662 0.000739706 
6236 6236 0.0194775 0.000711367 
6237 6237 0.0199362 0.00075982 
6238 6238 0.0192724 0.000752857 
6239 6239 0.0197641 0.000708659 
6240 6240 0.0189476 0.000685037 
6241 6241 0.0298321 0.00197576 
6242 6242 0.0228314 0.000785546 
6243 6243 0.0219499 0.0008333 
6244 6244 0.0189484 0.000725138 
6245 6245 0.018905 0.000696124 
6246 6246 0.0196944 0.000718107 
6247 6247 0.0195459 0.000660645 
6248 6248 0.019022 0.000629521 
6249 6249 0.0189712 0.000637746 
6250 6250 0.0187178 0.000584863 
6251 6251 0.0185451 0.000573781 
6252 6252 0.0195187 0.000641544 
6253 6253 0.0187958 0.000760526 
6254 6254 0.0189804 0.000783478 
6255 6255 0.0192499 0.000778426 
6256 6256 0.0199933 0.00083581 
6257 6257 0.0198327 0.000725716 
6258 6258 0.0189042 0.000701145 
6259 6259 0.0184852 0.000647844 
6260 6260 0.0184557 0.000643478 
6261 6261 0.0185237 0.000618541 
6262 6262 0.0186003 0.000654936 
6263 6263 0.018803 0.000631141 
6264 6264 0.0185239 0.000636674 
6265 6265 0.0184551 0.000608723 
6266 6266 0.0186977 0.000725425 
6267 6267 0.0189013 0.000698079 
6268 6268 0.0193424 0.000895991 
6269 6269 0.0198015 0.000859945 
6270 6270 0.019157 0.00082534 
6271 6271 0.0192177 0.000743087 
6272 6272 0.0187673 0.000672242 
6273 6273 0.0188276 0.000680624 
6274 6274 0.0187307 0.000659006 
6275 6275 0.0188705 0.000819089 
6276 6276 0.0193736 0.000802546 
6277 6277 0.0196849 0.000852391 
6278 6278 0.0196758 0.000873366 
6279 6279 0.0189637 0.000804156 
6280 6280 0.0192778 0.000979478 
6281 6281 0.0194914 0.000784412 
6282 6282 0.0191411 0.000734662 
6283 6283 0.0198701 0.000931312 
6284 6284 0.0192155 0.000806512 
6285 6285 0.0194147 0.000798586 
6286 6286 0.0193241 0.000727797 
6287 6287 0.019165 0.000750019 
6288 6288 0.0188064 0.000693389 
6289 6289 0.0188849 0.000784403 
6290 6290 0.0191756 0.000787774 
6291 6291 0.0209947 0.000863057 
6292 6292 0.0208537 0.000994471 
6293 6293 0.0198518 0.000773567 
6294 6294 0.0199998 0.000745097 
6295 6295 0.0205111 0.000730027 
6296 6296 0.0190393 0.000705189 
6297 6297 0.0194358 0.000681856 
6298 6298 0.0248071 0.000676342 
6299 6299 0.0193423 0.000677412 
6300 6300 0.0201233 0.000604906 
6301 6301 0.0204514 0.000819391 
6302 6302 0.0225273 0.000663117 
6303 6303 0.0191541 0.000750463 
6304 6304 0.0222518 0.000806863 
6305 6305 0.019781 0.00079315 
6306 6306 0.0189572 0.000698133 
6307 6307 0.0190297 0.000654353 
6308 6308 0.0192696 0.000646738 
6309 6309 0.0186878 0.00067035 
6310 6310 0.018748 0.000588572 
6311 6311 0.0192068 0.000900655 
6312 6312 0.018962 0.00081109 
6313 6313 0.0186538 0.000736719 
6314 6314 0.0186486 0.000721799 
6315 6315 0.0194427 0.000777764 
6316 6316 0.0264987 0.000866555 
6317 6317 0.020264 0.00087529 
6318 6318 0.0200338 0.000868795 
6319 6319 0.0207501 0.000908326 
6320 6320 0.0201863 0.000930243 
6321 6321 0.0198662 0.000918736 
6322 6322 0.019755 0.000902386 
6323 6323 0.0198278 0.000895092 
6324 6324 0.0197823 0.000852477 
6325 6325 0.0199338 0.000868411 
6326 6326 0.0197336 0.000873728 
6327 6327 0.0192937 0.000865433 
6328 6328 0.0190783 0.000827609 
6329 6329 0.0198864 0.000840556 
6330 6330 0.0198857 0.000787817 
6331 6331 0.0199942 0.00087166 
6332 6332 0.0194584 0.00080051 
6333 6333 0.0192516 0.00077234 
6334 6334 0.018984 0.000717192 
6335 6335 0.0193469 0.000712948 
6336 6336 0.0192198 0.000686726 
6337 6337 0.0183881 0.000641072 
6338 6338 0.0189208 0.000674671 
6339 6339 0.0185598 0.000631487 
6340 6340 0.0183994 0.000600409 
6341 6341 0.0224314 0.000873032 
6342 6342 0.0196228 0.000888699 
6343 6343 0.019486 0.000800326 
6344 6344 0.0191276 0.000742141 
6345 6345 0.0192859 0.000747274 
6346 6346 0.0194908 0.000707452 
6347 6347 0.0188688 0.00068665 
6348 6348 0.0185858 0.000640532 
6349 6349 0.0186791 0.00063765 
6350 6350 0.0195541 0.000692936 
6351 6351 0.0193042 0.000705506 
6352 6352 0.0203169 0.000926643 
6353 6353 0.0199714 0.000902313 
6354 6354 0.019786 0.000850316 
6355 6355 0.0192247 0.000812983 
6356 6356 0.0195414 0.000687089 
6357 6357 0.019045 0.000661393 
6358 6358 0.0190057 0.000691084 
6359 6359 0.018966 0.000654214 
6360 6360 0.0191569 0.00060218 
6361 6361 0.0195363 0.000586433 
6362 6362 0.0187224 0.000581351 
6363 6363 0.0196679 0.000777845 
6364 6364 0.0191203 0.00073293 
6365 6365 0.0198444 0.00068842 
6366 6366 0.0208339 0.000871923 
6367 6367 0.0208624 0.000907237 
6368 6368 0.0197996 0.000800769 
6369 6369 0.0191069 0.000731328 
6370 6370 0.0211271 0.000818635 
6371 6371 0.0189441 0.000805295 
6372 6372 0.0200772 0.000801913 
6373 6373 0.0199946 0.000851783 
6374 6374 0.019603 0.000777198 
6375 6375 0.0229369 0.00091637 
6376 6376 0.0195941 0.000854345 
6377 6377 0.0196596 0.000852963 
6378 6378 0.0212028 0.000923022 
6379 6379 0.0195641 0.000801324 
6380 6380 0.0195569 0.000888753 
6381 6381 0.0196593 0.000785742 
6382 6382 0.0190487 0.00074983 
6383 6383 0.0190556 0.000804026 
6384 6384 0.0195506 0.000779845 
6385 6385 0.0196793 0.000722112 
6386 6386 0.019304 0.000676797 
6387 6387 0.0194539 0.000700259 
6388 6388 0.019575 0.001294 
6389 6389 0.0201564 0.000856696 
6390 6390 0.0219825 0.00096016 
6391 6391 0.0196372 0.000811857 
6392 6392 0.0196765 0.000804065 
6393 6393 0.0196144 0.000846761 
6394 6394 0.0211296 0.00077104 
6395 6395 0.0192192 0.000706969 
6396 6396 0.0188595 0.000823683 
6397 6397 0.0194856 0.000596472 
6398 6398 0.0194808 0.000777651 
6399 6399 0.0203437 0.00093376 
6400 6400 0.0197994 0.000965987 
6401 6401 0.0200233 0.000935503 
6402 6402 0.0200325 0.000856953 
6403 6403 0.019774 0.000750568 
6404 6404 0.0194252 0.000762639 
6405 6405 0.0190577 0.00067979 
6406 6406 0.0189203 0.000705184 
6407 6407 0.0188973 0.000676567 
6408 6408 0.0186736 0.000639248 
6409 6409 0.0186995 0.000655406 
6410 6410 0.0190127 0.00078911 
6411 6411 0.0196138 0.000709903 
6412 6412 0.0192539 0.000667418 
6413 6413 0.0189106 0.000631579 
6414 6414 0.0189623 0.000775218 
6415 6415 0.0204519 0.000965691 
6416 6416 0.0197471 0.0008393 
6417 6417 0.0193746 0.000745472 
6418 6418 0.0190124 0.000706093 
6419 6419 0.0191543 0.000777577 
6420 6420 0.0192094 0.000700534 
6421 6421 0.0193219 0.00086262 
6422 6422 0.0199355 0.000823813 
6423 6423 0.0196141 0.000835645 
6424 6424 0.0197193 0.000848667 
6425 6425 0.0197846 0.000756034 
6426 6426 0.0197215 0.000741286 
6427 6427 0.0194195 0.000977935 
6428 6428 0.0191717 0.000729349 
6429 6429 0.0200562 0.000964475 
6430 6430 0.0199552 0.000936003 
6431 6431 0.020329 0.000950983 
6432 6432 0.0201106 0.000936919 
6433 6433 0.020778 0.00091848 
6434 6434 0.0196584 0.000839706 
6435 6435 0.0192976 0.000817704 
6436 6436 0.0203327 0.000882932 
6437 6437 0.0196009 0.000824315 
6438 6438 0.0198462 0.00078075 
6439 6439 0.0198527 0.000804386 
6440 6440 0.0195171 0.000755821 
6441 6441 0.0196503 0.000812338 
6442 6442 0.0196949 0.000794499 
6443 6443 0.019662 0.000695866 
6444 6444 0.0200525 0.000760194 
6445 6445 0.0199771 0.000734262 
6446 6446 0.0193932 0.000665531 
6447 6447 0.0198117 0.000680197 
6448 6448 0.0200147 0.000668972 
6449 6449 0.0198107 0.00079832 
6450 6450 0.020712 0.000925746 
6451 6451 0.0202957 0.000873979 
6452 6452 0.0193027 0.000786723 
6453 6453 0.0192957 0.000737688 
6454 6454 0.0197223 0.000713763 
6455 6455 0.0190001 0.000704823 
6456 6456 0.0188681 0.000690906 
6457 6457 0.0191934 0.000680042 
6458 6458 0.0187991 0.000678385 
6459 6459 0.019384 0.000678843 
6460 6460 0.0198709 0.000751475 
6461 6461 0.0201188 0.00072223 
6462 6462 0.0215903 0.000806377 
6463 6463 0.0202248 0.000865403 
6464 6464 0.0198977 0.000882222 
6465 6465 0.0197394 0.000805413 
6466 6466 0.0200702 0.000721425 
6467 6467 0.0193309 0.000684769 
6468 6468 0.0190455 0.000655225 
6469 6469 0.020405 0.000869249 
6470 6470 0.020218 0.000891306 
6471 6471 0.0206239 0.000855191 
6472 6472 0.0205307 0.000865067 
6473 6473 0.0202082 0.00082762 
6474 6474 0.0195229 0.00071965 
6475 6475 0.0198234 0.000829379 
6476 6476 0.0193588 0.000759676 
6477 6477 0.0196699 0.000890505 
6478 6478 0.0197549 0.000790922 
6479 6479 0.0198027 0.000745393 
6480 6480 0.0195641 0.000724049 
6481 6481 0.0211931 0.000831321 
6482 6482 0.0202197 0.00077126 
6483 6483 0.0199485 0.000697908 
6484 6484 0.0202739 0.000645255 
6485 6485 0.0206094 0.000728135 
6486 6486 0.0204215 0.000897452 
6487 6487 0.0233944 0.000957125 
6488 6488 0.0240836 0.000982745 
6489 6489 0.0200044 0.000892143 
6490 6490 0.0212222 0.000788084 
6491 6491 0.0275355 0.000867127 
6492 6492 0.0199563 0.000687484 
6493 6493 0.021301 0.000670466 
6494 6494 0.0202931 0.000689924 
6495 6495 0.0189655 0.000670661 
6496 6496 0.0214742 0.000781323 
6497 6497 0.0203292 0.000957296 
6498 6498 0.020808 0.000916593 
6499 6499 0.0197759 0.000846644 
6500 6500 0.0195356 0.000739266 
6501 6501 0.0196134 0.000691974 
6502 6502 0.0192077 0.000715462 
6503 6503 0.0193321 0.000661997 
6504 6504 0.0190305 0.000634871 
6505 6505 0.0194719 0.000759902 
6506 6506 0.0194401 0.000708601 
6507 6507 0.0192937 0.000679999 
6508 6508 0.0193269 0.000659099 
6509 6509 0.0191387 0.000595322 
6510 6510 0.0198174 0.000951004 
6511 6511 0.0201219 0.000884011 
6512 6512 0.0197735 0.000797062 
6513 6513 0.0198009 0.000720414 
6514 6514 0.0193003 0.000759234 
6515 6515 0.0196223 0.000944224 
6516 6516 0.0205162 0.000708798 
6517 6517 0.0196218 0.000765047 
6518 6518 0.0232696 0.000916661 
6519 6519 0.0202378 0.000895077 
6520 6520 0.0202538 0.000848187 
6521 6521 0.0207404 0.000822525 
6522 6522 0.0198153 0.0007803 
6523 6523 0.0201688 0.00085893 
6524 6524 0.0200686 0.000797571 
6525 6525 0.020368 0.000870263 
6526 6526 0.020198 0.000798854 
6527 6527 0.0200128 0.000753345 
6528 6528 0.0201651 0.000735022 
6529 6529 0.0197233 0.000697858 
6530 6530 0.0191335 0.000667185 
6531 6531 0.0202574 0.000782353 
6532 6532 0.0201571 0.000795473 
6533 6533 0.0194842 0.000778252 
6534 6534 0.019762 0.000754974 
6535 6535 0.0211551 0.00090329 
6536 6536 0.0198493 0.000868018 
6537 6537 0.0200136 0.0011302 
6538 6538 0.0221399 0.00086186 
6539 6539 0.020257 0.000801692 
6540 6540 0.0200056 0.000749443 
6541 6541 0.0199891 0.000731915 
6542 6542 0.019618 0.000768305 
6543 6543 0.019512 0.000730016 
6544 6544 0.0193185 0.000688172 
6545 6545 0.019476 0.000722099 
6546 6546 0.0208029 0.000976298 
6547 6547 0.0211148 0.00091416 
6548 6548 0.0202281 0.000844038 
6549 6549 0.0194972 0.000785185 
6550 6550 0.0194624 0.000801023 
6551 6551 0.0192741 0.000737377 
6552 6552 0.0204618 0.000786351 
6553 6553 0.0202036 0.00115354 
6554 6554 0.0194757 0.00070818 
6555 6555 0.0194646 0.000662309 
6556 6556 0.0192598 0.000622417 
6557 6557 0.0194384 0.000716118 
6558 6558 0.0201123 0.000932751 
6559 6559 0.0207817 0.000950159 
6560 6560 0.0204151 0.00095379 
6561 6561 0.0203561 0.000949151 
6562 6562 0.0200207 0.00090573 
6563 6563 0.0199869 0.000816992 
6564 6564 0.0212603 0.000880061 
6565 6565 0.0202327 0.000884013 
6566 6566 0.0209786 0.000910406 
6567 6567 0.0202881 0.000958595 
6568 6568 0.0198171 0.000813015 
6569 6569 0.0198842 0.00114022 
6570 6570 0.0207992 0.000891129 
6571 6571 0.0204471 0.000903622 
6572 6572 0.0206873 0.000971165 
6573 6573 0.0206855 0.00088804 
6574 6574 0.0200048 0.000834306 
6575 6575 0.0197924 0.000840523 
6576 6576 0.0198101 0.000789855 
6577 6577 0.0195772 0.000756519 
6578 6578 0.0210555 0.000864428 
6579 6579 0.0200425 0.000818427 
6580 6580 0.0197727 0.000773481 
6581 6581 0.0197426 0.00100647 
6582 6582 0.0231208 0.000969699 
6583 6583 0.0215567 0.000912634 
6584 6584 0.0218285 0.000856803 
6585 6585 0.0199775 0.000883046 
6586 6586 0.0201853 0.000913566 
6587 6587 0.0201287 0.000808823 
6588 6588 0.0202853 0.000756795 
6589 6589 0.0204699 0.000780014 
6590 6590 0.0201541 0.000799935 
6591 6591 0.0202055 0.000793398 
6592 6592 0.0200418 0.000780525 
6593 6593 0.0202605 0.000967765 
6594 6594 0.0213043 0.000933749 
6595 6595 0.0205875 0.000987418 
6596 6596 0.0199956 0.000856825 
6597 6597 0.0199762 0.000876676 
6598 6598 0.0199106 0.00082067 
6599 6599 0.0196995 0.0007666 
6600 6600 0.0198275 0.000857911 
6601 6601 0.0197757 0.000775349 
6602 6602 0.0197712 0.000753483 
6603 6603 0.019578 0.000767471 
6604 6604 0.0198008 0.000846437 
6605 6605 0.0201244 0.000885585 
6606 6606 0.0218083 0.000928302 
6607 6607 0.0205747 0.000826359 
6608 6608 0.0228959 0.000934563 
6609 6609 0.0212104 0.000891001 
6610 6610 0.0201506 0.000828768 
6611 6611 0.0205926 0.000853783 
6612 6612 0.0206902 0.000846966 
6613 6613 0.0210888 0.000944905 
6614 6614 0.0201692 0.000907539 
6615 6615 0.0199353 0.000858223 
6616 6616 0.0205823 0.000865696 
6617 6617 0.0207286 0.000885389 
6618 6618 0.0207456 0.000878668 
6619 6619 0.0205608 0.000901425 
6620 6620 0.0205196 0.000852131 
6621 6621 0.0199355 0.000834256 
6622 6622 0.0200149 0.000838732 
6623 6623 0.0197995 0.000783691 
6624 6624 0.0197515 0.000776752 
6625 6625 0.0198637 0.000794328 
6626 6626 0.0200146 0.000834544 
6627 6627 0.019933 0.000799706 
6628 6628 0.0200629 0.000874721 
6629 6629 0.0204442 0.000872782 
6630 6630 0.0207718 0.000787715 
6631 6631 0.0199987 0.000719302 
6632 6632 0.0198445 0.000688523 
6633 6633 0.0200142 0.000689574 
6634 6634 0.0199035 0.000687512 
6635 6635 0.0198411 0.000645841 
6636 6636 0.0195371 0.000643551 
6637 6637 0.0196913 0.000666168 
6638 6638 0.0194724 0.000652126 
6639 6639 0.0192064 0.000637508 
6640 6640 0.0192116 0.000609702 
6641 6641 0.0214422 0.000948118 
6642 6642 0.0208032 0.000843684 
6643 6643 0.0203291 0.000761323 
6644 6644 0.0200799 0.000724652 
6645 6645 0.0201326 0.000686999 
6646 6646 0.0200667 0.000756719 
6647 6647 0.0200779 0.000712515 
6648 6648 0.0198217 0.000659814 
6649 6649 0.0203223 0.000720872 
6650 6650 0.0205503 0.00063003 
6651 6651 0.0197079 0.000712547 
6652 6652 0.0205588 0.000964213 
6653 6653 0.0204408 0.000942452 
6654 6654 0.020847 0.000890043 
6655 6655 0.0206915 0.000918373 
6656 6656 0.0206107 0.000826819 
6657 6657 0.020051 0.000782706 
6658 6658 0.0198485 0.000875087 
6659 6659 0.0210139 0.000959379 
6660 6660 0.021376 0.000935842 
6661 6661 0.0207868 0.000944503 
6662 6662 0.0205184 0.000835646 
6663 6663 0.0200892 0.000784352 
6664 6664 0.0201485 0.000753308 
6665 6665 0.0203854 0.000807097 
6666 6666 0.0201619 0.000732318 
6667 6667 0.020852 0.000849626 
6668 6668 0.0203503 0.000746229 
6669 6669 0.0195583 0.000721189 
6670 6670 0.0194132 0.000691936 
6671 6671 0.0194493 0.000688312 
6672 6672 0.020349 0.000831142 
6673 6673 0.0214341 0.000816812 
6674 6674 0.0203236 0.000890371 
6675 6675 0.0253151 0.000900215 
6676 6676 0.0256982 0.000957639 
6677 6677 0.022099 0.000941092 
6678 6678 0.0223258 0.000965601 
6679 6679 0.0228534 0.000764667 
6680 6680 0.0215781 0.000771036 
6681 6681 0.0201491 0.000718549 
6682 6682 0.0201757 0.000706178 
6683 6683 0.0198698 0.000684856 
6684 6684 0.0200217 0.000662958 
6685 6685 0.0203064 0.000692959 
6686 6686 0.0198228 0.000643254 
6687 6687 0.0224718 0.000953954 
6688 6688 0.0212031 0.000935149 
6689 6689 0.0206375 0.000733559 
6690 6690 0.020852 0.000831484 
6691 6691 0.0204349 0.000769009 
6692 6692 0.0201376 0.000747816 
6693 6693 0.0204141 0.000710666 
6694 6694 0.0199293 0.000664355 
6695 6695 0.0196292 0.000683833 
6696 6696 0.0202141 0.00075158 
6697 6697 0.020141 0.000719467 
6698 6698 0.020892 0.000955765 
6699 6699 0.0213034 0.000971449 
6700 6700 0.0207323 0.00107347 
6701 6701 0.0202062 0.000661237 
6702 6702 0.0204621 0.000718554 
6703 6703 0.0198733 0.000663566 
6704 6704 0.0200002 0.000868031 
6705 6705 0.0205894 0.00102123 
6706 6706 0.0207759 0.000822174 
6707 6707 0.0244767 0.000880179 
6708 6708 0.0219803 0.000863061 
6709 6709 0.0214072 0.000975216 
6710 6710 0.0214412 0.000970673 
6711 6711 0.0203755 0.00092311 
6712 6712 0.020653 0.000879718 
6713 6713 0.0205308 0.000895716 
6714 6714 0.0204071 0.000750342 
6715 6715 0.0205851 0.000802626 
6716 6716 0.0199578 0.000739075 
6717 6717 0.0198135 0.000852005 
6718 6718 0.0203461 0.000772185 
6719 6719 0.0205151 0.000762074 
6720 6720 0.0200985 0.000772181 
6721 6721 0.0204988 0.000810384 
6722 6722 0.0214164 0.000826097 
6723 6723 0.0204735 0.000736216 
6724 6724 0.0199341 0.000700747 
6725 6725 0.0197207 0.000920945 
6726 6726 0.020119 0.000708547 
6727 6727 0.0205888 0.00076316 
6728 6728 0.0203312 0.000698174 
6729 6729 0.0197606 0.000636421 
6730 6730 0.0199107 0.000685031 
6731 6731 0.0202829 0.000676953 
6732 6732 0.0198876 0.000632237 
6733 6733 0.0196463 0.000674019 
6734 6734 0.0212191 0.000973146 
6735 6735 0.0207325 0.000867848 
6736 6736 0.020272 0.000811992 
6737 6737 0.0201692 0.000798616 
6738 6738 0.0199187 0.000805021 
6739 6739 0.0199087 0.000777345 
6740 6740 0.0208782 0.000699938 
6741 6741 0.0207206 0.000717876 
6742 6742 0.0202158 0.000683122 
6743 6743 0.0200499 0.000658613 
6744 6744 0.0198973 0.000625485 
6745 6745 0.0206505 0.000998833 
6746 6746 0.0209718 0.000964034 
6747 6747 0.0211118 0.00090369 
6748 6748 0.0208006 0.000952604 
6749 6749 0.0219256 0.000971565 
6750 6750 0.0209654 0.000862961 
6751 6751 0.0207757 0.000930264 
6752 6752 0.020638 0.00089749 
6753 6753 0.0205588 0.000924736 
6754 6754 0.0212234 0.000948227 
6755 6755 0.020944 0.00080915 
6756 6756 0.0207206 0.000792306 
6757 6757 0.0208222 0.000867275 
6758 6758 0.0208472 0.000869903 
6759 6759 0.0208288 0.00085825 
6760 6760 0.0210859 0.000813501 
6761 6761 0.0204942 0.00071274 
6762 6762 0.020746 0.000822594 
6763 6763 0.020757 0.000746263 
6764 6764 0.0199827 0.00071666 
6765 6765 0.0204444 0.00070905 
6766 6766 0.0212149 0.000776899 
6767 6767 0.0207148 0.000729758 
6768 6768 0.0205021 0.000688846 
6769 6769 0.0220538 0.00108248 
6770 6770 0.0239054 0.00169217 
6771 6771 0.021909 0.00105619 
6772 6772 0.0212856 0.00100085 
6773 6773 0.0227186 0.00105091 
6774 6774 0.022568 0.000947077 
6775 6775 0.0215307 0.000880217 
6776 6776 0.02035 0.000881965 
6777 6777 0.0202031 0.000828009 
6778 6778 0.0210874 0.000987004 
6779 6779 0.0215926 0.000988051 
6780 6780 0.0239817 0.00100483 
6781 6781 0.0216033 0.000987164 
6782 6782 0.0205913 0.000896847 
6783 6783 0.0205231 0.0009041 
6784 6784 0.020318 0.000856778 
6785 6785 0.0211103 0.000928837 
6786 6786 0.0209233 0.000810063 
6787 6787 0.0201402 0.000766266 
6788 6788 0.0199315 0.000777652 
6789 6789 0.0198179 0.000717145 
6790 6790 0.0208098 0.0010255 
6791 6791 0.021418 0.000975835 
6792 6792 0.0206619 0.000875922 
6793 6793 0.0203577 0.000850751 
6794 6794 0.020116 0.000757262 
6795 6795 0.0201377 0.000751388 
6796 6796 0.0202213 0.000839199 
6797 6797 0.020553 0.000852764 
6798 6798 0.0212939 0.000876328 
6799 6799 0.0225337 0.00101181 
6800 6800 0.021851 0.00101487 
6801 6801 0.0223919 0.00100888 
6802 6802 0.0210979 0.000962635 
6803 6803 0.0208011 0.00092326 
6804 6804 0.0205527 0.000907764 
6805 6805 0.0206334 0.000929962 
6806 6806 0.0216182 0.00100689 
6807 6807 0.0220495 0.00100848 
6808 6808 0.0219287 0.00103823 
6809 6809 0.0209398 0.000953315 
6810 6810 0.0210138 0.000932365 
6811 6811 0.0206068 0.000896474 
6812 6812 0.0203834 0.000821912 
6813 6813 0.0239755 0.000990213 
6814 6814 0.0290565 0.00110364 
6815 6815 0.0244523 0.00128976 
6816 6816 0.0220211 0.000978747 
6817 6817 0.0232553 0.000997057 
6818 6818 0.0283214 0.000992065 
6819 6819 0.0215983 0.000997035 
6820 6820 0.021242 0.000966931 
6821 6821 0.0271838 0.0012458 
6822 6822 0.0226677 0.000868256 
6823 6823 0.0204629 0.000908447 
6824 6824 0.0215804 0.00140459 
6825 6825 0.0207664 0.00078922 
6826 6826 0.0206049 0.000765991 
6827 6827 0.0208541 0.000696162 
6828 6828 0.0203414 0.000663793 
6829 6829 0.0199205 0.000638484 
6830 6830 0.0197818 0.000608163 
6831 6831 0.0203401 0.00065563 
6832 6832 0.0201783 0.000634583 
6833 6833 0.0200204 0.000624928 
6834 6834 0.0202278 0.000615212 
6835 6835 0.021826 0.00131203 
6836 6836 0.0208911 0.000643839 
6837 6837 0.0206564 0.00065588 
6838 6838 0.0205667 0.000728521 
6839 6839 0.0203833 0.000663096 
6840 6840 0.0211064 0.000853854 
6841 6841 0.0210918 0.000810121 
6842 6842 0.0207031 0.00085116 
6843 6843 0.0208386 0.000891933 
6844 6844 0.0233514 0.000874283 
6845 6845 0.0207003 0.000781823 
6846 6846 0.0207048 0.000746971 
6847 6847 0.0203043 0.000910002 
6848 6848 0.0207895 0.000819788 
6849 6849 0.0227945 0.000936679 
6850 6850 0.0210225 0.000861757 
6851 6851 0.0207214 0.000829236 
6852 6852 0.0213515 0.000797152 
6853 6853 0.020792 0.000769886 
6854 6854 0.0205573 0.000834498 
6855 6855 0.0219454 0.00085981 
6856 6856 0.0207412 0.0007503 
6857 6857 0.0220424 0.00085889 
6858 6858 0.0206176 0.000866549 
6859 6859 0.0218596 0.000941802 
6860 6860 0.021985 0.000971639 
6861 6861 0.0213426 0.000936342 
6862 6862 0.0211291 0.000835609 
6863 6863 0.0213743 0.000808355 
6864 6864 0.0207358 0.000777368 
6865 6865 0.0219289 0.000739228 
6866 6866 0.0199929 0.000716378 
6867 6867 0.0205101 0.00103501 
6868 6868 0.0210746 0.000837415 
6869 6869 0.0212749 0.00102754 
6870 6870 0.0217764 0.000949873 
6871 6871 0.0214833 0.000943751 
6872 6872 0.0219342 0.000840122 
6873 6873 0.0208722 0.00074446 
6874 6874 0.0205246 0.000877147 
6875 6875 0.0210909 0.000646764 
6876 6876 0.0204129 0.000626628 
6877 6877 0.0207558 0.0006527 
6878 6878 0.020365 0.000623784 
6879 6879 0.0205803 0.000619596 
6880 6880 0.0236046 0.00100422 
6881 6881 0.0230294 0.000979396 
6882 6882 0.0223268 0.00095645 
6883 6883 0.0205289 0.000858797 
6884 6884 0.0203946 0.000826854 
6885 6885 0.0205658 0.000824657 
6886 6886 0.0208693 0.00102253 
6887 6887 0.0224421 0.000955462 
6888 6888 0.021928 0.000922192 
6889 6889 0.021743 0.000878136 
6890 6890 0.0219118 0.000793965 
6891 6891 0.0212222 0.000754005 
6892 6892 0.0210168 0.000886515 
6893 6893 0.0212277 0.000828929 
6894 6894 0.0213569 0.000881398 
6895 6895 0.0214027 0.000772989 
6896 6896 0.0209761 0.000725843 
6897 6897 0.021052 0.000754335 
6898 6898 0.0214864 0.00100988 
6899 6899 0.0242915 0.00104948 
6900 6900 0.0214015 0.00102389 
6901 6901 0.022063 0.00110269 
6902 6902 0.0270683 0.000925819 
6903 6903 0.0217114 0.000979625 
6904 6904 0.0208117 0.000859985 
6905 6905 0.0213637 0.000931872 
6906 6906 0.0207853 0.000853973 
6907 6907 0.0204442 0.000791184 
6908 6908 0.020521 0.00079257 
6909 6909 0.0241331 0.000964863 
6910 6910 0.0207673 0.000795191 
6911 6911 0.0202394 0.000767991 
6912 6912 0.020054 0.000722636 
6913 6913 0.020793 0.00075536 
6914 6914 0.0219034 0.000893557 
6915 6915 0.021466 0.000938555 
6916 6916 0.0223917 0.000999795 
6917 6917 0.0219414 0.000897842 
6918 6918 0.0213935 0.000789529 
6919 6919 0.0208485 0.000752823 
6920 6920 0.0207631 0.000743975 
6921 6921 0.0208544 0.000743305 
6922 6922 0.0206604 0.00069694 
6923 6923 0.0205505 0.00068839 
6924 6924 0.0203788 0.000666515 
6925 6925 0.021314 0.00105213 
6926 6926 0.021709 0.000982303 
6927 6927 0.0235552 0.000944252 
6928 6928 0.0209184 0.000842156 
6929 6929 0.0202532 0.000745258 
6930 6930 0.0203964 0.00087239 
6931 6931 0.0216225 0.00114368 
6932 6932 0.0211132 0.000946053 
6933 6933 0.0242472 0.00104358 
6934 6934 0.0256224 0.00173708 
6935 6935 0.0349136 0.00108079 
6936 6936 0.0247886 0.00100145 
6937 6937 0.0236284 0.00178191 
6938 6938 0.0405333 0.00184986 
6939 6939 0.0367796 0.00107881 
6940 6940 0.0238527 0.00101636 
6941 6941 0.0228134 0.00102303 
6942 6942 0.0215212 0.000998542 
6943 6943 0.0224983 0.000996226 
6944 6944 0.0213202 0.00101715 
6945 6945 0.0216611 0.000986035 
6946 6946 0.0233312 0.00102696 
6947 6947 0.024663 0.00103421 
6948 6948 0.0216085 0.000953536 
6949 6949 0.0208351 0.000847987 
6950 6950 0.0209268 0.000824973 
6951 6951 0.0208377 0.000857381 
6952 6952 0.0211288 0.000776994 
6953 6953 0.0203995 0.000735042 
6954 6954 0.0201946 0.000728761 
6955 6955 0.0210703 0.000803692 
6956 6956 0.0212932 0.000942199 
6957 6957 0.0211247 0.000954257 
6958 6958 0.021373 0.000924577 
6959 6959 0.0212709 0.000828298 
6960 6960 0.0207871 0.000774647 
6961 6961 0.0216463 0.000819196 
6962 6962 0.0208525 0.000826188 
6963 6963 0.0207091 0.000716422 
6964 6964 0.0208071 0.000683775 
6965 6965 0.0217015 0.000762273 
6966 6966 0.0209675 0.000737373 
6967 6967 0.0230048 0.000990995 
6968 6968 0.0213654 0.000933909 
6969 6969 0.0211919 0.000904143 
6970 6970 0.021095 0.000860863 
6971 6971 0.0208231 0.00074763 
6972 6972 0.0218338 0.000943195 
6973 6973 0.021011 0.000909036 
6974 6974 0.0218163 0.000914982 
6975 6975 0.0219644 0.000946706 
6976 6976 0.0215916 0.000949893 
6977 6977 0.0210626 0.000799452 
6978 6978 0.0204672 0.00082448 
6979 6979 0.0212028 0.000843647 
6980 6980 0.0213855 0.00076321 
6981 6981 0.0218281 0.000939233 
6982 6982 0.0212753 0.000858286 
6983 6983 0.0215987 0.000930178 
6984 6984 0.0220946 0.000845342 
6985 6985 0.0223078 0.000928387 
6986 6986 0.021293 0.000828753 
6987 6987 0.0270007 0.000998142 
6988 6988 0.022551 0.000808357 
6989 6989 0.0213724 0.000843091 
6990 6990 0.0212072 0.000783134 
6991 6991 0.0220255 0.000752887 
6992 6992 0.0207654 0.000715956 
6993 6993 0.0218863 0.000731227 
6994 6994 0.0208271 0.000726002 
6995 6995 0.022047 0.000755554 
6996 6996 0.0209407 0.000699875 
6997 6997 0.0208346 0.000674901 
6998 6998 0.020638 0.000667029 
6999 6999 0.02245 0.000976777 
7000 7000 0.0224978 0.000993755 
7001 7001 0.0222026 0.00101646 
7002 7002 0.0222419 0.00100406 
7003 7003 0.022094 0.00102949 
7004 7004 0.0218983 0.000970777 
7005 7005 0.0215721 0.000899997 
7006 7006 0.0215487 0.000783736 
7007 7007 0.0211463 0.000731544 
7008 7008 0.020943 0.000794623 
7009 7009 0.0212095 0.00081965 
7010 7010 0.0215228 0.00075687 
7011 7011 0.0210592 0.00100475 
7012 7012 0.0227958 0.000975706 
7013 7013 0.0217423 0.000914985 
7014 7014 0.0218786 0.000816852 
7015 7015 0.0259419 0.000951506 
7016 7016 0.0216375 0.000849596 
7017 7017 0.0217162 0.00098383 
7018 7018 0.0219269 0.000862373 
7019 7019 0.0226934 0.000967503 
7020 7020 0.0212885 0.000894784 
7021 7021 0.0209767 0.000820286 
7022 7022 0.020698 0.000840234 
7023 7023 0.0209418 0.00094168 
7024 7024 0.0223478 0.000895307 
7025 7025 0.0213048 0.000832432 
7026 7026 0.0212218 0.000838993 
7027 7027 0.0217646 0.00077193 
7028 7028 0.021885 0.000737154 
7029 7029 0.0218299 0.000711728 
7030 7030 0.0215219 0.000680729 
7031 7031 0.021634 0.000741235 
7032 7032 0.0220637 0.000738001 
7033 7033 0.0214928 0.000742134 
7034 7034 0.020766 0.000718673 
7035 7035 0.0217318 0.000984278 
7036 7036 0.0224673 0.00107816 
7037 7037 0.0229869 0.000882901 
7038 7038 0.021766 0.000836964 
7039 7039 0.0219775 0.000775168 
7040 7040 0.0230776 0.000774013 
7041 7041 0.0293255 0.000944176 
7042 7042 0.0222684 0.000683895 
7043 7043 0.0214759 0.000808854 
7044 7044 0.0233883 0.000970947 
7045 7045 0.0218352 0.000884763 
7046 7046 0.0232079 0.000957759 
7047 7047 0.0217529 0.000797587 
7048 7048 0.0216625 0.000792879 
7049 7049 0.0211799 0.00075154 
7050 7050 0.0208854 0.000695117 
7051 7051 0.0210106 0.000663267 
7052 7052 0.0209358 0.000695817 
7053 7053 0.0208742 0.000791321 
7054 7054 0.0217018 0.000740351 
7055 7055 0.0226995 0.00102219 
7056 7056 0.022397 0.00102452 
7057 7057 0.0218372 0.000905275 
7058 7058 0.0216701 0.000928988 
7059 7059 0.0223671 0.000886995 
7060 7060 0.0219877 0.00084194 
7061 7061 0.0218503 0.000854464 
7062 7062 0.0223623 0.000847345 
7063 7063 0.0222378 0.000894382 
7064 7064 0.0222008 0.000785787 
7065 7065 0.0212872 0.000735755 
7066 7066 0.0213479 0.000797136 
7067 7067 0.0217433 0.000797099 
7068 7068 0.0217455 0.000911597 
7069 7069 0.0222949 0.000838202 
7070 7070 0.0217757 0.000846366 
7071 7071 0.0215705 0.000848222 
7072 7072 0.0218735 0.000740748 
7073 7073 0.0216217 0.000678936 
7074 7074 0.0213567 0.000673522 
7075 7075 0.0209086 0.000659693 
7076 7076 0.0213559 0.000664885 
7077 7077 0.0210503 0.000816237 
7078 7078 0.0212995 0.000839127 
7079 7079 0.0217234 0.000785555 
7080 7080 0.0214557 0.000732071 
7081 7081 0.0212566 0.000724426 
7082 7082 0.0218658 0.000732191 
7083 7083 0.0215005 0.000798074 
7084 7084 0.0213292 0.000720389 
7085 7085 0.0212512 0.000680038 
7086 7086 0.0211778 0.000687066 
7087 7087 0.0207987 0.000721624 
7088 7088 0.0209223 0.000839802 
7089 7089 0.0221643 0.000853747 
7090 7090 0.0220232 0.000920247 
7091 7091 0.0222137 0.000831117 
7092 7092 0.0214653 0.000784461 
7093 7093 0.0213921 0.000741268 
7094 7094 0.0213426 0.000711839 
7095 7095 0.0218393 0.000680197 
7096 7096 0.0217216 0.00101444 
7097 7097 0.0211882 0.000879198 
7098 7098 0.0211258 0.000860361 
7099 7099 0.0212009 0.000859405 
7100 7100 0.0226889 0.000992639 
7101 7101 0.0218532 0.000958429 
7102 7102 0.0215851 0.000981967 
7103 7103 0.0222291 0.00091156 
7104 7104 0.0210334 0.000887639 
7105 7105 0.0212578 0.000976409 
7106 7106 0.0219621 0.00110509 
7107 7107 0.02144 0.000909683 
7108 7108 0.021461 0.00124853 
7109 7109 0.0213425 0.000564162 
7110 7110 0.0211478 0.000534762 
7111 7111 0.0212369 0.000826213 
7112 7112 0.0213764 0.000793897 
7113 7113 0.0217861 0.000873623 
7114 7114 0.0218589 0.000907667 
7115 7115 0.0216778 0.00100649 
7116 7116 0.0209041 0.000575317 
7117 7117 0.0212598 0.000596532 
7118 7118 0.0242192 0.000904462 
7119 7119 0.0210978 0.000829892 
7120 7120 0.0209575 0.000775356 
7121 7121 0.0210002 0.000738343 
7122 7122 0.0221728 0.000900796 
7123 7123 0.0214649 0.000813193 
7124 7124 0.0313817 0.000927888 
7125 7125 0.0227649 0.000992085 
7126 7126 0.0225786 0.000989309 
7127 7127 0.0261594 0.000879135 
7128 7128 0.022168 0.000770821 
7129 7129 0.0214715 0.000723256 
7130 7130 0.0216991 0.000794554 
7131 7131 0.0220536 0.00074564 
7132 7132 0.0241852 0.00103645 
7133 7133 0.022984 0.0010087 
7134 7134 0.022432 0.000905134 
7135 7135 0.0221119 0.000832124 
7136 7136 0.0217858 0.000761666 
7137 7137 0.0215287 0.000689229 
7138 7138 0.0213552 0.000679569 
7139 7139 0.0210936 0.000646603 
7140 7140 0.0212444 0.000644686 
7141 7141 0.0211333 0.000679676 
7142 7142 0.0213321 0.000640397 
7143 7143 0.0217395 0.000924461 
7144 7144 0.0222238 0.00104664 
7145 7145 0.0221467 0.000957299 
7146 7146 0.0214355 0.000838026 
7147 7147 0.0213615 0.000879615 
7148 7148 0.0213333 0.000870229 
7149 7149 0.0268433 0.00102336 
7150 7150 0.0214714 0.000921816 
7151 7151 0.0217781 0.000967034 
7152 7152 0.0214357 0.000878578 
7153 7153 0.0220243 0.000908431 
7154 7154 0.0218433 0.000846948 
7155 7155 0.0220398 0.000945199 
7156 7156 0.0223377 0.000926319 
7157 7157 0.0221462 0.00089093 
7158 7158 0.0221857 0.000804158 
7159 7159 0.0219216 0.000823913 
7160 7160 0.0218308 0.000760676 
7161 7161 0.0215507 0.000702605 
7162 7162 0.0214384 0.000665573 
7163 7163 0.0212573 0.000642505 
7164 7164 0.0213071 0.000666477 
7165 7165 0.021564 0.000717036 
7166 7166 0.0213494 0.000731801 
7167 7167 0.0212857 0.000661529 
7168 7168 0.0212647 0.000641426 
7169 7169 0.0217306 0.000678797 
7170 7170 0.0211859 0.000654226 
7171 7171 0.0239011 0.00160573 
7172 7172 0.0277359 0.000796833 
7173 7173 0.0218217 0.000741003 
7174 7174 0.0214266 0.000698042 
7175 7175 0.0208362 0.000688577 
7176 7176 0.0240182 0.000869473 
7177 7177 0.0214852 0.000827386 
7178 7178 0.0228504 0.00094556 
7179 7179 0.0223036 0.000868379 
7180 7180 0.0218861 0.000788722 
7181 7181 0.0220557 0.000807403 
7182 7182 0.0220055 0.000756369 
7183 7183 0.0214558 0.000732862 
7184 7184 0.0213357 0.000814611 
7185 7185 0.0220454 0.000675396 
7186 7186 0.0218615 0.00069402 
7187 7187 0.0229021 0.00106332 
7188 7188 0.0228668 0.000987683 
7189 7189 0.0224689 0.000884222 
7190 7190 0.022133 0.00085899 
7191 7191 0.0222343 0.000853732 
7192 7192 0.0228616 0.000880216 
7193 7193 0.0218956 0.000833952 
7194 7194 0.0214683 0.000853225 
7195 7195 0.0222294 0.000949408 
7196 7196 0.021794 0.000859061 
7197 7197 0.021702 0.000874968 
7198 7198 0.0220757 0.000960236 
7199 7199 0.0220298 0.000905242 
7200 7200 0.0220348 0.00093974 
7201 7201 0.0217218 0.000888357 
7202 7202 0.0227638 0.000854052 
7203 7203 0.0218158 0.000811582 
7204 7204 0.0215071 0.000811798 
7205 7205 0.0211017 0.000753509 
7206 7206 0.0211485 0.000740025 
7207 7207 0.0212827 0.000716452 
7208 7208 0.0209385 0.000769785 
7209 7209 0.021971 0.000851273 
7210 7210 0.0215217 0.000764562 
7211 7211 0.026027 0.00102762 
7212 7212 0.0236698 0.000999641 
7213 7213 0.0221428 0.00089886 
7214 7214 0.0227806 0.000900372 
7215 7215 0.0242989 0.000864751 
7216 7216 0.0225587 0.000802747 
7217 7217 0.0216026 0.000759868 
7218 7218 0.0225642 0.000845266 
7219 7219 0.0242104 0.00100554 
7220 7220 0.022568 0.000901949 
7221 7221 0.0224092 0.00092381 
7222 7222 0.0223837 0.000902967 
7223 7223 0.0223004 0.000820674 
7224 7224 0.0222483 0.000774351 
7225 7225 0.0224805 0.000774265 
7226 7226 0.0215442 0.000752305 
7227 7227 0.0213657 0.000856459 
7228 7228 0.021418 0.000739006 
7229 7229 0.0213381 0.000700606 
7230 7230 0.0222624 0.00104921 
7231 7231 0.0224943 0.00101005 
7232 7232 0.0225703 0.000942094 
7233 7233 0.0223259 0.00109031 
7234 7234 0.0239513 0.00103683 
7235 7235 0.0215525 0.000995009 
7236 7236 0.0223078 0.000965739 
7237 7237 0.0218114 0.000859614 
7238 7238 0.0230092 0.00102047 
7239 7239 0.0223241 0.00104318 
7240 7240 0.0231293 0.00111694 
7241 7241 0.0289534 0.00112065 
7242 7242 0.0238297 0.00109408 
7243 7243 0.0248868 0.00111647 
7244 7244 0.023165 0.0010725 
7245 7245 0.0244806 0.00106525 
7246 7246 0.0237755 0.00110189 
7247 7247 0.0239152 0.0010717 
7248 7248 0.023271 0.00106378 
7249 7249 0.023159 0.00105592 
7250 7250 0.0241864 0.00110741 
7251 7251 0.0237905 0.0010958 
7252 7252 0.0239982 0.0010782 
7253 7253 0.0229933 0.00104671 
7254 7254 0.0236437 0.00105775 
7255 7255 0.0243583 0.00109473 
7256 7256 0.0239073 0.00107557 
7257 7257 0.0234858 0.00106539 
7258 7258 0.0222845 0.000997923 
7259 7259 0.0219031 0.000924288 
7260 7260 0.0218814 0.00092637 
7261 7261 0.0224016 0.00105898 
7262 7262 0.0228027 0.0010536 
7263 7263 0.0239211 0.00109356 
7264 7264 0.023053 0.00103758 
7265 7265 0.0219558 0.00103537 
7266 7266 0.0221174 0.000967943 
7267 7267 0.022213 0.000997479 
7268 7268 0.0234743 0.00104693 
7269 7269 0.0230351 0.00106017 
7270 7270 0.0228764 0.00103323 
7271 7271 0.0231935 0.00104615 
7272 7272 0.0232954 0.00104563 
7273 7273 0.023055 0.0010664 
7274 7274 0.0226812 0.00109276 
7275 7275 0.0232122 0.00110381 
7276 7276 0.0226416 0.00104203 
7277 7277 0.0225803 0.00102272 
7278 7278 0.0290181 0.00123499 
7279 7279 0.0236788 0.00107192 
7280 7280 0.0227746 0.00105623 
7281 7281 0.0228516 0.00103124 
7282 7282 0.0226927 0.00100211 
7283 7283 0.0219407 0.00100303 
7284 7284 0.0219057 0.000957229 
7285 7285 0.0224418 0.00106845 
7286 7286 0.0226961 0.0010763 
7287 7287 0.0226539 0.00107798 
7288 7288 0.0225802 0.00104529 
7289 7289 0.0222377 0.00100938 
7290 7290 0.0221595 0.00120315 
7291 7291 0.0228724 0.00140217 
7292 7292 0.0237006 0.00108799 
7293 7293 0.0230512 0.00108603 
7294 7294 0.0232696 0.00113307 
7295 7295 0.0240341 0.00106716 
7296 7296 0.0237261 0.00104943 
7297 7297 0.0232471 0.00109941 
7298 7298 0.0229155 0.00110729 
7299 7299 0.0233236 0.00111688 
7300 7300 0.0224363 0.00116383 
7301 7301 0.0220893 0.000957439 
7302 7302 0.0224385 0.00106139 
7303 7303 0.0223462 0.00102104 
7304 7304 0.0233206 0.00107633 
7305 7305 0.0233192 0.00109967 
7306 7306 0.0233216 0.00103839 
7307 7307 0.0221721 0.000983411 
7308 7308 0.0222084 0.00110399 
7309 7309 0.0224738 0.000925214 
7310 7310 0.0231024 0.00105866 
7311 7311 0.0231238 0.0011832 
7312 7312 0.0231899 0.00108932 
7313 7313 0.0239215 0.00112323 
7314 7314 0.0232703 0.00104459 
7315 7315 0.0223355 0.000999417 
7316 7316 0.02293 0.00108127 
7317 7317 0.0239911 0.00108282 
7318 7318 0.0247318 0.00106569 
7319 7319 0.0222194 0.00100136 
7320 7320 0.0224514 0.00102574 
7321 7321 0.022548 0.00102665 
7322 7322 0.023362 0.00106474 
7323 7323 0.0234578 0.00107002 
7324 7324 0.0229813 0.00104232 
7325 7325 0.0231055 0.00106275 
7326 7326 0.0226908 0.00103937 
7327 7327 0.0236626 0.00115402 
7328 7328 0.0238853 0.00120938 
7329 7329 0.0228731 0.00106902 
7330 7330 0.0220491 0.00103504 
7331 7331 0.0218871 0.000889941 
7332 7332 0.0220058 0.000927558 
7333 7333 0.0222743 0.001233 
7334 7334 0.0229826 0.00105147 
7335 7335 0.022894 0.00106361 
7336 7336 0.0234376 0.00105636 
7337 7337 0.0230639 0.00101645 
7338 7338 0.0222872 0.00100612 
7339 7339 0.0222643 0.000984116 
7340 7340 0.0237556 0.00106826 
7341 7341 0.0236659 0.00110735 
7342 7342 0.0249859 0.00104426 
7343 7343 0.0221561 0.000949499 
7344 7344 0.0223127 0.00100077 
7345 7345 0.0224608 0.00109194 
7346 7346 0.0241422 0.00122969 
7347 7347 0.0229442 0.00105679 
7348 7348 0.0228977 0.00108201 
7349 7349 0.0226349 0.00105422 
7350 7350 0.0224094 0.00102555 
7351 7351 0.0222831 0.000978141 
7352 7352 0.0221651 0.000981072 
7353 7353 0.0224591 0.00105115 
7354 7354 0.0234903 0.00108887 
7355 7355 0.0232621 0.00105915 
7356 7356 0.022669 0.00104916 
7357 7357 0.0221353 0.000979696 
7358 7358 0.0224403 0.000947034 
7359 7359 0.0224233 0.000963597 
7360 7360 0.0224431 0.00103423 
7361 7361 0.0221573 0.000956867 
7362 7362 0.0223601 0.00101485 
7363 7363 0.0226196 0.000958469 
7364 7364 0.022009 0.000887112 
7365 7365 0.0221176 0.000892175 
7366 7366 0.022502 0.00102905 
7367 7367 0.0228645 0.000980401 
7368 7368 0.0229426 0.000919842 
7369 7369 0.0227229 0.000862843 
7370 7370 0.0223729 0.000814534 
7371 7371 0.0223611 0.000793153 
7372 7372 0.0225533 0.000754038 
7373 7373 0.022129 0.000710885 
7374 7374 0.0230184 0.000870348 
7375 7375 0.022417 0.000872457 
7376 7376 0.0227652 0.000952115 
7377 7377 0.0219561 0.000741599 
7378 7378 0.022035 0.000919242 
7379 7379 0.0258771 0.00101031 
7380 7380 0.0242633 0.00107742 
7381 7381 0.0228824 0.000943016 
7382 7382 0.0222212 0.000894315 
7383 7383 0.0266927 0.000864077 
7384 7384 0.0239948 0.000774117 
7385 7385 0.0296618 0.00122353 
7386 7386 0.0307119 0.00101737 
7387 7387 0.0230381 0.00101774 
7388 7388 0.0228645 0.000951247 
7389 7389 0.0228351 0.000826985 
7390 7390 0.0223863 0.000801007 
7391 7391 0.0223768 0.000742879 
7392 7392 0.0223605 0.000723139 
7393 7393 0.0223675 0.000882682 
7394 7394 0.0229223 0.000820574 
7395 7395 0.0225252 0.000843968 
7396 7396 0.0229829 0.00103819 
7397 7397 0.0225355 0.00100087 
7398 7398 0.0226185 0.0009773 
7399 7399 0.0228088 0.000886299 
7400 7400 0.0224239 0.000836544 
7401 7401 0.0222362 0.000794967 
7402 7402 0.0227564 0.000935367 
7403 7403 0.0232769 0.000973811 
7404 7404 0.022705 0.000999747 
7405 7405 0.0229736 0.000943053 
7406 7406 0.0226072 0.000893513 
7407 7407 0.022957 0.000995634 
7408 7408 0.0230492 0.0010248 
7409 7409 0.0228969 0.0010081 
7410 7410 0.0221356 0.000930044 
7411 7411 0.0220198 0.000861393 
7412 7412 0.0225719 0.000912724 
7413 7413 0.0227599 0.00086016 
7414 7414 0.0222938 0.000774464 
7415 7415 0.0222352 0.000721708 
7416 7416 0.0227094 0.000710086 
7417 7417 0.0227276 0.000856488 
7418 7418 0.0223811 0.000898188 
7419 7419 0.02283 0.000832251 
7420 7420 0.022667 0.000845596 
7421 7421 0.022451 0.000800971 
7422 7422 0.0223537 0.000764085 
7423 7423 0.0224081 0.000766172 
7424 7424 0.0228608 0.000761261 
7425 7425 0.0219893 0.00066524 
7426 7426 0.0274601 0.00100726 
7427 7427 0.0224548 0.000948967 
7428 7428 0.0229898 0.00101944 
7429 7429 0.0228966 0.000974789 
7430 7430 0.0227323 0.000983961 
7431 7431 0.0224597 0.000916045 
7432 7432 0.0224983 0.00108889 
7433 7433 0.0225631 0.000958083 
7434 7434 0.0221443 0.00086878 
7435 7435 0.0223726 0.000900749 
7436 7436 0.0221028 0.00088647 
7437 7437 0.0221248 0.000751076 
7438 7438 0.0230303 0.00106503 
7439 7439 0.022745 0.000991426 
7440 7440 0.0222891 0.000893009 
7441 7441 0.0224899 0.000903825 
7442 7442 0.0234747 0.000894103 
7443 7443 0.022785 0.000841684 
7444 7444 0.0228625 0.000960877 
7445 7445 0.0229415 0.000975289 
7446 7446 0.0245547 0.00105788 
7447 7447 0.0227132 0.000933247 
7448 7448 0.0222954 0.000860133 
7449 7449 0.0228556 0.00151016 
7450 7450 0.0230496 0.00108487 
7451 7451 0.0241344 0.00106687 
7452 7452 0.0234033 0.000955945 
7453 7453 0.0226968 0.000885118 
7454 7454 0.0246646 0.00112583 
7455 7455 0.0228516 0.00090541 
7456 7456 0.0217508 0.00083118 
7457 7457 0.0217928 0.000801384 
7458 7458 0.0218757 0.000800189 
7459 7459 0.022707 0.000960265 
7460 7460 0.0224133 0.000942324 
7461 7461 0.0254812 0.000882695 
7462 7462 0.0230273 0.00092141 
7463 7463 0.023929 0.00102383 
7464 7464 0.0234623 0.00102481 
7465 7465 0.0229132 0.000946234 
7466 7466 0.0231486 0.000893413 
7467 7467 0.0227835 0.000874716 
7468 7468 0.0232954 0.000812801 
7469 7469 0.0241501 0.000972015 
7470 7470 0.0231326 0.000982518 
7471 7471 0.02323 0.000999388 
7472 7472 0.0234074 0.00100337 
7473 7473 0.0232443 0.000892578 
7474 7474 0.0227514 0.000821622 
7475 7475 0.0225397 0.000779988 
7476 7476 0.0227957 0.000983143 
7477 7477 0.02311 0.000855867 
7478 7478 0.0225374 0.000823302 
7479 7479 0.0228816 0.00086442 
7480 7480 0.0238577 0.0010431 
7481 7481 0.0233764 0.000951728 
7482 7482 0.0243698 0.00096978 
7483 7483 0.0232906 0.000877906 
7484 7484 0.0237419 0.000798583 
7485 7485 0.0233608 0.00096271 
7486 7486 0.0236593 0.00106516 
7487 7487 0.023422 0.000986217 
7488 7488 0.0239737 0.000896841 
7489 7489 0.0231183 0.000834288 
7490 7490 0.0231034 0.000922936 
7491 7491 0.0228259 0.000829092 
7492 7492 0.0231851 0.00108734 
7493 7493 0.0264578 0.0010198 
7494 7494 0.0237052 0.000935838 
7495 7495 0.022805 0.000840924 
7496 7496 0.0220296 0.000803543 
7497 7497 0.0218223 0.00079225 
7498 7498 0.0222379 0.000810662 
7499 7499 0.0223573 0.000762889 
7500 7500 0.0223688 0.000764979 
7501 7501 0.0236111 0.000979939 
7502 7502 0.0231062 0.000895528 
7503 7503 0.0229185 0.00100145 
7504 7504 0.0229585 0.000919214 
7505 7505 0.0221306 0.000820852 
7506 7506 0.0224316 0.000837628 
7507 7507 0.0250515 0.000985725 
7508 7508 0.0230615 0.000922659 
7509 7509 0.0227987 0.000880205 
7510 7510 0.0226224 0.000880449 
7511 7511 0.0231435 0.0010051 
7512 7512 0.0240116 0.00105471 
7513 7513 0.0241351 0.00100956 
7514 7514 0.0231592 0.00098889 
7515 7515 0.0230927 0.000961386 
7516 7516 0.0227608 0.000892892 
7517 7517 0.0231862 0.000990406 
7518 7518 0.023287 0.000921286 
7519 7519 0.0222939 0.000844075 
7520 7520 0.022102 0.00103946 
7521 7521 0.0227141 0.00102105 
7522 7522 0.0238324 0.0013892 
7523 7523 0.0234036 0.000973451 
7524 7524 0.0260296 0.00105717 
7525 7525 0.0233634 0.00100302 
7526 7526 0.0232156 0.000964647 
7527 7527 0.0228407 0.00104541 
7528 7528 0.0229757 0.00100815 
7529 7529 0.023377 0.00103637 
7530 7530 0.0230134 0.000959302 
7531 7531 0.0228479 0.000817847 
7532 7532 0.0237671 0.00102146 
7533 7533 0.0232246 0.000854789 
7534 7534 0.0251009 0.00117375 
7535 7535 0.0227258 0.000995144 
7536 7536 0.0225579 0.000912784 
7537 7537 0.02225 0.000880309 
7538 7538 0.0221158 0.000873621 
7539 7539 0.0221499 0.000868795 
7540 7540 0.0221512 0.000855224 
7541 7541 0.0220283 0.000788136 
7542 7542 0.0238001 0.00100499 
7543 7543 0.0234181 0.000935529 
7544 7544 0.0232888 0.000835594 
7545 7545 0.023107 0.000781422 
7546 7546 0.0263861 0.00122869 
7547 7547 0.0240912 0.00107582 
7548 7548 0.0230898 0.00103909 
7549 7549 0.0230518 0.000872089 
7550 7550 0.0238439 0.000927544 
7551 7551 0.022713 0.000863257 
7552 7552 0.0239213 0.000931681 
7553 7553 0.0263565 0.000955077 
7554 7554 0.0231341 0.000999638 
7555 7555 0.0269099 0.00112754 
7556 7556 0.0362126 0.00167531 
7557 7557 0.0294308 0.000984522 
7558 7558 0.0232897 0.000873851 
7559 7559 0.0231971 0.000798637 
7560 7560 0.0229648 0.000751468 
7561 7561 0.0239173 0.00099957 
7562 7562 0.0233822 0.000994422 
7563 7563 0.0228475 0.000910043 
7564 7564 0.0256807 0.000980259 
7565 7565 0.0234301 0.000925438 
7566 7566 0.0231113 0.000955832 
7567 7567 0.0230775 0.000989151 
7568 7568 0.0229186 0.00097094 
7569 7569 0.0240575 0.00104636 
7570 7570 0.023192 0.000936978 
7571 7571 0.0224906 0.000847861 
7572 7572 0.0232436 0.00117739 
7573 7573 0.0235234 0.00101818 
7574 7574 0.0250219 0.00108613 
7575 7575 0.0256984 0.001046 
7576 7576 0.0230811 0.000963673 
7577 7577 0.0226191 0.000870426 
7578 7578 0.0232092 0.000912204 
7579 7579 0.0230555 0.000914747 
7580 7580 0.023345 0.00100633 
7581 7581 0.0227872 0.00100634 
7582 7582 0.023242 0.00103796 
7583 7583 0.0230567 0.000945519 
7584 7584 0.0226468 0.00085929 
7585 7585 0.0223988 0.000828087 
7586 7586 0.0222081 0.000807316 
7587 7587 0.0221835 0.000799819 
7588 7588 0.0224937 0.000764258 
7589 7589 0.0222514 0.000752025 
7590 7590 0.0224835 0.000820381 
7591 7591 0.0269064 0.00102568 
7592 7592 0.0232057 0.000960995 
7593 7593 0.0237408 0.00101701 
7594 7594 0.0244164 0.00103582 
7595 7595 0.023474 0.00106548 
7596 7596 0.0232295 0.000982201 
7597 7597 0.0230031 0.00111209 
7598 7598 0.0227504 0.000953361 
7599 7599 0.0225802 0.000893801 
7600 7600 0.0231452 0.000942792 
7601 7601 0.0233335 0.000882941 
7602 7602 0.0232311 0.000947817 
7603 7603 0.0239052 0.00104023 
7604 7604 0.0234158 0.00099603 
7605 7605 0.0237954 0.000942642 
7606 7606 0.0237306 0.000919947 
7607 7607 0.0237247 0.000915454 
7608 7608 0.0233927 0.000989014 
7609 7609 0.0236742 0.000959018 
7610 7610 0.0238984 0.0010134 
7611 7611 0.0238437 0.000882525 
7612 7612 0.0229589 0.000831085 
7613 7613 0.0229019 0.000944341 
7614 7614 0.0226732 0.000824307 
7615 7615 0.0255042 0.00109597 
7616 7616 0.0233399 0.00103268 
7617 7617 0.0233731 0.000973351 
7618 7618 0.0230868 0.000930229 
7619 7619 0.0227825 0.000796093 
7620 7620 0.0226461 0.000803103 
7621 7621 0.0223831 0.000769022 
7622 7622 0.0231994 0.00103595 
7623 7623 0.0249057 0.00109885 
7624 7624 0.0237512 0.000960482 
7625 7625 0.0236384 0.000923929 
7626 7626 0.0227636 0.00086246 
7627 7627 0.0233793 0.00116262 
7628 7628 0.024789 0.00105314 
7629 7629 0.0251395 0.0011047 
7630 7630 0.0310192 0.00136205 
7631 7631 0.0259379 0.000883591 
7632 7632 0.0252223 0.000864534 
7633 7633 0.0273899 0.0010577 
7634 7634 0.0242539 0.00100839 
7635 7635 0.0251023 0.00122066 
7636 7636 0.0245683 0.000981492 
7637 7637 0.0233355 0.00091567 
7638 7638 0.0231502 0.000945825 
7639 7639 0.0232842 0.00085678 
7640 7640 0.0231658 0.00102413 
7641 7641 0.0228041 0.000703391 
7642 7642 0.0232782 0.000855184 
7643 7643 0.0236718 0.00102822 
7644 7644 0.0232851 0.000987727 
7645 7645 0.0248898 0.00105007 
7646 7646 0.0235611 0.000939566 
7647 7647 0.0234932 0.000878514 
7648 7648 0.0236363 0.00101802 
7649 7649 0.0241507 0.00122016 
7650 7650 0.0249603 0.00109592 
7651 7651 0.0245111 0.001034 
7652 7652 0.0239046 0.000890869 
7653 7653 0.0243628 0.000852837 
7654 7654 0.0240312 0.000986484 
7655 7655 0.0258245 0.00111517 
7656 7656 0.0254617 0.00125786 
7657 7657 0.0257059 0.00123382 
7658 7658 0.0263337 0.00116248 
7659 7659 0.0243014 0.00121762 
7660 7660 0.0250528 0.001181 
7661 7661 0.0251017 0.00117387 
7662 7662 0.0252592 0.00115935 
7663 7663 0.0253207 0.00115197 
7664 7664 0.0244124 0.00107263 
7665 7665 0.0235208 0.00100273 
7666 7666 0.0230851 0.000964895 
7667 7667 0.0233518 0.0010239 
7668 7668 0.0242651 0.00111107 
7669 7669 0.0239366 0.00112036 
7670 7670 0.0239972 0.00124752 
7671 7671 0.0267223 0.00106883 
7672 7672 0.0244357 0.00108411 
7673 7673 0.0245293 0.00111622 
7674 7674 0.0241726 0.00112253 
7675 7675 0.0239997 0.00113244 
7676 7676 0.0239295 0.00108106 
7677 7677 0.0237808 0.00101781 
7678 7678 0.0238479 0.000996154 
7679 7679 0.0242496 0.00107711 
7680 7680 0.0240112 0.00110167 
7681 7681 0.0243252 0.00119937 
7682 7682 0.0242272 0.00110464 
7683 7683 0.0234445 0.00105447 
7684 7684 0.0236245 0.0011183 
7685 7685 0.0247224 0.0011357 
7686 7686 0.0243497 0.00112215 
7687 7687 0.0244422 0.00115789 
7688 7688 0.0239419 0.0011203 
7689 7689 0.0234168 0.00109202 
7690 7690 0.0239129 0.00105307 
7691 7691 0.0237864 0.00110009 
7692 7692 0.0243868 0.00111377 
7693 7693 0.0243095 0.00113103 
7694 7694 0.0235362 0.00106515 
7695 7695 0.0240543 0.00114116 
7696 7696 0.0234422 0.00103228 
7697 7697 0.0242996 0.00113526 
7698 7698 0.0242346 0.00115098 
7699 7699 0.024541 0.00111653 
7700 7700 0.0235391 0.00106579 
7701 7701 0.0235403 0.00106106 
7702 7702 0.0242509 0.00109261 
7703 7703 0.0244264 0.00111076 
7704 7704 0.0241724 0.00115333 
7705 7705 0.024116 0.00109294 
7706 7706 0.0240988 0.00153227 
7707 7707 0.0275396 0.00115095 
7708 7708 0.025068 0.00117456 
7709 7709 0.0244331 0.00112471 
7710 7710 0.0256131 0.00108612 
7711 7711 0.0238542 0.0010512 
7712 7712 0.025067 0.00112085 
7713 7713 0.0312554 0.00146244 
7714 7714 0.0252888 0.00110344 
7715 7715 0.0243983 0.00114747 
7716 7716 0.0240822 0.00113058 
7717 7717 0.0235422 0.00107296 
7718 7718 0.0237479 0.00102002 
7719 7719 0.0235636 0.000995103 
7720 7720 0.0232552 0.00103541 
7721 7721 0.0249435 0.0011314 
7722 7722 0.0246732 0.00116843 
7723 7723 0.0262946 0.00115855 
7724 7724 0.0245411 0.00112065 
7725 7725 0.023811 0.00110714 
7726 7726 0.0247425 0.00108855 
7727 7727 0.0259017 0.00110122 
7728 7728 0.0243558 0.00107839 
7729 7729 0.0239013 0.00103242 
7730 7730 0.0233088 0.000954679 
7731 7731 0.0278076 0.00119582 
7732 7732 0.0272278 0.00119286 
7733 7733 0.0253068 0.00112615 
7734 7734 0.024345 0.00108829 
7735 7735 0.0246522 0.0011335 
7736 7736 0.023438 0.00104035 
7737 7737 0.0246216 0.00108756 
7738 7738 0.0236248 0.00100842 
7739 7739 0.0231876 0.000901978 
7740 7740 0.0235811 0.000946391 
7741 7741 0.0237277 0.000943028 
7742 7742 0.0230472 0.000928333 
7743 7743 0.0229915 0.000843058 
7744 7744 0.0249221 0.00102223 
7745 7745 0.0227712 0.000911875 
7746 7746 0.0225902 0.000854928 
7747 7747 0.0225763 0.00093818 
7748 7748 0.0230405 0.000884941 
7749 7749 0.0231633 0.00092427 
7750 7750 0.0235737 0.000924264 
7751 7751 0.0234635 0.00115692 
7752 7752 0.0235302 0.00105408 
7753 7753 0.0241267 0.00109986 
7754 7754 0.0232794 0.00102272 
7755 7755 0.0230665 0.000973974 
7756 7756 0.0231127 0.00092051 
7757 7757 0.0229057 0.000845043 
7758 7758 0.0228427 0.00086219 
7759 7759 0.0227485 0.000774859 
7760 7760 0.0227698 0.000882331 
7761 7761 0.0240618 0.00108485 
7762 7762 0.0239076 0.00101392 
7763 7763 0.0290793 0.00114646 
7764 7764 0.0251966 0.00115389 
7765 7765 0.0265582 0.00127805 
7766 7766 0.024422 0.00114675 
7767 7767 0.0235285 0.00107686 
7768 7768 0.0234682 0.00107714 
7769 7769 0.0259412 0.0010912 
7770 7770 0.0242524 0.00113053 
7771 7771 0.0243215 0.001116 
7772 7772 0.0247791 0.00107705 
7773 7773 0.0243334 0.00108687 
7774 7774 0.023866 0.00112539 
7775 7775 0.0240722 0.00102809 
7776 7776 0.0234777 0.00103813 
7777 7777 0.0247781 0.000987803 
7778 7778 0.0242776 0.000931883 
7779 7779 0.0232239 0.000875677 
7780 7780 0.0228257 0.00083216 
7781 7781 0.0230502 0.000868904 
7782 7782 0.0232 0.000876792 
7783 7783 0.0229265 0.000807963 
7784 7784 0.0227887 0.000790671 
7785 7785 0.0234768 0.000966518 
7786 7786 0.0253373 0.00130913 
7787 7787 0.0248196 0.00105688 
7788 7788 0.0238599 0.00100541 
7789 7789 0.0253146 0.00120554 
7790 7790 0.0257308 0.00140866 
7791 7791 0.0265069 0.00115317 
7792 7792 0.0277802 0.00203197 
7793 7793 0.0279026 0.00115643 
7794 7794 0.0259448 0.0011343 
7795 7795 0.0256114 0.00115312 
7796 7796 0.0246467 0.00114371 
7797 7797 0.0246776 0.00114991 
7798 7798 0.0246931 0.00114794 
7799 7799 0.0241949 0.00136206 
7800 7800 0.026494 0.00113919 
7801 7801 0.0272438 0.00116145 
7802 7802 0.0246404 0.00117337 
7803 7803 0.0253328 0.00114604 
7804 7804 0.0243727 0.00112747 
7805 7805 0.0245472 0.00111321 
7806 7806 0.0239956 0.00113979 
7807 7807 0.0243202 0.00111805 
7808 7808 0.0236699 0.00104533 
7809 7809 0.0238842 0.00109402 
7810 7810 0.0237345 0.00107085 
7811 7811 0.024196 0.0011223 
7812 7812 0.0241712 0.0011509 
7813 7813 0.0240521 0.0011606 
7814 7814 0.0240381 0.00111684 
7815 7815 0.024315 0.00112972 
7816 7816 0.0249841 0.00113585 
7817 7817 0.0248638 0.00116414 
7818 7818 0.0249725 0.00117925 
7819 7819 0.0243732 0.00109858 
7820 7820 0.0248435 0.00114284 
7821 7821 0.0290037 0.00111055 
7822 7822 0.0252109 0.00104918 
7823 7823 0.0239269 0.000948763 
7824 7824 0.0246787 0.000946603 
7825 7825 0.0234842 0.00084696 
7826 7826 0.0237287 0.000925956 
7827 7827 0.0237124 0.000925749 
7828 7828 0.0238696 0.00101888 
7829 7829 0.0243318 0.00112512 
7830 7830 0.0241897 0.00107288 
7831 7831 0.0250858 0.00114499 
7832 7832 0.0310643 0.00134444 
7833 7833 0.0250154 0.00188596 
7834 7834 0.0258039 0.00117282 
7835 7835 0.0242085 0.00108835 
7836 7836 0.0233567 0.000976041 
7837 7837 0.0234864 0.000953599 
7838 7838 0.0237471 0.00108173 
7839 7839 0.0250878 0.00108576 
7840 7840 0.0249016 0.00107688 
7841 7841 0.0245114 0.000997699 
7842 7842 0.0239607 0.00102041 
7843 7843 0.0239742 0.00102326 
7844 7844 0.0244174 0.00106012 
7845 7845 0.0244149 0.00105187 
7846 7846 0.0251797 0.00102567 
7847 7847 0.0244916 0.000938495 
7848 7848 0.0242294 0.00098738 
7849 7849 0.0264618 0.000989264 
7850 7850 0.0245666 0.000951917 
7851 7851 0.0246378 0.00123127 
7852 7852 0.0246249 0.000991907 
7853 7853 0.0256238 0.000989873 
7854 7854 0.0247422 0.00094781 
7855 7855 0.0237335 0.000830065 
7856 7856 0.0240978 0.000947822 
7857 7857 0.0242535 0.00084026 
7858 7858 0.0242696 0.00101802 
7859 7859 0.0233584 0.000921106 
7860 7860 0.0232252 0.000867203 
7861 7861 0.0230184 0.000849848 
7862 7862 0.0245902 0.00100616 
7863 7863 0.0236935 0.0011033 
7864 7864 0.0273229 0.00112334 
7865 7865 0.0259491 0.00143118 
7866 7866 0.0247936 0.000987252 
7867 7867 0.0258885 0.000936202 
7868 7868 0.0250695 0.00120476 
7869 7869 0.0245289 0.00109716 
7870 7870 0.0244411 0.00115111 
7871 7871 0.0242603 0.00106197 
7872 7872 0.0247397 0.000982181 
7873 7873 0.0247142 0.000881639 
7874 7874 0.0235531 0.000795669 
7875 7875 0.0233392 0.000775254 
7876 7876 0.0238175 0.000751505 
7877 7877 0.0240749 0.00106524 
7878 7878 0.0257893 0.00109493 
7879 7879 0.0241018 0.00115717 
7880 7880 0.0240009 0.000918449 
7881 7881 0.0256476 0.00107307 
7882 7882 0.0234551 0.00106024 
7883 7883 0.023812 0.00103413 
7884 7884 0.0240035 0.000982134 
7885 7885 0.023807 0.00101663 
7886 7886 0.0235655 0.000930823 
7887 7887 0.0232382 0.000967891 
7888 7888 0.0244306 0.000940494 
7889 7889 0.0237394 0.000974623 
7890 7890 0.0240924 0.000999816 
7891 7891 0.0245975 0.00107825 
7892 7892 0.0248343 0.00103288 
7893 7893 0.0240319 0.00108369 
7894 7894 0.0237884 0.000925013 
7895 7895 0.023755 0.000892443 
7896 7896 0.0237753 0.000884361 
7897 7897 0.0243257 0.00108029 
7898 7898 0.0238572 0.0010027 
7899 7899 0.0241408 0.000911572 
7900 7900 0.0242205 0.000862931 
7901 7901 0.0235984 0.00081115 
7902 7902 0.0234567 0.000795527 
7903 7903 0.0238605 0.00124128 
7904 7904 0.0240065 0.00102385 
7905 7905 0.0242915 0.0010347 
7906 7906 0.0235798 0.000970884 
7907 7907 0.0245138 0.00109632 
7908 7908 0.0249976 0.00112963 
7909 7909 0.0241961 0.00104642 
7910 7910 0.0265213 0.00113707 
7911 7911 0.0248347 0.00106469 
7912 7912 0.0235347 0.000982278 
7913 7913 0.0234529 0.000908846 
7914 7914 0.0232768 0.000875658 
7915 7915 0.0230552 0.000838422 
7916 7916 0.0232914 0.000821358 
7917 7917 0.0236606 0.00111295 
7918 7918 0.0243461 0.00118498 
7919 7919 0.0239562 0.000977443 
7920 7920 0.0245235 0.000947974 
7921 7921 0.0235647 0.000959203 
7922 7922 0.023482 0.000908741 
7923 7923 0.0239213 0.00105847 
7924 7924 0.0244983 0.0010083 
7925 7925 0.0241176 0.00103439 
7926 7926 0.0245456 0.000976815 
7927 7927 0.0235518 0.000949996 
7928 7928 0.0244885 0.00108692 
7929 7929 0.0239492 0.000973808 
7930 7930 0.0239537 0.0010168 
7931 7931 0.0258616 0.00123944 
7932 7932 0.0243017 0.00103637 
7933 7933 0.0240176 0.000926406 
7934 7934 0.0237812 0.000862666 
7935 7935 0.023533 0.000841348 
7936 7936 0.0236973 0.00101559 
7937 7937 0.026386 0.00110129 
7938 7938 0.0246196 0.00102994 
7939 7939 0.0235546 0.000954479 
7940 7940 0.0234364 0.000918636 
7941 7941 0.0237121 0.000955282 
7942 7942 0.0235784 0.000916841 
7943 7943 0.0270587 0.00110762 
7944 7944 0.0263328 0.00111021 
7945 7945 0.0250527 0.00102483 
7946 7946 0.025669 0.00101427 
7947 7947 0.0272702 0.00111293 
7948 7948 0.0247835 0.00110747 
7949 7949 0.0254454 0.00113603 
7950 7950 0.02531 0.00104903 
7951 7951 0.0246227 0.000988401 
7952 7952 0.0238999 0.000879803 
7953 7953 0.0240719 0.000932488 
7954 7954 0.0249953 0.000923871 
7955 7955 0.0248605 0.000985631 
7956 7956 0.024873 0.00101772 
7957 7957 0.0253871 0.00113093 
7958 7958 0.0242113 0.00102693 
7959 7959 0.0246089 0.00102263 
7960 7960 0.0243557 0.00103845 
7961 7961 0.0242166 0.000901079 
7962 7962 0.0248361 0.00115007 
7963 7963 0.0251555 0.00101661 
7964 7964 0.0248599 0.00106439 
7965 7965 0.0248698 0.000945939 
7966 7966 0.0271187 0.00103462 
7967 7967 0.0237373 0.00100574 
7968 7968 0.0239646 0.000970197 
7969 7969 0.0238663 0.000989173 
7970 7970 0.0243408 0.00102966 
7971 7971 0.024906 0.00102315 
7972 7972 0.0242152 0.000976615 
7973 7973 0.023711 0.000858619 
7974 7974 0.0237181 0.000934113 
7975 7975 0.0239414 0.000911864 
7976 7976 0.0237697 0.00103218 
7977 7977 0.0238232 0.000923924 
7978 7978 0.0247829 0.00100162 
7979 7979 0.0246232 0.000970226 
7980 7980 0.0242004 0.00100994 
7981 7981 0.0234313 0.000882702 
7982 7982 0.0251139 0.000909804 
7983 7983 0.0251427 0.00107663 
7984 7984 0.0275342 0.000916292 
7985 7985 0.0290574 0.000990375 
7986 7986 0.0318557 0.00112852 
7987 7987 0.0250168 0.00120496 
7988 7988 0.0245477 0.00111848 
7989 7989 0.025232 0.00109605 
7990 7990 0.0242252 0.00103704 
7991 7991 0.024502 0.000938796 
7992 7992 0.0234515 0.000905822 
7993 7993 0.0243767 0.00105043 
7994 7994 0.0243517 0.00101015 
7995 7995 0.0245724 0.00117235 
7996 7996 0.0252595 0.00115133 
7997 7997 0.0245929 0.00104203 
7998 7998 0.0241178 0.000963319 
7999 7999 0.0238065 0.000977546 
8000 8000 0.0250223 0.00104394 
8001 8001 0.0252985 0.00109928 
8002 8002 0.0247787 0.00101956 
8003 8003 0.0256761 0.0010538 
8004 8004 0.0251836 0.000951842 
8005 8005 0.024586 0.00109378 
8006 8006 0.0246128 0.000990863 
8007 8007 0.0246618 0.00101455 
8008 8008 0.0252443 0.00103821 
8009 8009 0.0253023 0.00100794 
8010 8010 0.0248673 0.000956857 
8011 8011 0.0242282 0.000857106 
8012 8012 0.0280894 0.001065 
8013 8013 0.0257259 0.00100691 
8014 8014 0.0255858 0.00101065 
8015 8015 0.0263703 0.00098038 
8016 8016 0.0248418 0.000942454 
8017 8017 0.0237703 0.000908928 
8018 8018 0.0247914 0.000957772 
8019 8019 0.0245727 0.00107218 
8020 8020 0.0274705 0.00111087 
8021 8021 0.0268699 0.0011353 
8022 8022 0.024828 0.00103731 
8023 8023 0.030808 0.0010839 
8024 8024 0.0270305 0.000980346 
8025 8025 0.0263614 0.00114148 
8026 8026 0.0246661 0.00118615 
8027 8027 0.0246737 0.00104419 
8028 8028 0.0237829 0.000980304 
8029 8029 0.0237122 0.000960385 
8030 8030 0.0236816 0.000904397 
8031 8031 0.0239122 0.0010431 
8032 8032 0.0244165 0.00102023 
8033 8033 0.0254791 0.00112935 
8034 8034 0.026539 0.00111323 
8035 8035 0.0252391 0.00106304 
8036 8036 0.0243803 0.0011275 
8037 8037 0.0239718 0.000953853 
8038 8038 0.0242171 0.00101212 
8039 8039 0.0246974 0.00129896 
8040 8040 0.0246578 0.00106264 
8041 8041 0.0249525 0.00107017 
8042 8042 0.0245722 0.000968822 
8043 8043 0.0253839 0.00123912 
8044 8044 0.0252391 0.00117513 
8045 8045 0.0248687 0.00110271 
8046 8046 0.0247276 0.00108742 
8047 8047 0.0256134 0.00101794 
8048 8048 0.024403 0.000920499 
8049 8049 0.0242301 0.00085056 
8050 8050 0.0259082 0.00125225 
8051 8051 0.0270698 0.00120144 
8052 8052 0.0313381 0.00118321 
8053 8053 0.0254956 0.00118503 
8054 8054 0.0277541 0.00119088 
8055 8055 0.027174 0.001222 
8056 8056 0.0262854 0.00123659 
8057 8057 0.0273575 0.00123182 
8058 8058 0.0354799 0.00113945 
8059 8059 0.0252305 0.00116171 
8060 8060 0.0249945 0.00118434 
8061 8061 0.0250747 0.0012014 
8062 8062 0.0282806 0.00113578 
8063 8063 0.0302028 0.00115985 
8064 8064 0.0245996 0.0011029 
8065 8065 0.0248564 0.00117498 
8066 8066 0.0252146 0.00118157 
8067 8067 0.0266462 0.00115026 
8068 8068 0.0247586 0.00110949 
8069 8069 0.0248049 0.00111004 
8070 8070 0.0249895 0.00116817 
8071 8071 0.0270497 0.00116749 
8072 8072 0.025273 0.0011989 
8073 8073 0.0251073 0.00115084 
8074 8074 0.0243119 0.00108219 
8075 8075 0.0245232 0.00108866 
8076 8076 0.0245679 0.00111115 
8077 8077 0.0249977 0.00117288 
8078 8078 0.025543 0.00120984 
8079 8079 0.0251496 0.00118616 
8080 8080 0.0246187 0.00114517 
8081 8081 0.0251651 0.00117316 
8082 8082 0.025194 0.00116073 
8083 8083 0.0250592 0.00117039 
8084 8084 0.0267612 0.00153392 
8085 8085 0.029188 0.0013739 
8086 8086 0.0279084 0.00122829 
8087 8087 0.0296851 0.00122615 
8088 8088 0.0264347 0.00114902 
8089 8089 0.0263355 0.00123171 
8090 8090 0.029344 0.00118949 
8091 8091 0.0274862 0.0013636 
8092 8092 0.0283659 0.00125937 
8093 8093 0.0249668 0.00115376 
8094 8094 0.0270634 0.00126392 
8095 8095 0.0272483 0.00128318 
8096 8096 0.0306798 0.001314 
8097 8097 0.0339791 0.00112267 
8098 8098 0.0249071 0.00112335 
8099 8099 0.0250139 0.00116285 
8100 8100 0.025562 0.00124189 
8101 8101 0.0254191 0.00119557 
8102 8102 0.0252896 0.00116673 
8103 8103 0.0248278 0.00116281 
8104 8104 0.0248497 0.00114738 
8105 8105 0.0245997 0.0010738 
8106 8106 0.0272801 0.001394 
8107 8107 0.0261223 0.00127337 
8108 8108 0.026356 0.00120565 
8109 8109 0.0254361 0.00115042 
8110 8110 0.0254121 0.00106993 
8111 8111 0.0246481 0.00101805 
8112 8112 0.0244247 0.00108874 
8113 8113 0.0256386 0.00119507 
8114 8114 0.0258832 0.00119904 
8115 8115 0.0252904 0.001189 
8116 8116 0.0262514 0.00115263 
8117 8117 0.0261529 0.00113845 
8118 8118 0.0252097 0.00113182 
8119 8119 0.0254483 0.00114661 
8120 8120 0.0261345 0.00106266 
8121 8121 0.0252956 0.000966792 
8122 8122 0.0255926 0.000892893 
8123 8123 0.0243588 0.000851432 
8124 8124 0.0244442 0.00103217 
8125 8125 0.0251805 0.00103058 
8126 8126 0.024947 0.000973395 
8127 8127 0.0246028 0.000905776 
8128 8128 0.0239879 0.000947319 
8129 8129 0.0243432 0.000932131 
8130 8130 0.0252499 0.000915649 
8131 8131 0.0258535 0.0009303 
8132 8132 0.0245742 0.000868441 
8133 8133 0.0250733 0.00087556 
8134 8134 0.0246837 0.000832417 
8135 8135 0.0255654 0.000971369 
8136 8136 0.0248937 0.00105317 
8137 8137 0.0268593 0.00108472 
8138 8138 0.0256854 0.00110196 
8139 8139 0.0256417 0.00101823 
8140 8140 0.0250834 0.0010718 
8141 8141 0.0247766 0.00105133 
8142 8142 0.0240632 0.000928337 
8143 8143 0.0243385 0.000924528 
8144 8144 0.0239346 0.000960397 
8145 8145 0.0259855 0.00116328 
8146 8146 0.0258091 0.00112569 
8147 8147 0.024956 0.0010263 
8148 8148 0.0241727 0.000988576 
8149 8149 0.0241137 0.000934974 
8150 8150 0.0243997 0.0010316 
8151 8151 0.0251544 0.00107916 
8152 8152 0.0247864 0.00109872 
8153 8153 0.0247643 0.00103882 
8154 8154 0.0253447 0.00118697 
8155 8155 0.0257072 0.0010552 
8156 8156 0.025458 0.00109858 
8157 8157 0.0252542 0.00100558 
8158 8158 0.0254702 0.00107814 
8159 8159 0.0255542 0.000972564 
8160 8160 0.0246173 0.000883741 
8161 8161 0.0244713 0.000870499 
8162 8162 0.0248294 0.000939286 
8163 8163 0.0260851 0.000976408 
8164 8164 0.0277591 0.00107718 
8165 8165 0.0252723 0.00103555 
8166 8166 0.0244739 0.000903111 
8167 8167 0.0244275 0.000947512 
8168 8168 0.0244335 0.00089085 
8169 8169 0.0247963 0.00102385 
8170 8170 0.0276053 0.00139475 
8171 8171 0.0273265 0.00113506 
8172 8172 0.0247355 0.00104558 
8173 8173 0.0261809 0.00118005 
8174 8174 0.0285957 0.000982069 
8175 8175 0.0278149 0.00112575 
8176 8176 0.0258452 0.00110564 
8177 8177 0.0249165 0.00112627 
8178 8178 0.024516 0.000998347 
8179 8179 0.0244308 0.000962058 
8180 8180 0.0289749 0.00108806 
8181 8181 0.0244897 0.000953698 
8182 8182 0.0271326 0.00115225 
8183 8183 0.026793 0.00115697 
8184 8184 0.0252887 0.00108 
8185 8185 0.0255708 0.00100181 
8186 8186 0.0256628 0.000993709 
8187 8187 0.0249269 0.000935564 
8188 8188 0.0251385 0.00105167 
8189 8189 0.0247446 0.00109833 
8190 8190 0.0247951 0.00107689 
8191 8191 0.0253075 0.00109379 
8192 8192 0.0253996 0.0011117 
8193 8193 0.0247215 0.00100642 
8194 8194 0.0246731 0.000959635 
8195 8195 0.0245976 0.00111813 
8196 8196 0.0254027 0.00103534 
8197 8197 0.02453 0.000973183 
8198 8198 0.0245809 0.000934866 
8199 8199 0.0259646 0.000994101 
8200 8200 0.0247687 0.00102379 
8201 8201 0.0249889 0.000974261 
8202 8202 0.0251414 0.000961823 
8203 8203 0.02519 0.000948924 
8204 8204 0.0245789 0.000938851 
8205 8205 0.0244669 0.000969392 
8206 8206 0.025106 0.00103631 
8207 8207 0.0249715 0.00102149 
8208 8208 0.0249548 0.000896839 
8209 8209 0.0241554 0.000851214 
8210 8210 0.0239295 0.000846434 
8211 8211 0.0244684 0.00099129 
8212 8212 0.0252794 0.000982223 
8213 8213 0.0245372 0.00119999 
8214 8214 0.0254412 0.00117093 
8215 8215 0.0252852 0.0010734 
8216 8216 0.0248066 0.000992255 
8217 8217 0.0245608 0.000964362 
8218 8218 0.0243325 0.000937839 
8219 8219 0.0242344 0.000873318 
8220 8220 0.0241132 0.000906823 
8221 8221 0.0250869 0.00118482 
8222 8222 0.0255443 0.00122217 
8223 8223 0.0248508 0.00105293 
8224 8224 0.0250348 0.00099123 
8225 8225 0.0264102 0.00107992 
8226 8226 0.0247012 0.00100903 
8227 8227 0.0256121 0.00111463 
8228 8228 0.0254586 0.00108948 
8229 8229 0.0282478 0.00115168 
8230 8230 0.0261472 0.00126149 
8231 8231 0.027148 0.00102311 
8232 8232 0.0241873 0.000964599 
8233 8233 0.024157 0.000973895 
8234 8234 0.0249261 0.00105391 
8235 8235 0.0248346 0.000983851 
8236 8236 0.0247863 0.000967062 
8237 8237 0.0252914 0.00106326 
8238 8238 0.0250678 0.00104966 
8239 8239 0.0251556 0.00102864 
8240 8240 0.0258804 0.00125881 
8241 8241 0.0420058 0.00112714 
8242 8242 0.0247748 0.00109453 
8243 8243 0.0251513 0.00106465 
8244 8244 0.0255577 0.001062 
8245 8245 0.0243188 0.000971524 
8246 8246 0.0251804 0.00128653 
8247 8247 0.0266348 0.00113036 
8248 8248 0.0249345 0.00105828 
8249 8249 0.0251884 0.00107634 
8250 8250 0.0346456 0.00170873 
8251 8251 0.0318832 0.00119891 
8252 8252 0.0261648 0.00109036 
8253 8253 0.026333 0.000978223 
8254 8254 0.0245728 0.000921166 
8255 8255 0.0243083 0.000912333 
8256 8256 0.0248036 0.000917723 
8257 8257 0.026693 0.00132636 
8258 8258 0.0259282 0.00139569 
8259 8259 0.0255684 0.00114637 
8260 8260 0.0248349 0.00104213 
8261 8261 0.0244315 0.000986174 
8262 8262 0.0246161 0.000926291 
8263 8263 0.0244507 0.00106205 
8264 8264 0.0252097 0.00110079 
8265 8265 0.0250649 0.00115874 
8266 8266 0.0280448 0.00114191 
8267 8267 0.0260776 0.00110077 
8268 8268 0.0246454 0.000993294 
8269 8269 0.025399 0.000990489 
8270 8270 0.0252304 0.00108591 
8271 8271 0.0258341 0.00106233 
8272 8272 0.0255161 0.000968259 
8273 8273 0.0250944 0.00114747 
8274 8274 0.0248994 0.000946108 
8275 8275 0.0249047 0.000914141 
8276 8276 0.0249171 0.000862532 
8277 8277 0.0262684 0.00129736 
8278 8278 0.0258133 0.00105588 
8279 8279 0.025067 0.00109823 
8280 8280 0.0252889 0.00111412 
8281 8281 0.0254086 0.00100204 
8282 8282 0.0247898 0.00102252 
8283 8283 0.0247132 0.000959885 
8284 8284 0.0252604 0.000917291 
8285 8285 0.0245676 0.000880416 
8286 8286 0.0247226 0.00100435 
8287 8287 0.0251175 0.00105916 
8288 8288 0.0254104 0.00103237 
8289 8289 0.026391 0.00122017 
8290 8290 0.0253684 0.00107632 
8291 8291 0.0247977 0.000988885 
8292 8292 0.0243679 0.00094527 
8293 8293 0.024331 0.000927655 
8294 8294 0.0252379 0.00101522 
8295 8295 0.0250745 0.00116882 
8296 8296 0.0259972 0.00116066 
8297 8297 0.0258112 0.00115169 
8298 8298 0.0274812 0.00105831 
8299 8299 0.0248261 0.00101162 
8300 8300 0.0245946 0.000993422 
8301 8301 0.0245403 0.00103686 
8302 8302 0.0255988 0.00113317 
8303 8303 0.0259591 0.00113731 
8304 8304 0.0254427 0.00110023 
8305 8305 0.0252672 0.00110765 
8306 8306 0.0247397 0.000981425 
8307 8307 0.0245125 0.000942425 
8308 8308 0.0244712 0.000902101 
8309 8309 0.0262822 0.00104892 
8310 8310 0.025115 0.000960273 
8311 8311 0.0253577 0.000951533 
8312 8312 0.0251644 0.000903624 
8313 8313 0.0248185 0.000866754 
8314 8314 0.0249036 0.000891606 
8315 8315 0.0250226 0.00093907 
8316 8316 0.0251471 0.000892118 
8317 8317 0.0266491 0.00113577 
8318 8318 0.0266569 0.00107411 
8319 8319 0.0254422 0.000981453 
8320 8320 0.025255 0.000910709 
8321 8321 0.0252348 0.0010433 
8322 8322 0.0276087 0.00115903 
8323 8323 0.026495 0.00109142 
8324 8324 0.0263072 0.00107643 
8325 8325 0.0263529 0.00116687 
8326 8326 0.0277829 0.00117524 
8327 8327 0.0320116 0.00145727 
8328 8328 0.0262452 0.00103962 
8329 8329 0.0253842 0.000953756 
8330 8330 0.0256279 0.00123957 
8331 8331 0.0286536 0.00114891 
8332 8332 0.0257221 0.00117745 
8333 8333 0.0267186 0.00118804 
8334 8334 0.027017 0.00113717 
8335 8335 0.0256598 0.00105038 
8336 8336 0.0247483 0.000988044 
8337 8337 0.0251868 0.00102786 
8338 8338 0.0246375 0.000960825 
8339 8339 0.0254525 0.00116872 
8340 8340 0.0271699 0.00115952 
8341 8341 0.0257132 0.00110402 
8342 8342 0.0264376 0.00112785 
8343 8343 0.0248121 0.00105189 
8344 8344 0.025079 0.00101248 
8345 8345 0.0263627 0.00100654 
8346 8346 0.0259265 0.00106184 
8347 8347 0.0259861 0.00108617 
8348 8348 0.0249306 0.00101135 
8349 8349 0.0248529 0.00099327 
8350 8350 0.0250302 0.000954168 
8351 8351 0.025629 0.000958412 
8352 8352 0.0251253 0.00097124 
8353 8353 0.0260483 0.00100282 
8354 8354 0.0257291 0.00100709 
8355 8355 0.0262881 0.00100593 
8356 8356 0.025978 0.00103287 
8357 8357 0.0254685 0.00100037 
8358 8358 0.0263558 0.000972698 
8359 8359 0.025058 0.000927623 
8360 8360 0.0255197 0.00100535 
8361 8361 0.0255005 0.000994258 
8362 8362 0.0258258 0.00108935 
8363 8363 0.0258146 0.00109038 
8364 8364 0.026554 0.00113795 
8365 8365 0.0260512 0.00107921 
8366 8366 0.0255121 0.00100506 
8367 8367 0.0254615 0.000969618 
8368 8368 0.02491 0.000976147 
8369 8369 0.0247705 0.000960989 
8370 8370 0.0252051 0.00122892 
8371 8371 0.026458 0.00115017 
8372 8372 0.0256248 0.00114007 
8373 8373 0.0251349 0.00106773 
8374 8374 0.0246855 0.000985367 
8375 8375 0.0246611 0.000957263 
8376 8376 0.0252897 0.0011917 
8377 8377 0.0264059 0.00118407 
8378 8378 0.0281646 0.00117011 
8379 8379 0.0270422 0.00123038 
8380 8380 0.025575 0.000940841 
8381 8381 0.0250107 0.000898834 
8382 8382 0.0249913 0.000899823 
8383 8383 0.025464 0.00111656 
8384 8384 0.0255006 0.00105593 
8385 8385 0.0259307 0.00101384 
8386 8386 0.0254735 0.000976602 
8387 8387 0.0262334 0.000989759 
8388 8388 0.0252322 0.000948591 
8389 8389 0.0258846 0.00108372 
8390 8390 0.0253121 0.00104054 
8391 8391 0.0257648 0.00114046 
8392 8392 0.0249652 0.000962071 
8393 8393 0.0247361 0.000911656 
8394 8394 0.0245302 0.000885637 
8395 8395 0.0250353 0.000867694 
8396 8396 0.0320443 0.00135275 
8397 8397 0.0298173 0.00152574 
8398 8398 0.0266919 0.00110562 
8399 8399 0.026046 0.00113669 
8400 8400 0.0255318 0.00112159 
8401 8401 0.033594 0.00118188 
8402 8402 0.0267089 0.00112108 
8403 8403 0.0258359 0.00102448 
8404 8404 0.0259152 0.000989695 
8405 8405 0.0260116 0.000979771 
8406 8406 0.0250779 0.00102412 
8407 8407 0.0260453 0.00121759 
8408 8408 0.0256822 0.00116301 
8409 8409 0.0265836 0.00115295 
8410 8410 0.0260459 0.00098283 
8411 8411 0.0261947 0.00101103 
8412 8412 0.0257583 0.000965701 
8413 8413 0.026085 0.00112005 
8414 8414 0.0270763 0.00121507 
8415 8415 0.0260064 0.0011422 
8416 8416 0.0264199 0.00111207 
8417 8417 0.0260272 0.00104348 
8418 8418 0.0254821 0.000960565 
8419 8419 0.0254805 0.00119717 
8420 8420 0.0267095 0.00120528 
8421 8421 0.0267552 0.00109906 
8422 8422 0.0287642 0.00103363 
8423 8423 0.0257864 0.00099193 
8424 8424 0.0263083 0.000958801 
8425 8425 0.0267307 0.00418701 
8426 8426 0.0379203 0.00132508 
8427 8427 0.0298333 0.00123426 
8428 8428 0.0275768 0.00125777 
8429 8429 0.0277382 0.00129378 
8430 8430 0.0279154 0.00126324 
8431 8431 0.0271181 0.0013249 
8432 8432 0.0261711 0.00112148 
8433 8433 0.0261338 0.00112053 
8434 8434 0.0260544 0.00123171 
8435 8435 0.0265213 0.00125571 
8436 8436 0.0266418 0.00151358 
8437 8437 0.0273423 0.00120852 
8438 8438 0.0257269 0.0011385 
8439 8439 0.0253364 0.00108493 
8440 8440 0.0268187 0.00126433 
8441 8441 0.0265245 0.00122675 
8442 8442 0.0260196 0.00118778 
8443 8443 0.0267156 0.00127411 
8444 8444 0.0256627 0.00117596 
8445 8445 0.0257846 0.00117619 
8446 8446 0.0268786 0.00122788 
8447 8447 0.029047 0.00133121 
8448 8448 0.0280745 0.00142228 
8449 8449 0.0270248 0.00123351 
8450 8450 0.0262632 0.0016269 
8451 8451 0.0263886 0.00143816 
8452 8452 0.0263001 0.00122221 
8453 8453 0.0263577 0.00119853 
8454 8454 0.0254587 0.00115354 
8455 8455 0.0256646 0.00119691 
8456 8456 0.0264037 0.00121031 
8457 8457 0.0265103 0.00123426 
8458 8458 0.026257 0.00121164 
8459 8459 0.0254997 0.00113281 
8460 8460 0.0268994 0.0011596 
8461 8461 0.028602 0.00123006 
8462 8462 0.0272067 0.00123256 
8463 8463 0.0262865 0.00120894 
8464 8464 0.0257959 0.00113615 
8465 8465 0.0267218 0.00123045 
8466 8466 0.0264241 0.00125899 
8467 8467 0.0262741 0.00122707 
8468 8468 0.0276524 0.0011977 
8469 8469 0.0274451 0.00123379 
8470 8470 0.0273763 0.00122441 
8471 8471 0.0273259 0.00136692 
8472 8472 0.0279248 0.00123485 
8473 8473 0.0306407 0.00135332 
8474 8474 0.0276561 0.00124763 
8475 8475 0.0287808 0.00134837 
8476 8476 0.031107 0.00126485 
8477 8477 0.0265666 0.00122889 
8478 8478 0.0266524 0.00128269 
8479 8479 0.0266538 0.00120434 
8480 8480 0.0260928 0.00117733 
8481 8481 0.027135 0.00151203 
8482 8482 0.0268725 0.00128202 
8483 8483 0.0261922 0.00128471 
8484 8484 0.0271597 0.00121451 
8485 8485 0.0256835 0.00123158 
8486 8486 0.0265016 0.00119232 
8487 8487 0.0265466 0.00125099 
8488 8488 0.0264112 0.00122703 
8489 8489 0.0261437 0.0011951 
8490 8490 0.0255539 0.00112671 
8491 8491 0.0258374 0.00117795 
8492 8492 0.0256795 0.00120976 
8493 8493 0.0261468 0.00123073 
8494 8494 0.0263728 0.00124732 
8495 8495 0.0268739 0.00122252 
8496 8496 0.0260032 0.00117567 
8497 8497 0.0256715 0.00117336 
8498 8498 0.0265616 0.00116634 
8499 8499 0.0268496 0.00126706 
8500 8500 0.0263779 0.00121847 
8501 8501 0.0268194 0.00123814 
8502 8502 0.0256785 0.00110414 
8503 8503 0.0256796 0.00109365 
8504 8504 0.0256353 0.0010732 
8505 8505 0.0267144 0.00125043 
8506 8506 0.0264194 0.00123092 
8507 8507 0.0263846 0.00121674 
8508 8508 0.0261677 0.00137988 
8509 8509 0.0297957 0.00123661 
8510 8510 0.0273133 0.00117656 
8511 8511 0.026747 0.00124973 
8512 8512 0.0268317 0.00124673 
8513 8513 0.0284982 0.00116284 
8514 8514 0.0268308 0.00121737 
8515 8515 0.0265896 0.001199 
8516 8516 0.026722 0.00123122 
8517 8517 0.0270754 0.00128368 
8518 8518 0.0267013 0.00122099 
8519 8519 0.0283646 0.0012847 
8520 8520 0.0289351 0.00119997 
8521 8521 0.0260443 0.00121605 
8522 8522 0.0262677 0.00118571 
8523 8523 0.0266056 0.00114248 
8524 8524 0.0254555 0.00107478 
8525 8525 0.0254878 0.00109948 
8526 8526 0.0253389 0.00101797 
8527 8527 0.0262063 0.00111124 
8528 8528 0.0262922 0.00109795 
8529 8529 0.0254781 0.000988761 
8530 8530 0.0250655 0.00093137 
8531 8531 0.0260259 0.00110058 
8532 8532 0.0262874 0.00112146 
8533 8533 0.0263272 0.00109423 
8534 8534 0.0265499 0.00102953 
8535 8535 0.0263036 0.000959939 
8536 8536 0.0257035 0.000906249 
8537 8537 0.0254493 0.000881127 
8538 8538 0.0253377 0.000844159 
8539 8539 0.0253968 0.00100094 
8540 8540 0.0272393 0.00122642 
8541 8541 0.0276177 0.00116863 
8542 8542 0.0277332 0.00122409 
8543 8543 0.0287142 0.00143859 
8544 8544 0.0285594 0.00108474 
8545 8545 0.0299342 0.00116484 
8546 8546 0.0281638 0.00108672 
8547 8547 0.0262026 0.00102202 
8548 8548 0.0253389 0.000963286 
8549 8549 0.0254776 0.000931955 
8550 8550 0.0257134 0.00116603 
8551 8551 0.0262851 0.00117003 
8552 8552 0.0276703 0.00117037 
8553 8553 0.0264986 0.0010949 
8554 8554 0.0257276 0.00102104 
8555 8555 0.0255329 0.000969368 
8556 8556 0.0257081 0.00134046 
8557 8557 0.0275802 0.00118375 
8558 8558 0.029224 0.00116205 
8559 8559 0.0265941 0.00110496 
8560 8560 0.0256559 0.00101048 
8561 8561 0.0256318 0.000982596 
8562 8562 0.0253231 0.000912196 
8563 8563 0.0265973 0.00300222 
8564 8564 0.0261954 0.00113116 
8565 8565 0.0263196 0.00104321 
8566 8566 0.0257311 0.00107688 
8567 8567 0.0258969 0.000995354 
8568 8568 0.0264524 0.00134418 
8569 8569 0.0261591 0.00107079 
8570 8570 0.0263832 0.0011638 
8571 8571 0.0257621 0.000974498 
8572 8572 0.0259598 0.00118926 
8573 8573 0.0272482 0.00126739 
8574 8574 0.0268351 0.00131244 
8575 8575 0.0306345 0.00121283 
8576 8576 0.0258871 0.00115003 
8577 8577 0.0260412 0.001205 
8578 8578 0.0263097 0.00113719 
8579 8579 0.0263493 0.00108598 
8580 8580 0.0264526 0.00106617 
8581 8581 0.0265362 0.00115203 
8582 8582 0.0266599 0.00119516 
8583 8583 0.0257205 0.00111779 
8584 8584 0.0260842 0.000967521 
8585 8585 0.0258452 0.000894747 
8586 8586 0.0264141 0.00104376 
8587 8587 0.0266991 0.00108283 
8588 8588 0.0268744 0.00110255 
8589 8589 0.0268499 0.0010316 
8590 8590 0.0266119 0.00103142 
8591 8591 0.0264264 0.00100863 
8592 8592 0.0258199 0.000880064 
8593 8593 0.0265147 0.00123477 
8594 8594 0.0260974 0.00117109 
8595 8595 0.0265802 0.00124468 
8596 8596 0.0268611 0.00130193 
8597 8597 0.0270266 0.00129146 
8598 8598 0.0267377 0.00123866 
8599 8599 0.0270386 0.00127855 
8600 8600 0.0282589 0.00122736 
8601 8601 0.0269056 0.00125422 
8602 8602 0.0275831 0.00124536 
8603 8603 0.0264304 0.00124126 
8604 8604 0.0263976 0.00122699 
8605 8605 0.0267196 0.00113695 
8606 8606 0.027185 0.00124726 
8607 8607 0.027052 0.00122948 
8608 8608 0.0269319 0.00133032 
8609 8609 0.0264401 0.00106143 
8610 8610 0.0258872 0.00101006 
8611 8611 0.0261777 0.00111199 
8612 8612 0.0279148 0.0011736 
8613 8613 0.0288901 0.00122608 
8614 8614 0.0264774 0.00104374 
8615 8615 0.0365492 0.00136973 
8616 8616 0.0340674 0.00115044 
8617 8617 0.0335764 0.00115973 
8618 8618 0.0263369 0.00112331 
8619 8619 0.0258929 0.00105946 
8620 8620 0.0256958 0.000951058 
8621 8621 0.0258789 0.00107416 
8622 8622 0.0262776 0.00107704 
8623 8623 0.0266315 0.00125829 
8624 8624 0.0261726 0.00109426 
8625 8625 0.0260395 0.00102307 
8626 8626 0.0258647 0.000961936 
8627 8627 0.0258973 0.000996025 
8628 8628 0.0267268 0.00164653 
8629 8629 0.030209 0.00124345 
8630 8630 0.026426 0.00114176 
8631 8631 0.0260123 0.00105588 
8632 8632 0.0263774 0.00112437 
8633 8633 0.0256392 0.00103213 
8634 8634 0.0261363 0.00114119 
8635 8635 0.0269523 0.00124949 
8636 8636 0.0265392 0.00112621 
8637 8637 0.026237 0.00108989 
8638 8638 0.0266494 0.0011295 
8639 8639 0.0268367 0.00111532 
8640 8640 0.0281782 0.00110828 
8641 8641 0.0268935 0.001134 
8642 8642 0.0264305 0.00104691 
8643 8643 0.0261245 0.000961274 
8644 8644 0.0265799 0.00112671 
8645 8645 0.0265626 0.00107804 
8646 8646 0.0266937 0.00106837 
8647 8647 0.0264081 0.00101103 
8648 8648 0.0263055 0.00100078 
8649 8649 0.026241 0.00098228 
8650 8650 0.026186 0.000918955 
8651 8651 0.0264266 0.00104297 
8652 8652 0.0280483 0.00112369 
8653 8653 0.0285477 0.00129323 
8654 8654 0.0273726 0.0011034 
8655 8655 0.0259097 0.00103549 
8656 8656 0.0255318 0.000998874 
8657 8657 0.0257685 0.00106128 
8658 8658 0.0262051 0.00112556 
8659 8659 0.0266146 0.00116804 
8660 8660 0.0260471 0.0010822 
8661 8661 0.0259871 0.00100016 
8662 8662 0.0265429 0.000934778 
8663 8663 0.0261901 0.000904278 
8664 8664 0.0265194 0.00129805 
8665 8665 0.0261635 0.0014955 
8666 8666 0.0269713 0.00123346 
8667 8667 0.0263105 0.00106813 
8668 8668 0.0259256 0.00106419 
8669 8669 0.0266244 0.00117986 
8670 8670 0.0277444 0.0016367 
8671 8671 0.0266864 0.00117037 
8672 8672 0.0262893 0.00112394 
8673 8673 0.0265237 0.00109423 
8674 8674 0.027073 0.00105873 
8675 8675 0.0264389 0.00132766 
8676 8676 0.0264339 0.00107532 
8677 8677 0.0261328 0.00105372 
8678 8678 0.0259907 0.00103941 
8679 8679 0.0263661 0.00107564 
8680 8680 0.0258954 0.00101856 
8681 8681 0.0261229 0.00113717 
8682 8682 0.0263233 0.0011477 
8683 8683 0.0261186 0.00109441 
8684 8684 0.0271596 0.00172488 
8685 8685 0.0279883 0.00127247 
8686 8686 0.0268505 0.00123206 
8687 8687 0.0270127 0.00118116 
8688 8688 0.0289601 0.00121478 
8689 8689 0.027188 0.00118655 
8690 8690 0.0281054 0.00117226 
8691 8691 0.0266046 0.00107032 
8692 8692 0.0266639 0.00102344 
8693 8693 0.0266905 0.00107755 
8694 8694 0.0269964 0.00118647 
8695 8695 0.0271144 0.00124092 
8696 8696 0.0261296 0.00117024 
8697 8697 0.027441 0.00115271 
8698 8698 0.0273521 0.00118016 
8699 8699 0.0266405 0.0011764 
8700 8700 0.0269349 0.00124152 
8701 8701 0.0260762 0.00117036 
8702 8702 0.0264865 0.00117627 
8703 8703 0.0261526 0.0011115 
8704 8704 0.0263146 0.00106295 
8705 8705 0.0262134 0.00107742 
8706 8706 0.026356 0.000999081 
8707 8707 0.0269973 0.00111691 
8708 8708 0.0269437 0.00112085 
8709 8709 0.026993 0.001023 
8710 8710 0.0285082 0.00124124 
8711 8711 0.0277219 0.00115408 
8712 8712 0.0261775 0.0011241 
8713 8713 0.0259766 0.00100557 
8714 8714 0.0262463 0.000972108 
8715 8715 0.025972 0.000974484 
8716 8716 0.0257085 0.000977131 
8717 8717 0.026561 0.00107678 
8718 8718 0.0267158 0.00104898 
8719 8719 0.0258969 0.00128067 
8720 8720 0.0260665 0.000976579 
8721 8721 0.0267394 0.000966068 
8722 8722 0.0270713 0.000916781 
8723 8723 0.0272269 0.00109789 
8724 8724 0.0267468 0.00116614 
8725 8725 0.0296809 0.00115363 
8726 8726 0.0272122 0.00110586 
8727 8727 0.0262247 0.00104516 
8728 8728 0.0265505 0.00098219 
8729 8729 0.026925 0.0010526 
8730 8730 0.0268376 0.00110302 
8731 8731 0.0274021 0.00119053 
8732 8732 0.0271242 0.00112483 
8733 8733 0.0268354 0.00106867 
8734 8734 0.0284149 0.00112759 
8735 8735 0.0312655 0.00106404 
8736 8736 0.0272632 0.001255 
8737 8737 0.0266256 0.00116219 
8738 8738 0.0276837 0.00115176 
8739 8739 0.0273869 0.00106281 
8740 8740 0.0267942 0.00233948 
8741 8741 0.0271687 0.0010161 
8742 8742 0.0267081 0.00122332 
8743 8743 0.026429 0.00122423 
8744 8744 0.0267989 0.00110537 
8745 8745 0.0263826 0.00095885 
8746 8746 0.0263145 0.000963907 
8747 8747 0.0265743 0.00103985 
8748 8748 0.026744 0.000977297 
8749 8749 0.0261597 0.000947393 
8750 8750 0.0266122 0.000897026 
8751 8751 0.0260436 0.000860461 
8752 8752 0.0266642 0.00108737 
8753 8753 0.0294916 0.00115767 
8754 8754 0.0289165 0.0010635 
8755 8755 0.0261923 0.00104917 
8756 8756 0.0296741 0.00127937 
8757 8757 0.0275584 0.00119919 
8758 8758 0.0285532 0.0011464 
8759 8759 0.0298917 0.00237724 
8760 8760 0.0287823 0.0011799 
8761 8761 0.0339883 0.00125329 
8762 8762 0.0274725 0.00110664 
8763 8763 0.0266581 0.0010685 
8764 8764 0.0262502 0.00107662 
8765 8765 0.0272213 0.00115809 
8766 8766 0.0274754 0.00120682 
8767 8767 0.0274317 0.00108521 
8768 8768 0.0270641 0.00102893 
8769 8769 0.0273688 0.000970786 
8770 8770 0.0278141 0.0012136 
8771 8771 0.0272289 0.00127294 
8772 8772 0.0265852 0.00122485 
8773 8773 0.0268645 0.00116701 
8774 8774 0.02681 0.0010954 
8775 8775 0.0266513 0.00102305 
8776 8776 0.0260665 0.00103881 
8777 8777 0.0262327 0.00122529 
8778 8778 0.026464 0.00114783 
8779 8779 0.02677 0.001301 
8780 8780 0.0280638 0.00124276 
8781 8781 0.0273502 0.00115349 
8782 8782 0.0274125 0.00118923 
8783 8783 0.0264735 0.00109109 
8784 8784 0.0261025 0.00099714 
8785 8785 0.0260768 0.00101959 
8786 8786 0.0355145 0.00137918 
8787 8787 0.0325635 0.00132644 
8788 8788 0.0279329 0.00128746 
8789 8789 0.0294533 0.0013172 
8790 8790 0.0295603 0.00141785 
8791 8791 0.030798 0.00131399 
8792 8792 0.0327515 0.0013108 
8793 8793 0.0292901 0.00136725 
8794 8794 0.0293731 0.00135678 
8795 8795 0.0281438 0.00134674 
8796 8796 0.033926 0.00125675 
8797 8797 0.0280092 0.00144252 
8798 8798 0.034886 0.00127394 
8799 8799 0.0279278 0.00128212 
8800 8800 0.027247 0.00124566 
8801 8801 0.0265156 0.00119083 
8802 8802 0.0264398 0.00114268 
8803 8803 0.0267905 0.00126188 
8804 8804 0.0285905 0.00130553 
8805 8805 0.0283043 0.00132006 
8806 8806 0.0273325 0.0012387 
8807 8807 0.0269552 0.00123358 
8808 8808 0.0273092 0.00121492 
8809 8809 0.0284515 0.00128623 
8810 8810 0.0277671 0.00134354 
8811 8811 0.0274048 0.00127103 
8812 8812 0.026934 0.00121781 
8813 8813 0.0265709 0.00114797 
8814 8814 0.0272833 0.00127525 
8815 8815 0.0276331 0.00135225 
8816 8816 0.0287852 0.00125165 
8817 8817 0.0268463 0.00118751 
8818 8818 0.0269598 0.00117707 
8819 8819 0.0286178 0.00129067 
8820 8820 0.0276032 0.00128686 
8821 8821 0.0269825 0.00124334 
8822 8822 0.0271519 0.00117893 
8823 8823 0.0266466 0.00116639 
8824 8824 0.0306087 0.00127767 
8825 8825 0.0296855 0.00136311 
8826 8826 0.0282906 0.0014025 
8827 8827 0.0279379 0.00142708 
8828 8828 0.0308502 0.00156537 
8829 8829 0.0294231 0.0014625 
8830 8830 0.0280797 0.00128398 
8831 8831 0.0278377 0.0013921 
8832 8832 0.0277136 0.00128045 
8833 8833 0.0268447 0.00124358 
8834 8834 0.0272406 0.00124275 
8835 8835 0.027169 0.00127611 
8836 8836 0.027726 0.00127184 
8837 8837 0.0276051 0.0013028 
8838 8838 0.0270338 0.00123709 
8839 8839 0.0272239 0.00125651 
8840 8840 0.0271629 0.00122763 
8841 8841 0.0273089 0.00128352 
8842 8842 0.0276168 0.0013248 
8843 8843 0.0282048 0.00128593 
8844 8844 0.0273914 0.00124294 
8845 8845 0.0269581 0.00124807 
8846 8846 0.027326 0.0012215 
8847 8847 0.0270912 0.00128882 
8848 8848 0.0274951 0.00129556 
8849 8849 0.0277133 0.00129325 
8850 8850 0.0273469 0.00122079 
8851 8851 0.0272592 0.0011678 
8852 8852 0.0265677 0.00110753 
8853 8853 0.0291693 0.00127735 
8854 8854 0.0276472 0.00127909 
8855 8855 0.0275005 0.00125828 
8856 8856 0.0267754 0.00116023 
8857 8857 0.0266884 0.00125935 
8858 8858 0.027461 0.00128373 
8859 8859 0.028091 0.00135602 
8860 8860 0.0276093 0.001312 
8861 8861 0.0276558 0.00126928 
8862 8862 0.0270726 0.00122332 
8863 8863 0.0272026 0.00123591 
8864 8864 0.0278118 0.00139875 
8865 8865 0.0293396 0.00128584 
8866 8866 0.0275011 0.00124983 
8867 8867 0.026891 0.00121929 
8868 8868 0.0271759 0.00126758 
8869 8869 0.0270745 0.00127078 
8870 8870 0.027736 0.00128981 
8871 8871 0.0274699 0.00128251 
8872 8872 0.0275991 0.00126254 
8873 8873 0.0270765 0.00126597 
8874 8874 0.0271262 0.00124442 
8875 8875 0.0270613 0.00125701 
8876 8876 0.0278089 0.00127504 
8877 8877 0.0278104 0.00130918 
8878 8878 0.0278824 0.00125604 
8879 8879 0.0269908 0.00123029 
8880 8880 0.0277903 0.00127157 
8881 8881 0.0308209 0.00131256 
8882 8882 0.0280569 0.00128214 
8883 8883 0.0278322 0.00130312 
8884 8884 0.0270714 0.00124739 
8885 8885 0.0275388 0.00122728 
8886 8886 0.0268181 0.00119116 
8887 8887 0.0280718 0.00127873 
8888 8888 0.0281248 0.00129141 
8889 8889 0.0281374 0.00127319 
8890 8890 0.0297786 0.00125828 
8891 8891 0.0270511 0.00123647 
8892 8892 0.0276739 0.00133011 
8893 8893 0.0279826 0.00131087 
8894 8894 0.0279313 0.00126533 
8895 8895 0.0285018 0.00139918 
8896 8896 0.0278839 0.00177679 
8897 8897 0.0285664 0.00130887 
8898 8898 0.0282086 0.00130342 
8899 8899 0.0283441 0.00124773 
8900 8900 0.0296733 0.00128366 
8901 8901 0.0274525 0.00120917 
8902 8902 0.0280987 0.00128724 
8903 8903 0.0282078 0.00129722 
8904 8904 0.0281786 0.00158908 
8905 8905 0.0277809 0.00127594 
8906 8906 0.027222 0.00126021 
8907 8907 0.0274893 0.00127678 
8908 8908 0.0291191 0.00155559 
8909 8909 0.0282708 0.00132314 
8910 8910 0.0297827 0.00123628 
8911 8911 0.0274789 0.00127483 
8912 8912 0.0271946 0.00126445 
8913 8913 0.0307326 0.00129544 
8914 8914 0.0291069 0.00133267 
8915 8915 0.0285846 0.00125333 
8916 8916 0.027674 0.00123565 
8917 8917 0.0274827 0.00122517 
8918 8918 0.0270081 0.00122954 
8919 8919 0.0270699 0.00122137 
8920 8920 0.0270455 0.00121656 
8921 8921 0.0269322 0.0011748 
8922 8922 0.0268029 0.00115878 
8923 8923 0.0267443 0.00112019 
8924 8924 0.026927 0.00113837 
8925 8925 0.0269991 0.00113456 
8926 8926 0.0271361 0.00110489 
8927 8927 0.0271301 0.00120756 
8928 8928 0.0270891 0.00119994 
8929 8929 0.027064 0.0011697 
8930 8930 0.0277144 0.00139674 
8931 8931 0.02791 0.00128331 
8932 8932 0.0272817 0.0012594 
8933 8933 0.0278131 0.00128577 
8934 8934 0.0273277 0.00124771 
8935 8935 0.0268255 0.00115871 
8936 8936 0.0270122 0.00118618 
8937 8937 0.0274487 0.00121059 
8938 8938 0.0273901 0.00123795 
8939 8939 0.0268863 0.00117087 
8940 8940 0.0269651 0.00114169 
8941 8941 0.0278529 0.00116222 
8942 8942 0.0278693 0.00117278 
8943 8943 0.0268737 0.00116019 
8944 8944 0.0278534 0.00128414 
8945 8945 0.0275269 0.00122056 
8946 8946 0.0274066 0.0012161 
8947 8947 0.0269546 0.00115117 
8948 8948 0.0281643 0.00117796 
8949 8949 0.0277464 0.0012291 
8950 8950 0.0273471 0.00126562 
8951 8951 0.026951 0.00119092 
8952 8952 0.027083 0.00120061 
8953 8953 0.0267166 0.00111295 
8954 8954 0.0268525 0.00118134 
8955 8955 0.0272886 0.00123527 
8956 8956 0.027164 0.00116608 
8957 8957 0.0269675 0.00118887 
8958 8958 0.026995 0.00115562 
8959 8959 0.0273218 0.00112014 
8960 8960 0.0270383 0.00102601 
8961 8961 0.0270478 0.00095805 
8962 8962 0.0264604 0.000915923 
8963 8963 0.0266357 0.00110311 
8964 8964 0.029267 0.00134749 
8965 8965 0.0280304 0.0012703 
8966 8966 0.0274108 0.00125212 
8967 8967 0.0275632 0.00121006 
8968 8968 0.0278284 0.00120768 
8969 8969 0.0279497 0.00121458 
8970 8970 0.0273439 0.00104751 
8971 8971 0.0290563 0.00117119 
8972 8972 0.0278909 0.00120202 
8973 8973 0.0273553 0.00118087 
8974 8974 0.0276146 0.00107911 
8975 8975 0.029948 0.00100621 
8976 8976 0.0271595 0.00101768 
8977 8977 0.026874 0.00102986 
8978 8978 0.0269005 0.0011232 
8979 8979 0.0296343 0.00121846 
8980 8980 0.0281895 0.00127213 
8981 8981 0.0270593 0.00123289 
8982 8982 0.0272921 0.0010675 
8983 8983 0.0272646 0.00115002 
8984 8984 0.0274818 0.00120812 
8985 8985 0.027373 0.00113494 
8986 8986 0.0269639 0.00110062 
8987 8987 0.0266908 0.00103265 
8988 8988 0.0264926 0.000965686 
8989 8989 0.0277225 0.00132225 
8990 8990 0.0273122 0.00111068 
8991 8991 0.0272252 0.00109279 
8992 8992 0.0270719 0.00105189 
8993 8993 0.0275096 0.00111862 
8994 8994 0.0269598 0.00107442 
8995 8995 0.0267964 0.00102089 
8996 8996 0.0271513 0.00125157 
8997 8997 0.0273028 0.00101809 
8998 8998 0.0273869 0.00114526 
8999 8999 0.02751 0.00111152 
9000 9000 0.0279374 0.00137639 
9001 9001 0.0279148 0.00127718 
9002 9002 0.0309201 0.00135259 
9003 9003 0.0273007 0.00123608 
9004 9004 0.0275388 0.00120821 
9005 9005 0.0274839 0.00106974 
9006 9006 0.0279666 0.00117348 
9007 9007 0.0275029 0.00123415 
9008 9008 0.0278476 0.00120888 
9009 9009 0.0270747 0.00122644 
9010 9010 0.0270385 0.00113601 
9011 9011 0.0275371 0.00112079 
9012 9012 0.0270051 0.00112444 
9013 9013 0.027078 0.0011467 
9014 9014 0.0273794 0.00122667 
9015 9015 0.0272449 0.00142244 
9016 9016 0.0281613 0.00127841 
9017 9017 0.0274016 0.00121623 
9018 9018 0.0283709 0.00116385 
9019 9019 0.0271888 0.0011885 
9020 9020 0.0271837 0.00115965 
9021 9021 0.0275236 0.00112784 
9022 9022 0.0278524 0.00111235 
9023 9023 0.0272494 0.00102304 
9024 9024 0.0282333 0.00117425 
9025 9025 0.0274751 0.00119251 
9026 9026 0.02734 0.00130985 
9027 9027 0.0287561 0.00127139 
9028 9028 0.028224 0.00120884 
9029 9029 0.0279157 0.00126511 
9030 9030 0.0278052 0.00125102 
9031 9031 0.0281129 0.00118611 
9032 9032 0.0278868 0.00121084 
9033 9033 0.0280669 0.0012643 
9034 9034 0.0285626 0.00152431 
9035 9035 0.0283446 0.001318 
9036 9036 0.028094 0.00128707 
9037 9037 0.027957 0.00125576 
9038 9038 0.0282483 0.00117941 
9039 9039 0.0281166 0.00114353 
9040 9040 0.0280846 0.00110063 
9041 9041 0.0281081 0.0012622 
9042 9042 0.0281288 0.0012804 
9043 9043 0.027957 0.00117675 
9044 9044 0.028105 0.00127026 
9045 9045 0.0276727 0.00133571 
9046 9046 0.0281701 0.00129858 
9047 9047 0.0285103 0.00121979 
9048 9048 0.0284311 0.00131316 
9049 9049 0.0281217 0.00165142 
9050 9050 0.0311108 0.00121178 
9051 9051 0.0282638 0.00119143 
9052 9052 0.0271416 0.00112185 
9053 9053 0.0276887 0.00125282 
9054 9054 0.0272346 0.00119038 
9055 9055 0.0276169 0.00119315 
9056 9056 0.0275497 0.00116956 
9057 9057 0.0290123 0.00131243 
9058 9058 0.0277831 0.00120811 
9059 9059 0.0277267 0.00118446 
9060 9060 0.0270525 0.00111278 
9061 9061 0.027539 0.00114012 
9062 9062 0.0268873 0.00107987 
9063 9063 0.0268692 0.00108259 
9064 9064 0.0269602 0.00106009 
9065 9065 0.0273875 0.000981194 
9066 9066 0.0270807 0.000965286 
9067 9067 0.0270717 0.00110056 
9068 9068 0.0270569 0.00103595 
9069 9069 0.0270483 0.000975536 
9070 9070 0.0286702 0.0012862 
9071 9071 0.0275164 0.00124503 
9072 9072 0.0273685 0.00120691 
9073 9073 0.0270262 0.00112898 
9074 9074 0.027481 0.00112424 
9075 9075 0.0272256 0.00116124 
9076 9076 0.0281636 0.00128135 
9077 9077 0.0278265 0.00127804 
9078 9078 0.0273986 0.00110836 
9079 9079 0.0286922 0.00108172 
9080 9080 0.0281106 0.00103067 
9081 9081 0.0281999 0.00106149 
9082 9082 0.0278608 0.00113073 
9083 9083 0.0285628 0.00130849 
9084 9084 0.0292429 0.00119287 
9085 9085 0.0280188 0.00107359 
9086 9086 0.0277236 0.00103205 
9087 9087 0.027499 0.00109615 
9088 9088 0.0276885 0.00107752 
9089 9089 0.0283416 0.00115637 
9090 9090 0.031683 0.00110249 
9091 9091 0.0278877 0.00107377 
9092 9092 0.0282182 0.00107615 
9093 9093 0.0282643 0.00110059 
9094 9094 0.0277096 0.00111128 
9095 9095 0.0283543 0.0012139 
9096 9096 0.0281306 0.0011256 
9097 9097 0.0281833 0.000994279 
9098 9098 0.0275753 0.00103152 
9099 9099 0.0276059 0.0009621 
9100 9100 0.0280238 0.00097806 
9101 9101 0.0282273 0.00121009 
9102 9102 0.0290798 0.00149364 
9103 9103 0.0318766 0.00135162 
9104 9104 0.0291524 0.0013051 
9105 9105 0.0301554 0.00139427 
9106 9106 0.0347842 0.0014703 
9107 9107 0.0382586 0.00214983 
9108 9108 0.0278581 0.00113449 
9109 9109 0.0282796 0.00122978 
9110 9110 0.0285293 0.00127728 
9111 9111 0.0291897 0.00111422 
9112 9112 0.0281939 0.00104242 
9113 9113 0.027851 0.0010953 
9114 9114 0.0281785 0.00116173 
9115 9115 0.0278908 0.00109665 
9116 9116 0.0285838 0.00125946 
9117 9117 0.0331533 0.00139793 
9118 9118 0.0299952 0.00120285 
9119 9119 0.0292284 0.00108802 
9120 9120 0.0278201 0.00111642 
9121 9121 0.0282822 0.00117497 
9122 9122 0.0281987 0.0011088 
9123 9123 0.0276853 0.00106831 
9124 9124 0.0278919 0.00107547 
9125 9125 0.0280415 0.00100514 
9126 9126 0.0281596 0.00128735 
9127 9127 0.0287364 0.00126944 
9128 9128 0.0287697 0.00122635 
9129 9129 0.0288005 0.00111704 
9130 9130 0.0282944 0.00114314 
9131 9131 0.0270583 0.00106608 
9132 9132 0.0315976 0.00161008 
9133 9133 0.0300388 0.00139552 
9134 9134 0.0304533 0.00134253 
9135 9135 0.0292693 0.00131643 
9136 9136 0.0288829 0.00131727 
9137 9137 0.0295268 0.00138795 
9138 9138 0.0332749 0.00134008 
9139 9139 0.0280575 0.00128808 
9140 9140 0.0297968 0.00147842 
9141 9141 0.0283613 0.00125994 
9142 9142 0.0290839 0.00135239 
9143 9143 0.0305592 0.00132993 
9144 9144 0.0279012 0.00128847 
9145 9145 0.0279136 0.00126019 
9146 9146 0.0364171 0.00136849 
9147 9147 0.0303449 0.00132084 
9148 9148 0.0289122 0.00132227 
9149 9149 0.0518087 0.00165426 
9150 9150 0.0406095 0.00164616 
9151 9151 0.0305725 0.00141356 
9152 9152 0.0289794 0.00130984 
9153 9153 0.029003 0.00132971 
9154 9154 0.0285246 0.00126664 
9155 9155 0.0305551 0.00133808 
9156 9156 0.0287138 0.00133617 
9157 9157 0.0282803 0.00129134 
9158 9158 0.0277395 0.0012545 
9159 9159 0.0285095 0.00127834 
9160 9160 0.0286556 0.00144948 
9161 9161 0.0288403 0.00133079 
9162 9162 0.0286519 0.00128346 
9163 9163 0.0276057 0.00125874 
9164 9164 0.0288439 0.00129034 
9165 9165 0.0299535 0.00138275 
9166 9166 0.0286495 0.00136397 
9167 9167 0.0287023 0.00128237 
9168 9168 0.0296501 0.00130296 
9169 9169 0.0301063 0.0016757 
9170 9170 0.0323667 0.00139254 
9171 9171 0.0309059 0.0012047 
9172 9172 0.031685 0.00115909 
9173 9173 0.0279082 0.00110702 
9174 9174 0.0282651 0.00123409 
9175 9175 0.0282094 0.00119181 
9176 9176 0.0282303 0.00115669 
9177 9177 0.0282022 0.00120824 
9178 9178 0.0286267 0.00114179 
9179 9179 0.0283925 0.00130144 
9180 9180 0.0327226 0.00145141 
9181 9181 0.0371471 0.00170638 
9182 9182 0.0345069 0.00139815 
9183 9183 0.032414 0.00135391 
9184 9184 0.0318465 0.00134796 
9185 9185 0.0332002 0.00135643 
9186 9186 0.0320049 0.00137586 
9187 9187 0.0295362 0.00133146 
9188 9188 0.0288064 0.00131175 
9189 9189 0.0280974 0.00130975 
9190 9190 0.0277946 0.00121348 
9191 9191 0.0274784 0.00116101 
9192 9192 0.0274979 0.00109726 
9193 9193 0.0283672 0.00107756 
9194 9194 0.027569 0.00104223 
9195 9195 0.0283391 0.00109625 
9196 9196 0.0284917 0.00159291 
9197 9197 0.0317296 0.00165749 
9198 9198 0.0334354 0.00172208 
9199 9199 0.0331355 0.00135904 
9200 9200 0.0335694 0.00144606 
9201 9201 0.0322675 0.00136241 
9202 9202 0.0303259 0.00139486 
9203 9203 0.0293036 0.00135153 
9204 9204 0.0280186 0.00124433 
9205 9205 0.0278007 0.00124062 
9206 9206 0.0294026 0.00136466 
9207 9207 0.0331887 0.00130249 
9208 9208 0.0283024 0.00119188 
9209 9209 0.0280869 0.0010821 
9210 9210 0.0298135 0.00123099 
9211 9211 0.0304016 0.00149914 
9212 9212 0.0367966 0.0018969 
9213 9213 0.0300538 0.00127229 
9214 9214 0.0290918 0.00115257 
9215 9215 0.0288455 0.00119685 
9216 9216 0.0280151 0.00117728 
9217 9217 0.0283725 0.00131491 
9218 9218 0.0282511 0.00132291 
9219 9219 0.0303631 0.00127311 
9220 9220 0.0290687 0.00124967 
9221 9221 0.0291335 0.00128445 
9222 9222 0.0292769 0.00129809 
9223 9223 0.0290502 0.00128445 
9224 9224 0.028502 0.00152928 
9225 9225 0.0286688 0.00125174 
9226 9226 0.0286712 0.00123456 
9227 9227 0.0289028 0.00125931 
9228 9228 0.0292928 0.0012718 
9229 9229 0.0286533 0.00129947 
9230 9230 0.029487 0.00133905 
9231 9231 0.0292685 0.00130887 
9232 9232 0.0320181 0.00130534 
9233 9233 0.0310542 0.00130292 
9234 9234 0.0290298 0.00131479 
9235 9235 0.0319293 0.00139327 
9236 9236 0.0397202 0.00200439 
9237 9237 0.0380788 0.00133907 
9238 9238 0.0339507 0.0013352 
9239 9239 0.029128 0.00129933 
9240 9240 0.0309859 0.00122786 
9241 9241 0.0289926 0.00132739 
9242 9242 0.0298632 0.00142268 
9243 9243 0.0368651 0.00132968 
9244 9244 0.0391475 0.00130469 
9245 9245 0.0285007 0.00119649 
9246 9246 0.0282616 0.00111418 
9247 9247 0.0279933 0.0011095 
9248 9248 0.0291935 0.00128934 
9249 9249 0.0288636 0.00127437 
9250 9250 0.0284866 0.00117091 
9251 9251 0.0290453 0.00118056 
9252 9252 0.0290905 0.00133689 
9253 9253 0.0326594 0.00137683 
9254 9254 0.0337292 0.00138824 
9255 9255 0.0348508 0.00140892 
9256 9256 0.0313013 0.00142005 
9257 9257 0.0295114 0.00146828 
9258 9258 0.0294674 0.00132791 
9259 9259 0.0286717 0.0012164 
9260 9260 0.0293911 0.00125419 
9261 9261 0.0278026 0.0012352 
9262 9262 0.0277552 0.00118216 
9263 9263 0.0276296 0.00115005 
9264 9264 0.0286302 0.00122605 
9265 9265 0.0292484 0.0013616 
9266 9266 0.028913 0.00130993 
9267 9267 0.027623 0.00115558 
9268 9268 0.0276714 0.00110388 
9269 9269 0.0280725 0.00124371 
9270 9270 0.0286987 0.00130867 
9271 9271 0.0278335 0.00122694 
9272 9272 0.0275602 0.00115094 
9273 9273 0.0278928 0.00125962 
9274 9274 0.0300431 0.00132241 
9275 9275 0.0292716 0.00142468 
9276 9276 0.0296608 0.00134386 
9277 9277 0.0295981 0.00129408 
9278 9278 0.0289648 0.00127469 
9279 9279 0.0289708 0.00127138 
9280 9280 0.0290548 0.00130111 
9281 9281 0.0304881 0.00138728 
9282 9282 0.0294991 0.00147797 
9283 9283 0.0293988 0.00148451 
9284 9284 0.0293488 0.00123148 
9285 9285 0.0296192 0.00128497 
9286 9286 0.0300728 0.00126962 
9287 9287 0.0295465 0.00129249 
9288 9288 0.029003 0.00130086 
9289 9289 0.0311974 0.0013258 
9290 9290 0.0324328 0.00132833 
9291 9291 0.033074 0.00168177 
9292 9292 0.0322926 0.00165419 
9293 9293 0.0320111 0.00150883 
9294 9294 0.0306961 0.00136329 
9295 9295 0.0298596 0.00136622 
9296 9296 0.0309023 0.00132023 
9297 9297 0.0303454 0.0013012 
9298 9298 0.0323369 0.00127254 
9299 9299 0.0294682 0.00125689 
9300 9300 0.0338676 0.00126502 
9301 9301 0.0292279 0.00128358 
9302 9302 0.029333 0.00132252 
9303 9303 0.0281957 0.00122029 
9304 9304 0.028264 0.00136265 
9305 9305 0.0293738 0.00133037 
9306 9306 0.0295372 0.00130617 
9307 9307 0.0288722 0.00125579 
9308 9308 0.0344658 0.00132284 
9309 9309 0.0293854 0.00125942 
9310 9310 0.0298609 0.0014074 
9311 9311 0.0352268 0.00155396 
9312 9312 0.0456085 0.00156305 
9313 9313 0.0344648 0.00145252 
9314 9314 0.0304084 0.00135691 
9315 9315 0.0303147 0.00136002 
9316 9316 0.030018 0.00136038 
9317 9317 0.028651 0.00125928 
9318 9318 0.027895 0.00117846 
9319 9319 0.0277092 0.00110901 
9320 9320 0.0275705 0.00112835 
9321 9321 0.0276572 0.00111365 
9322 9322 0.0281861 0.00105964 
9323 9323 0.0293213 0.00114356 
9324 9324 0.0289208 0.00113789 
9325 9325 0.0286474 0.00115532 
9326 9326 0.0287722 0.00110318 
9327 9327 0.0286589 0.00109157 
9328 9328 0.0292334 0.00125076 
9329 9329 0.0287647 0.00120547 
9330 9330 0.0286802 0.00122128 
9331 9331 0.0279938 0.00107594 
9332 9332 0.0333741 0.00129882 
9333 9333 0.0309693 0.00132133 
9334 9334 0.0319455 0.00144956 
9335 9335 0.0295293 0.0013611 
9336 9336 0.0309339 0.00132115 
9337 9337 0.0293222 0.00132704 
9338 9338 0.0299775 0.0013238 
9339 9339 0.0297484 0.00135457 
9340 9340 0.0332415 0.0018293 
9341 9341 0.0338302 0.00143449 
9342 9342 0.0342579 0.00140669 
9343 9343 0.0345077 0.00222565 
9344 9344 0.0335838 0.0014529 
9345 9345 0.0321696 0.00141473 
9346 9346 0.0314905 0.0014059 
9347 9347 0.0317752 0.00139261 
9348 9348 0.0332557 0.00134954 
9349 9349 0.0322399 0.00138326 
9350 9350 0.0311213 0.00160058 
9351 9351 0.0313146 0.00135 
9352 9352 0.0319229 0.00140907 
9353 9353 0.0289793 0.00146406 
9354 9354 0.0298185 0.00132961 
9355 9355 0.030283 0.00136642 
9356 9356 0.0400099 0.00136781 
9357 9357 0.031657 0.00124236 
9358 9358 0.034665 0.0013746 
9359 9359 0.0315814 0.00134564 
9360 9360 0.0289822 0.00128801 
9361 9361 0.029568 0.00119713 
9362 9362 0.0284424 0.00113896 
9363 9363 0.0280221 0.00115372 
9364 9364 0.0296274 0.00135105 
9365 9365 0.0292716 0.00129291 
9366 9366 0.0289491 0.0012089 
9367 9367 0.0290817 0.00124268 
9368 9368 0.029339 0.00122461 
9369 9369 0.0286936 0.00115291 
9370 9370 0.0291474 0.00125528 
9371 9371 0.0307447 0.00131062 
9372 9372 0.0288978 0.00129993 
9373 9373 0.028561 0.00128971 
9374 9374 0.0293102 0.00130897 
9375 9375 0.0295321 0.0013405 
9376 9376 0.0294163 0.0013139 
9377 9377 0.029272 0.00141372 
9378 9378 0.0292469 0.00125688 
9379 9379 0.0292341 0.00128612 
9380 9380 0.0296986 0.00129262 
9381 9381 0.0293229 0.00126923 
9382 9382 0.0295094 0.00126171 
9383 9383 0.0292817 0.00159616 
9384 9384 0.0295062 0.00123919 
9385 9385 0.0291727 0.00131368 
9386 9386 0.029466 0.00125642 
9387 9387 0.0299326 0.00124486 
9388 9388 0.0305235 0.00129857 
9389 9389 0.0297758 0.00129282 
9390 9390 0.0300191 0.00129725 
9391 9391 0.0307421 0.00131514 
9392 9392 0.0298759 0.00131444 
9393 9393 0.0309816 0.00130702 
9394 9394 0.0292989 0.00127234 
9395 9395 0.0297762 0.00126772 
9396 9396 0.0304125 0.00131638 
9397 9397 0.0321831 0.0013415 
9398 9398 0.0295399 0.0012956 
9399 9399 0.0297094 0.00128814 
9400 9400 0.0292382 0.00125916 
9401 9401 0.0287947 0.00115875 
9402 9402 0.0288059 0.00115644 
9403 9403 0.0298038 0.00133289 
9404 9404 0.0292882 0.00127285 
9405 9405 0.0290495 0.00114337 
9406 9406 0.0289835 0.00123322 
9407 9407 0.0287272 0.00111269 
9408 9408 0.0304498 0.00128267 
9409 9409 0.0303503 0.00157776 
9410 9410 0.0312689 0.00132502 
9411 9411 0.0307146 0.00130819 
9412 9412 0.0304718 0.00126383 
9413 9413 0.0299906 0.00118883 
9414 9414 0.0316811 0.0016339 
9415 9415 0.0306882 0.00133226 
9416 9416 0.0291856 0.00117716 
9417 9417 0.0294294 0.00113559 
9418 9418 0.0286642 0.00109048 
9419 9419 0.0285975 0.00103953 
9420 9420 0.0291825 0.00115801 
9421 9421 0.0291614 0.0010733 
9422 9422 0.0290281 0.00102105 
9423 9423 0.0298958 0.00130648 
9424 9424 0.0303619 0.00129388 
9425 9425 0.0285931 0.0013196 
9426 9426 0.0284774 0.00122411 
9427 9427 0.0281026 0.00118812 
9428 9428 0.0285167 0.00125184 
9429 9429 0.0282708 0.00115507 
9430 9430 0.0296909 0.00136647 
9431 9431 0.0297146 0.00129554 
9432 9432 0.0292541 0.00128304 
9433 9433 0.0290081 0.00128015 
9434 9434 0.0290666 0.00112491 
9435 9435 0.029092 0.00113894 
9436 9436 0.0294521 0.00130946 
9437 9437 0.0292604 0.00124033 
9438 9438 0.0297734 0.00125194 
9439 9439 0.0294722 0.00116275 
9440 9440 0.0290679 0.00117888 
9441 9441 0.0294758 0.00124638 
9442 9442 0.0289557 0.00111059 
9443 9443 0.0294673 0.00107372 
9444 9444 0.0285535 0.00099322 
9445 9445 0.0287302 0.00103788 
9446 9446 0.0288885 0.00105951 
9447 9447 0.0278187 0.000964472 
9448 9448 0.0300177 0.0014068 
9449 9449 0.0294469 0.00135768 
9450 9450 0.0295703 0.00117306 
9451 9451 0.0291811 0.00111681 
9452 9452 0.0288889 0.00106333 
9453 9453 0.0296217 0.00117195 
9454 9454 0.0329476 0.00150291 
9455 9455 0.0350518 0.00140773 
9456 9456 0.0312557 0.00140551 
9457 9457 0.0296725 0.0013705 
9458 9458 0.0296313 0.0014193 
9459 9459 0.0299359 0.00137954 
9460 9460 0.0312446 0.0013835 
9461 9461 0.0287801 0.00130268 
9462 9462 0.0289785 0.00135315 
9463 9463 0.0307838 0.00141301 
9464 9464 0.029871 0.00137356 
9465 9465 0.0298765 0.00136648 
9466 9466 0.029449 0.00133128 
9467 9467 0.0302414 0.00125709 
9468 9468 0.0310974 0.00204387 
9469 9469 0.0364235 0.00146878 
9470 9470 0.0325679 0.00136391 
9471 9471 0.0284778 0.00125941 
9472 9472 0.0284773 0.00127711 
9473 9473 0.0292376 0.00133087 
9474 9474 0.0292518 0.00135798 
9475 9475 0.0296007 0.00138363 
9476 9476 0.0293456 0.0013313 
9477 9477 0.0285201 0.00125691 
9478 9478 0.0284809 0.0012347 
9479 9479 0.0301212 0.0013745 
9480 9480 0.0322471 0.00156643 
9481 9481 0.0298533 0.00137673 
9482 9482 0.0301514 0.00134505 
9483 9483 0.0294056 0.00126921 
9484 9484 0.029279 0.00139238 
9485 9485 0.0297246 0.00138897 
9486 9486 0.0297078 0.001391 
9487 9487 0.0288062 0.00129923 
9488 9488 0.0296694 0.001452 
9489 9489 0.0309998 0.00141486 
9490 9490 0.0305381 0.00141253 
9491 9491 0.037763 0.00168057 
9492 9492 0.0301882 0.00130823 
9493 9493 0.0290555 0.001315 
9494 9494 0.0296577 0.00142951 
9495 9495 0.0296845 0.00132205 
9496 9496 0.0287035 0.00123498 
9497 9497 0.0287084 0.0012512 
9498 9498 0.0293033 0.00163872 
9499 9499 0.0390308 0.0013983 
9500 9500 0.0296465 0.0013381 
9501 9501 0.0291595 0.00130979 
9502 9502 0.0285954 0.00121014 
9503 9503 0.0284509 0.00116065 
9504 9504 0.0289949 0.00125562 
9505 9505 0.0299306 0.00125162 
9506 9506 0.0290263 0.00114487 
9507 9507 0.0295719 0.00114198 
9508 9508 0.0291257 0.0011976 
9509 9509 0.0290208 0.00107252 
9510 9510 0.0306076 0.00130871 
9511 9511 0.0297435 0.00123884 
9512 9512 0.0295933 0.00118901 
9513 9513 0.0290725 0.00112001 
9514 9514 0.0291032 0.00104622 
9515 9515 0.0303123 0.00120689 
9516 9516 0.0303419 0.00140483 
9517 9517 0.0304166 0.00114523 
9518 9518 0.0295836 0.00106568 
9519 9519 0.0289937 0.000996713 
9520 9520 0.0289513 0.00122092 
9521 9521 0.0298531 0.00128195 
9522 9522 0.028795 0.00121152 
9523 9523 0.0285022 0.00115691 
9524 9524 0.0284705 0.00340386 
9525 9525 0.0342159 0.00129636 
9526 9526 0.0311324 0.00134431 
9527 9527 0.0301156 0.0013284 
9528 9528 0.028522 0.00120181 
9529 9529 0.028924 0.00116118 
9530 9530 0.0285894 0.00109852 
9531 9531 0.0280183 0.00103718 
9532 9532 0.0290988 0.00138452 
9533 9533 0.0297365 0.00133906 
9534 9534 0.0286285 0.00118708 
9535 9535 0.0284209 0.00113141 
9536 9536 0.0285326 0.00115216 
9537 9537 0.0290832 0.0011567 
9538 9538 0.0287444 0.00121255 
9539 9539 0.0286172 0.0011817 
9540 9540 0.028552 0.00108651 
9541 9541 0.030193 0.00126945 
9542 9542 0.0284993 0.00117309 
9543 9543 0.0301874 0.00130909 
9544 9544 0.0297488 0.0012751 
9545 9545 0.028355 0.00118362 
9546 9546 0.0283704 0.00118637 
9547 9547 0.0284009 0.00114339 
9548 9548 0.0281628 0.0011262 
9549 9549 0.0298228 0.00133919 
9550 9550 0.0298864 0.00129535 
9551 9551 0.0304095 0.00118976 
9552 9552 0.0290934 0.00110951 
9553 9553 0.0311065 0.00148153 
9554 9554 0.0324211 0.00133779 
9555 9555 0.0310614 0.00129103 
9556 9556 0.0321778 0.00186727 
9557 9557 0.0376137 0.00142501 
9558 9558 0.0328752 0.00139827 
9559 9559 0.0327477 0.00136296 
9560 9560 0.0297156 0.00125413 
9561 9561 0.0298549 0.00113109 
9562 9562 0.029259 0.00106634 
9563 9563 0.0291267 0.00100563 
9564 9564 0.0305424 0.00148785 
9565 9565 0.0298012 0.00134562 
9566 9566 0.0292169 0.00132844 
9567 9567 0.0289597 0.00114754 
9568 9568 0.0289095 0.00117578 
9569 9569 0.0289049 0.00118252 
9570 9570 0.0289977 0.00130354 
9571 9571 0.0287877 0.00114396 
9572 9572 0.0287639 0.001099 
9573 9573 0.0290087 0.00135135 
9574 9574 0.0291795 0.00127802 
9575 9575 0.0297522 0.00120936 
9576 9576 0.0300187 0.00122641 
9577 9577 0.0291267 0.00120204 
9578 9578 0.0287073 0.00112186 
9579 9579 0.0288546 0.00107675 
9580 9580 0.028247 0.00110087 
9581 9581 0.0288687 0.00145536 
9582 9582 0.0300733 0.000977325 
9583 9583 0.0297564 0.00123655 
9584 9584 0.0287964 0.00116508 
9585 9585 0.0292034 0.00124525 
9586 9586 0.0297072 0.00126275 
9587 9587 0.030319 0.00122138 
9588 9588 0.0292757 0.00113947 
9589 9589 0.0293283 0.00133457 
9590 9590 0.043574 0.0014452 
9591 9591 0.0307791 0.00131053 
9592 9592 0.0303872 0.00129397 
9593 9593 0.0302749 0.00122368 
9594 9594 0.0320866 0.00150498 
9595 9595 0.0301552 0.00111338 
9596 9596 0.0299461 0.00141616 
9597 9597 0.0303439 0.00140473 
9598 9598 0.0292768 0.00122458 
9599 9599 0.0285407 0.00117256 
9600 9600 0.0299592 0.00129937 
9601 9601 0.0300053 0.00128068 
9602 9602 0.0302929 0.00155162 
9603 9603 0.0309745 0.00112989 
9604 9604 0.0293701 0.00099576 
9605 9605 0.0293905 0.00118276 
9606 9606 0.0303969 0.00136244 
9607 9607 0.0295745 0.00120249 
9608 9608 0.0294894 0.00116517 
9609 9609 0.029874 0.00167894 
9610 9610 0.0293139 0.00114856 
9611 9611 0.0286009 0.00109757 
9612 9612 0.0295324 0.00118651 
9613 9613 0.0295891 0.00121667 
9614 9614 0.0291747 0.00113631 
9615 9615 0.028664 0.00109356 
9616 9616 0.0294243 0.00131927 
9617 9617 0.030256 0.00139294 
9618 9618 0.0343541 0.00139781 
9619 9619 0.0301002 0.00133408 
9620 9620 0.0325431 0.00135727 
9621 9621 0.0372833 0.00141788 
9622 9622 0.0309558 0.00128452 
9623 9623 0.0335593 0.00137832 
9624 9624 0.0309024 0.00135621 
9625 9625 0.0297457 0.00131697 
9626 9626 0.0299485 0.00128163 
9627 9627 0.0301094 0.00127236 
9628 9628 0.0312509 0.00171926 
9629 9629 0.0323883 0.00137513 
9630 9630 0.0292842 0.00127242 
9631 9631 0.028981 0.0012401 
9632 9632 0.028908 0.00132479 
9633 9633 0.0296934 0.00129644 
9634 9634 0.0294273 0.00123349 
9635 9635 0.0289935 0.0011749 
9636 9636 0.0287453 0.00116871 
9637 9637 0.030037 0.00130634 
9638 9638 0.0295022 0.00129371 
9639 9639 0.0290426 0.00117424 
9640 9640 0.0287626 0.00115263 
9641 9641 0.0295005 0.00117803 
9642 9642 0.0289461 0.00106278 
9643 9643 0.0291845 0.0010362 
9644 9644 0.0292234 0.00106015 
9645 9645 0.029394 0.00111416 
9646 9646 0.029311 0.00103187 
9647 9647 0.029638 0.00107146 
9648 9648 0.0290797 0.000982794 
9649 9649 0.029654 0.00135547 
9650 9650 0.0313859 0.00136375 
9651 9651 0.0304744 0.00140409 
9652 9652 0.0302538 0.00144824 
9653 9653 0.0319519 0.00134987 
9654 9654 0.0332689 0.00156072 
9655 9655 0.0306024 0.00133384 
9656 9656 0.0298946 0.00118666 
9657 9657 0.0300095 0.00134049 
9658 9658 0.0297507 0.00102344 
9659 9659 0.0295909 0.00108604 
9660 9660 0.0305797 0.00118766 
9661 9661 0.0308903 0.00136973 
9662 9662 0.0295617 0.00123234 
9663 9663 0.0286663 0.00110898 
9664 9664 0.0296705 0.00116576 
9665 9665 0.0294753 0.00124973 
9666 9666 0.0309716 0.00180448 
9667 9667 0.0308063 0.00149131 
9668 9668 0.0319237 0.00183333 
9669 9669 0.0336766 0.00142786 
9670 9670 0.0296587 0.00136451 
9671 9671 0.0295671 0.00136188 
9672 9672 0.0293203 0.00132657 
9673 9673 0.0292596 0.00130462 
9674 9674 0.0295199 0.00142644 
9675 9675 0.0297547 0.00137527 
9676 9676 0.0310937 0.00142377 
9677 9677 0.0297866 0.00135859 
9678 9678 0.0294483 0.00134378 
9679 9679 0.029422 0.00145828 
9680 9680 0.0298598 0.00136959 
9681 9681 0.0324079 0.00169294 
9682 9682 0.0328869 0.00150136 
9683 9683 0.032586 0.00141088 
9684 9684 0.034226 0.00139958 
9685 9685 0.031877 0.00137592 
9686 9686 0.0342559 0.00142564 
9687 9687 0.0356326 0.00137476 
9688 9688 0.0305189 0.00136375 
9689 9689 0.0302537 0.00133721 
9690 9690 0.0296491 0.00137819 
9691 9691 0.0299498 0.0013878 
9692 9692 0.0385987 0.00140072 
9693 9693 0.0366981 0.00147975 
9694 9694 0.0309112 0.00132515 
9695 9695 0.0301593 0.00135882 
9696 9696 0.0303874 0.00135494 
9697 9697 0.0307062 0.00135963 
9698 9698 0.0322033 0.00153146 
9699 9699 0.0305716 0.00132272 
9700 9700 0.0318342 0.00136484 
9701 9701 0.0306931 0.00136691 
9702 9702 0.0302697 0.00128809 
9703 9703 0.0300554 0.0012766 
9704 9704 0.0302473 0.00129151 
9705 9705 0.0313015 0.00159141 
9706 9706 0.0322029 0.00136945 
9707 9707 0.0309996 0.00138144 
9708 9708 0.0306947 0.00132296 
9709 9709 0.0304808 0.00132325 
9710 9710 0.0301511 0.00134646 
9711 9711 0.0306878 0.00137766 
9712 9712 0.0343157 0.00137218 
9713 9713 0.0303153 0.00132347 
9714 9714 0.0322156 0.00136073 
9715 9715 0.0308565 0.00135248 
9716 9716 0.030341 0.00137084 
9717 9717 0.0309824 0.00141329 
9718 9718 0.0306125 0.00136684 
9719 9719 0.0304097 0.00135173 
9720 9720 0.0303474 0.00141015 
9721 9721 0.0308221 0.00146159 
9722 9722 0.0333072 0.00188875 
9723 9723 0.0324559 0.00138132 
9724 9724 0.0296778 0.00135671 
9725 9725 0.0295712 0.00133714 
9726 9726 0.0307413 0.00138358 
9727 9727 0.033143 0.00137182 
9728 9728 0.0306628 0.00134758 
9729 9729 0.0305479 0.00136167 
9730 9730 0.0302572 0.00140945 
9731 9731 0.0331549 0.00137127 
9732 9732 0.0311654 0.00135353 
9733 9733 0.0310215 0.00126091 
9734 9734 0.0302089 0.00130951 
9735 9735 0.0302327 0.00129459 
9736 9736 0.0308096 0.00134428 
9737 9737 0.0296269 0.00135098 
9738 9738 0.0300394 0.00137723 
9739 9739 0.0308644 0.00183449 
9740 9740 0.0335042 0.00147854 
9741 9741 0.0311315 0.00139593 
9742 9742 0.0309987 0.00139599 
9743 9743 0.0318158 0.00137203 
9744 9744 0.0318178 0.00140939 
9745 9745 0.0301765 0.00132371 
9746 9746 0.0311853 0.00131882 
9747 9747 0.0309383 0.0013903 
9748 9748 0.0304875 0.00142286 
9749 9749 0.0312409 0.00145135 
9750 9750 0.03083 0.00163363 
9751 9751 0.030692 0.00137006 
9752 9752 0.0305118 0.00138615 
9753 9753 0.0313518 0.00156519 
9754 9754 0.0345109 0.00145203 
9755 9755 0.030642 0.0013254 
9756 9756 0.0303847 0.00134951 
9757 9757 0.0305102 0.00137241 
9758 9758 0.0307467 0.00136282 
9759 9759 0.0306554 0.00137046 
9760 9760 0.0305279 0.00136479 
9761 9761 0.0305215 0.0013612 
9762 9762 0.030592 0.00166215 
9763 9763 0.0318118 0.00138355 
9764 9764 0.0305236 0.00134195 
9765 9765 0.0302308 0.00131704 
9766 9766 0.0304199 0.00143154 
9767 9767 0.0305742 0.00147836 
9768 9768 0.0310043 0.00140121 
9769 9769 0.030606 0.00139776 
9770 9770 0.0323232 0.00140369 
9771 9771 0.0311121 0.00136988 
9772 9772 0.0307691 0.00133921 
9773 9773 0.0369359 0.00150177 
9774 9774 0.035023 0.00153109 
9775 9775 0.0336771 0.00216846 
9776 9776 0.04036 0.00175988 
9777 9777 0.0351772 0.00154449 
9778 9778 0.0330607 0.00150126 
9779 9779 0.0351385 0.00152181 
9780 9780 0.0363255 0.00158481 
9781 9781 0.0330562 0.00150559 
9782 9782 0.035154 0.00145417 
9783 9783 0.0335576 0.00142899 
9784 9784 0.0326178 0.00147992 
9785 9785 0.0314516 0.00158402 
9786 9786 0.0322734 0.00147369 
9787 9787 0.0299963 0.00138625 
9788 9788 0.0307084 0.00139826 
9789 9789 0.0302262 0.00131676 
9790 9790 0.03113 0.00162827 
9791 9791 0.0324291 0.00149757 
9792 9792 0.0312529 0.00142523 
9793 9793 0.0308139 0.00141056 
9794 9794 0.0305311 0.00142245 
9795 9795 0.0312014 0.00144954 
9796 9796 0.0308813 0.00145398 
9797 9797 0.0304444 0.00138742 
9798 9798 0.030564 0.00132748 
9799 9799 0.0304311 0.00131963 
9800 9800 0.0309691 0.00151099 
9801 9801 0.0309049 0.00146972 
9802 9802 0.0307174 0.00144145 
9803 9803 0.03034 0.00148141 
9804 9804 0.03086 0.00180482 
9805 9805 0.0324443 0.00156275 
9806 9806 0.0316908 0.00147654 
9807 9807 0.0301647 0.00136119 
9808 9808 0.0301714 0.0013159 
9809 9809 0.0430719 0.00139612 
9810 9810 0.0409781 0.00148647 
9811 9811 0.0320709 0.00145665 
9812 9812 0.030851 0.00144691 
9813 9813 0.0309517 0.00147054 
9814 9814 0.0330166 0.00171546 
9815 9815 0.031244 0.00148999 
9816 9816 0.0319291 0.00153277 
9817 9817 0.0321297 0.00148638 
9818 9818 0.0307383 0.00146145 
9819 9819 0.030675 0.00143757 
9820 9820 0.0337471 0.00150003 
9821 9821 0.0352969 0.00143922 
9822 9822 0.0329905 0.00144362 
9823 9823 0.0314802 0.00141888 
9824 9824 0.0425933 0.00257261 
9825 9825 0.0353239 0.00149976 
9826 9826 0.0328423 0.00159281 
9827 9827 0.0322616 0.00143742 
9828 9828 0.0306511 0.00139786 
9829 9829 0.029961 0.0013999 
9830 9830 0.031021 0.00143297 
9831 9831 0.0311849 0.00144838 
9832 9832 0.0311032 0.00141491 
9833 9833 0.0312452 0.0015298 
9834 9834 0.0315053 0.00141877 
9835 9835 0.0323934 0.00144233 
9836 9836 0.0339127 0.00148814 
9837 9837 0.0310676 0.00144488 
9838 9838 0.0321656 0.00151382 
9839 9839 0.0318118 0.0014234 
9840 9840 0.0310315 0.00145228 
9841 9841 0.0327867 0.00153671 
9842 9842 0.0322728 0.00153441 
9843 9843 0.0331576 0.00146018 
9844 9844 0.0330996 0.00148562 
9845 9845 0.0323594 0.00147129 
9846 9846 0.0321644 0.00159397 
9847 9847 0.0346197 0.00180222 
9848 9848 0.0574808 0.00244136 
9849 9849 0.0550986 0.00165532 
9850 9850 0.035341 0.00153663 
9851 9851 0.0317876 0.00149097 
9852 9852 0.0324313 0.00147382 
9853 9853 0.032065 0.00144694 
9854 9854 0.0314241 0.00144286 
9855 9855 0.0318312 0.00153792 
9856 9856 0.0339991 0.00177242 
9857 9857 0.0322013 0.0014651 
9858 9858 0.0299745 0.00135606 
9859 9859 0.0327121 0.00145453 
9860 9860 0.0322015 0.0014775 
9861 9861 0.0307525 0.00144983 
9862 9862 0.0310395 0.00140824 
9863 9863 0.0322638 0.00142851 
9864 9864 0.0317445 0.00143505 
9865 9865 0.031613 0.00160834 
9866 9866 0.0435498 0.00173104 
9867 9867 0.035629 0.00136904 
9868 9868 0.0305167 0.00130655 
9869 9869 0.0308719 0.00146384 
9870 9870 0.0309466 0.00144916 
9871 9871 0.0322006 0.00141816 
9872 9872 0.0306164 0.00137381 
9873 9873 0.0307282 0.00130426 
9874 9874 0.0312828 0.00155 
9875 9875 0.0314145 0.0014689 
9876 9876 0.03091 0.00145647 
9877 9877 0.0312591 0.00136278 
9878 9878 0.0307436 0.00139328 
9879 9879 0.0306462 0.0014111 
9880 9880 0.032153 0.00147375 
9881 9881 0.0311439 0.00143432 
9882 9882 0.0302991 0.00140884 
9883 9883 0.0302191 0.0013394 
9884 9884 0.0301467 0.00137281 
9885 9885 0.030653 0.00150016 
9886 9886 0.0315973 0.00145836 
9887 9887 0.0308355 0.00141521 
9888 9888 0.0301041 0.00136819 
9889 9889 0.0299288 0.00131918 
9890 9890 0.0316178 0.00160833 
9891 9891 0.0317283 0.00158869 
9892 9892 0.0319153 0.00143511 
9893 9893 0.0305296 0.00137825 
9894 9894 0.0300602 0.00143197 
9895 9895 0.0311916 0.00164553 
9896 9896 0.0310982 0.00151513 
9897 9897 0.0328369 0.00142247 
9898 9898 0.0309758 0.00135009 
9899 9899 0.0306949 0.00133815 
9900 9900 0.0310224 0.00144277 
9901 9901 0.0314141 0.00146392 
9902 9902 0.038697 0.00142919 
9903 9903 0.0303633 0.00135363 
9904 9904 0.0307653 0.00137348 
9905 9905 0.0309678 0.00146284 
9906 9906 0.0312188 0.00147132 
9907 9907 0.0315011 0.00147902 
9908 9908 0.0306567 0.00138484 
9909 9909 0.0304417 0.0013117 
9910 9910 0.030364 0.00142818 
9911 9911 0.0313911 0.00150047 
9912 9912 0.0311365 0.00146617 
9913 9913 0.0306747 0.00138535 
9914 9914 0.030984 0.00130544 
9915 9915 0.0306762 0.00132555 
9916 9916 0.0301928 0.00140687 
9917 9917 0.0313284 0.00147602 
9918 9918 0.0321821 0.00145992 
9919 9919 0.0302769 0.00139002 
9920 9920 0.0311375 0.00142367 
9921 9921 0.0335131 0.00152257 
9922 9922 0.0313827 0.00145111 
9923 9923 0.0323129 0.00142697 
9924 9924 0.0320209 0.00144157 
9925 9925 0.0315684 0.00139178 
9926 9926 0.0313337 0.00147222 
9927 9927 0.0347025 0.00174848 
9928 9928 0.0319855 0.00143213 
9929 9929 0.0309605 0.00135585 
9930 9930 0.0301158 0.00135884 
9931 9931 0.0305996 0.00135221 
9932 9932 0.0302639 0.00136554 
9933 9933 0.032384 0.00145009 
9934 9934 0.0314308 0.00127625 
9935 9935 0.0316575 0.00140962 
9936 9936 0.0314141 0.00135374 
9937 9937 0.0313621 0.00145367 
9938 9938 0.0314232 0.0012897 
9939 9939 0.0312769 0.00125925 
9940 9940 0.0308944 0.00120118 
9941 9941 0.0311536 0.00117326 
9942 9942 0.030584 0.00110487 
9943 9943 0.0303085 0.00102651 
9944 9944 0.0301808 0.00104668 
9945 9945 0.031458 0.0011729 
9946 9946 0.0326115 0.00113113 
9947 9947 0.0305744 0.00107419 
9948 9948 0.0316603 0.00121538 
9949 9949 0.0319834 0.00131464 
9950 9950 0.0338451 0.00144783 
9951 9951 0.0316586 0.00131437 
9952 9952 0.0312556 0.00142477 
9953 9953 0.0303452 0.00161254 
9954 9954 0.0315982 0.00137213 
9955 9955 0.0302981 0.0012473 
9956 9956 0.030687 0.00136044 
9957 9957 0.0337314 0.00139558 
9958 9958 0.0335759 0.00157041 
9959 9959 0.0306216 0.0012635 
9960 9960 0.0304875 0.00138021 
9961 9961 0.0297357 0.00114395 
9962 9962 0.0310497 0.00119898 
9963 9963 0.0315827 0.00139026 
9964 9964 0.0380027 0.00140377 
9965 9965 0.0356353 0.00176414 
9966 9966 0.035473 0.00138081 
9967 9967 0.0319506 0.00140749 
9968 9968 0.0324049 0.00133089 
9969 9969 0.0316233 0.00113101 
9970 9970 0.0308264 0.0011394 
9971 9971 0.0314856 0.00115397 
9972 9972 0.0304804 0.00110261 
9973 9973 0.0309733 0.00120272 
9974 9974 0.0310631 0.0011351 
9975 9975 0.0313044 0.00129064 
9976 9976 0.0376118 0.00139824 
9977 9977 0.03051 0.00129815 
9978 9978 0.0320094 0.00141708 
9979 9979 0.0335125 0.00131683 
9980 9980 0.0339196 0.00148108 
9981 9981 0.0311118 0.00142284 
9982 9982 0.0310431 0.00144336 
9983 9983 0.0308613 0.00142707 
9984 9984 0.0337301 0.00141369 
9985 9985 0.0337213 0.00156379 
9986 9986 0.0315011 0.00140544 
9987 9987 0.0311079 0.00125148 
9988 9988 0.0322558 0.00153321 
9989 9989 0.0316854 0.00137881 
9990 9990 0.0303715 0.00125649 
9991 9991 0.0300795 0.00121229 
9992 9992 0.0308534 0.00114872 
9993 9993 0.0306465 0.00148333 
9994 9994 0.0310012 0.00140912 
9995 9995 0.030966 0.0014419 
9996 9996 0.0315617 0.00131386 
9997 9997 0.0310327 0.00141967 
9998 9998 0.0310997 0.00142565 
9999 9999 0.0302661 0.0015211 
